일자,종가,대비,등락률,시가,고가,저가,거래량,거래량_정규시장,거래량_애프터마켓,거래대금,거래대금_정규시장,거래대금_애프터마켓,시가총액,상장주식수
2016-01-04,24100,-1100,-4.37,25200,25200,24100,306939,306939,0,3.75E+11,3.75E+11,0,1.77E+14,147299337
2016-01-05,24160,60,0.25,24040,24360,23720,216002,216002,0,2.61E+11,2.61E+11,0,1.78E+14,147299337
2016-01-06,23500,-660,-2.73,24160,24160,23360,366752,366752,0,4.34E+11,4.34E+11,0,1.73E+14,147299337
2016-01-07,23260,-240,-1.02,23320,23660,23020,282388,282388,0,3.29E+11,3.29E+11,0,1.71E+14,147299337
2016-01-08,23420,160,0.69,23260,23720,23260,257763,257763,0,3.02E+11,3.02E+11,0,1.72E+14,147299337
2016-01-11,23040,-380,-1.62,23120,23320,22920,241277,241277,0,2.79E+11,2.79E+11,0,1.70E+14,147299337
2016-01-12,22920,-120,-0.52,22960,23320,22880,206283,206283,0,2.38E+11,2.38E+11,0,1.69E+14,147299337
2016-01-13,22960,40,0.17,23060,23180,22960,143316,143316,0,1.65E+11,1.65E+11,0,1.69E+14,147299337
2016-01-14,22760,-200,-0.87,22620,22840,22620,209022,209022,0,2.37E+11,2.37E+11,0,1.68E+14,147299337
2016-01-15,22640,-120,-0.53,22800,23040,22480,209464,209464,0,2.38E+11,2.38E+11,0,1.67E+14,147299337
2016-01-18,22520,-120,-0.53,21760,22660,21760,320214,320214,0,3.57E+11,3.57E+11,0,1.66E+14,147299337
2016-01-19,23420,900,4,22560,23420,22560,207242,207242,0,2.39E+11,2.39E+11,0,1.72E+14,147299337
2016-01-20,22760,-660,-2.82,23200,23200,22640,167052,167052,0,1.91E+11,1.91E+11,0,1.68E+14,147299337
2016-01-21,22620,-140,-0.62,22660,23100,22500,190352,190352,0,2.17E+11,2.17E+11,0,1.67E+14,147299337
2016-01-22,23360,740,3.27,22900,23360,22900,147528,147528,0,1.71E+11,1.71E+11,0,1.72E+14,147299337
2016-01-25,23240,-120,-0.51,23440,23520,23120,159913,159913,0,1.86E+11,1.86E+11,0,1.71E+14,147299337
2016-01-26,22740,-500,-2.15,23100,23140,22720,152399,152399,0,1.74E+11,1.74E+11,0,1.67E+14,147299337
2016-01-27,23500,760,3.34,22520,23500,22520,276237,276237,0,3.19E+11,3.19E+11,0,1.73E+14,147299337
2016-01-28,22900,-600,-2.55,23280,23360,22780,315912,315912,0,3.62E+11,3.62E+11,0,1.69E+14,147299337
2016-01-29,23000,100,0.44,22800,23000,22320,436983,436983,0,4.96E+11,4.96E+11,0,1.67E+14,145069337
2016-02-01,23260,260,1.13,23040,23260,23020,259979,259979,0,3.01E+11,3.01E+11,0,1.69E+14,145069337
2016-02-02,23120,-140,-0.6,23220,23320,22940,166348,166348,0,1.93E+11,1.93E+11,0,1.68E+14,145069337
2016-02-03,22920,-200,-0.87,23000,23040,22740,174507,174507,0,2.00E+11,2.00E+11,0,1.66E+14,145069337
2016-02-04,23120,200,0.87,23000,23220,22960,247959,247959,0,2.87E+11,2.87E+11,0,1.68E+14,145069337
2016-02-05,23280,160,0.69,23120,23380,23120,188094,188094,0,2.19E+11,2.19E+11,0,1.69E+14,145069337
2016-02-11,22600,-680,-2.92,22360,22740,22360,305262,305262,0,3.44E+11,3.44E+11,0,1.64E+14,145069337
2016-02-12,22600,0,0,22600,23020,22440,256232,256232,0,2.92E+11,2.92E+11,0,1.64E+14,145069337
2016-02-15,23080,480,2.12,23080,23200,22880,183146,183146,0,2.11E+11,2.11E+11,0,1.67E+14,145069337
2016-02-16,23360,280,1.21,23160,23580,23140,180401,180401,0,2.11E+11,2.11E+11,0,1.69E+14,145069337
2016-02-17,23700,340,1.46,23580,24020,23380,246062,246062,0,2.91E+11,2.91E+11,0,1.72E+14,145069337
2016-02-18,23740,40,0.17,24060,24060,23560,222481,222481,0,2.65E+11,2.65E+11,0,1.72E+14,145069337
2016-02-19,23800,60,0.25,23740,23900,23480,176852,176852,0,2.09E+11,2.09E+11,0,1.73E+14,145069337
2016-02-22,23500,-300,-1.26,23800,23840,23320,174899,174899,0,2.06E+11,2.06E+11,0,1.70E+14,145069337
2016-02-23,23620,120,0.51,23580,23780,23460,147674,147674,0,1.74E+11,1.74E+11,0,1.71E+14,145069337
2016-02-24,23440,-180,-0.76,23560,23580,23220,140484,140484,0,1.65E+11,1.65E+11,0,1.70E+14,145069337
2016-02-25,23580,140,0.6,23440,23740,23440,133635,133635,0,1.58E+11,1.58E+11,0,1.71E+14,145069337
2016-02-26,23440,-140,-0.59,23600,23740,23440,177344,177344,0,2.09E+11,2.09E+11,0,1.70E+14,145069337
2016-02-29,23560,120,0.51,23580,23880,23520,288680,288680,0,3.42E+11,3.42E+11,0,1.71E+14,145069337
2016-03-02,23940,380,1.61,24000,24140,23920,236372,236372,0,2.84E+11,2.84E+11,0,1.74E+14,145069337
2016-03-03,24400,460,1.92,24260,24400,24040,218991,218991,0,2.65E+11,2.65E+11,0,1.77E+14,145069337
2016-03-04,24300,-100,-0.41,24400,24560,24040,201490,201490,0,2.46E+11,2.46E+11,0,1.76E+14,145069337
2016-03-07,24460,160,0.66,24400,24620,24300,131376,131376,0,1.60E+11,1.60E+11,0,1.77E+14,145069337
2016-03-08,23840,-620,-2.53,24460,24480,23720,216202,216202,0,2.60E+11,2.60E+11,0,1.73E+14,145069337
2016-03-09,23880,40,0.17,23760,23980,23540,183380,183380,0,2.18E+11,2.18E+11,0,1.73E+14,145069337
2016-03-10,24500,620,2.6,24160,24720,24020,283540,283540,0,3.47E+11,3.47E+11,0,1.78E+14,145069337
2016-03-11,24980,480,1.96,24500,25060,24320,267225,267225,0,3.32E+11,3.32E+11,0,1.81E+14,145069337
2016-03-14,25100,120,0.48,25340,25460,24980,217154,217154,0,2.74E+11,2.74E+11,0,1.82E+14,145069337
2016-03-15,25060,-40,-0.16,25100,25280,24920,172808,172808,0,2.17E+11,2.17E+11,0,1.82E+14,145069337
2016-03-16,25120,60,0.24,25120,25260,25060,146856,146856,0,1.85E+11,1.85E+11,0,1.82E+14,145069337
2016-03-17,25260,140,0.56,25300,25920,25140,246869,246869,0,3.15E+11,3.15E+11,0,1.83E+14,145069337
2016-03-18,25460,200,0.79,25560,25560,25260,225314,225314,0,2.86E+11,2.86E+11,0,1.85E+14,145069337
2016-03-21,25340,-120,-0.47,25480,25580,25160,181170,181170,0,2.30E+11,2.30E+11,0,1.84E+14,145069337
2016-03-22,25380,40,0.16,25340,25580,25240,202872,202872,0,2.57E+11,2.57E+11,0,1.84E+14,145069337
2016-03-23,25580,200,0.79,25380,25580,25240,197418,197418,0,2.51E+11,2.51E+11,0,1.86E+14,145069337
2016-03-24,25640,60,0.23,25580,25800,25320,218795,218795,0,2.80E+11,2.80E+11,0,1.86E+14,145069337
2016-03-25,25760,120,0.47,25660,25800,25560,143446,143446,0,1.85E+11,1.85E+11,0,1.87E+14,145069337
2016-03-28,25880,120,0.47,25760,26000,25760,121218,121218,0,1.57E+11,1.57E+11,0,1.88E+14,145069337
2016-03-29,25800,-80,-0.31,25880,26000,25700,172454,172454,0,2.23E+11,2.23E+11,0,1.87E+14,145069337
2016-03-30,26160,360,1.4,26200,26420,26040,267605,267605,0,3.51E+11,3.51E+11,0,1.90E+14,145069337
2016-03-31,26240,80,0.31,26120,26280,25960,382615,382615,0,5.00E+11,5.00E+11,0,1.90E+14,145069337
2016-04-01,25580,-660,-2.52,25980,26180,25420,271156,271156,0,3.50E+11,3.50E+11,0,1.86E+14,145069337
2016-04-04,26100,520,2.03,25580,26100,25580,188046,188046,0,2.44E+11,2.44E+11,0,1.89E+14,145069337
2016-04-05,25200,-900,-3.45,25980,25980,25200,236319,236319,0,3.01E+11,3.01E+11,0,1.83E+14,145069337
2016-04-06,25700,500,1.98,25380,25820,25360,184234,184234,0,2.36E+11,2.36E+11,0,1.86E+14,145069337
2016-04-07,25380,-320,-1.25,26000,26000,25160,258795,258795,0,3.30E+11,3.30E+11,0,1.84E+14,145069337
2016-04-08,24920,-460,-1.81,25380,25380,24800,251868,251868,0,3.15E+11,3.15E+11,0,1.81E+14,145069337
2016-04-11,25320,400,1.61,24920,25420,24920,120693,120693,0,1.52E+11,1.52E+11,0,1.84E+14,145069337
2016-04-12,25500,180,0.71,25400,25620,25320,134054,134054,0,1.71E+11,1.71E+11,0,1.85E+14,145069337
2016-04-14,26000,500,1.96,26000,26040,25780,335327,335327,0,4.35E+11,4.35E+11,0,1.89E+14,145069337
2016-04-15,26000,0,0,26180,26200,25800,136599,136599,0,1.77E+11,1.77E+11,0,1.89E+14,145069337
2016-04-18,25980,-20,-0.08,25900,26100,25840,128474,128474,0,1.67E+11,1.67E+11,0,1.88E+14,145069337
2016-04-19,25760,-220,-0.85,25880,25920,25660,144766,144766,0,1.87E+11,1.87E+11,0,1.87E+14,145069337
2016-04-20,25980,220,0.85,25640,26000,25640,171972,171972,0,2.23E+11,2.23E+11,0,1.88E+14,145069337
2016-04-21,25880,-100,-0.38,26000,26020,25760,145089,145089,0,1.88E+11,1.88E+11,0,1.88E+14,145069337
2016-04-22,25600,-280,-1.08,25880,25880,25540,114830,114830,0,1.47E+11,1.47E+11,0,1.86E+14,145069337
2016-04-25,25620,20,0.08,25700,25700,25420,91957,91957,0,1.18E+11,1.18E+11,0,1.86E+14,145069337
2016-04-26,25920,300,1.17,25700,26100,25660,166901,166901,0,2.17E+11,2.17E+11,0,1.88E+14,145069337
2016-04-27,26000,80,0.31,25880,26000,25720,165946,165946,0,2.15E+11,2.15E+11,0,1.89E+14,145069337
2016-04-28,25300,-700,-2.69,26000,26000,25220,293069,293069,0,3.73E+11,3.73E+11,0,1.84E+14,145069337
2016-04-29,24900,-400,-1.58,25200,25340,24840,325078,325078,0,4.06E+11,4.06E+11,0,1.81E+14,145069337
2016-05-02,25000,100,0.4,24940,25240,24900,140552,140552,0,1.76E+11,1.76E+11,0,1.79E+14,142969337
2016-05-03,25220,220,0.88,25340,25400,25120,158066,158066,0,2.00E+11,2.00E+11,0,1.80E+14,142969337
2016-05-04,25800,580,2.3,25440,25800,25240,294055,294055,0,3.75E+11,3.75E+11,0,1.84E+14,142969337
2016-05-09,25980,180,0.7,25800,26000,25700,312894,312894,0,4.05E+11,4.05E+11,0,1.86E+14,142969337
2016-05-10,25920,-60,-0.23,25980,26000,25760,171191,171191,0,2.22E+11,2.22E+11,0,1.85E+14,142969337
2016-05-11,25840,-80,-0.31,25920,25980,25740,176688,176688,0,2.28E+11,2.28E+11,0,1.85E+14,142969337
2016-05-12,25620,-220,-0.85,25840,25840,25500,152302,152302,0,1.95E+11,1.95E+11,0,1.83E+14,142969337
2016-05-13,25060,-560,-2.19,25620,25620,25020,245698,245698,0,3.09E+11,3.09E+11,0,1.79E+14,142969337
2016-05-16,24960,-100,-0.4,25060,25260,24940,234403,234403,0,2.94E+11,2.94E+11,0,1.78E+14,142969337
2016-05-17,25280,320,1.28,24980,25300,24980,183671,183671,0,2.31E+11,2.31E+11,0,1.81E+14,142969337
2016-05-18,25360,80,0.32,25280,25420,25100,183392,183392,0,2.32E+11,2.32E+11,0,1.81E+14,142969337
2016-05-19,25400,40,0.16,25360,25540,25320,200249,200249,0,2.54E+11,2.54E+11,0,1.82E+14,142969337
2016-05-20,25380,-20,-0.08,25400,25600,25380,159211,159211,0,2.03E+11,2.03E+11,0,1.81E+14,142969337
2016-05-23,25720,340,1.34,25380,25720,25380,162251,162251,0,2.07E+11,2.07E+11,0,1.84E+14,142969337
2016-05-24,25420,-300,-1.17,25720,25780,25360,208692,208692,0,2.66E+11,2.66E+11,0,1.82E+14,142969337
2016-05-25,25900,480,1.89,25660,25960,25480,237255,237255,0,3.06E+11,3.06E+11,0,1.85E+14,142969337
2016-05-26,25920,20,0.08,25980,26060,25900,253073,253073,0,3.29E+11,3.29E+11,0,1.85E+14,142969337
2016-05-27,25640,-280,-1.08,26000,26020,25460,274891,274891,0,3.54E+11,3.54E+11,0,1.83E+14,142969337
2016-05-30,25600,-40,-0.16,25940,25940,25480,206307,206307,0,2.65E+11,2.65E+11,0,1.83E+14,142969337
2016-05-31,25840,240,0.94,25600,26000,25360,1250554,1250554,0,1.61E+12,1.61E+12,0,1.85E+14,142969337
2016-06-01,26660,820,3.17,25960,26820,25900,470080,470080,0,6.23E+11,6.23E+11,0,1.91E+14,142969337
2016-06-02,27300,640,2.4,27000,27440,26920,476139,476139,0,6.47E+11,6.47E+11,0,1.95E+14,142969337
2016-06-03,27540,240,0.88,27400,27580,27280,341324,341324,0,4.68E+11,4.68E+11,0,1.97E+14,142969337
2016-06-07,27960,420,1.53,27720,28040,27600,462843,462843,0,6.46E+11,6.46E+11,0,2.00E+14,142969337
2016-06-08,28120,160,0.57,28380,28380,27780,376162,376162,0,5.27E+11,5.27E+11,0,2.01E+14,142969337
2016-06-09,28600,480,1.71,28160,28600,28120,515375,515375,0,7.33E+11,7.33E+11,0,2.04E+14,142969337
2016-06-10,28120,-480,-1.68,28480,28500,28080,289681,289681,0,4.09E+11,4.09E+11,0,2.01E+14,142969337
2016-06-13,27420,-700,-2.49,27920,27920,27240,304966,304966,0,4.20E+11,4.20E+11,0,1.96E+14,142969337
2016-06-14,27600,180,0.66,27420,27720,27380,245461,245461,0,3.38E+11,3.38E+11,0,1.97E+14,142969337
2016-06-15,28260,660,2.39,27700,28320,27660,306689,306689,0,4.30E+11,4.30E+11,0,2.02E+14,142969337
2016-06-16,28180,-80,-0.28,28260,28340,27900,292431,292431,0,4.10E+11,4.10E+11,0,2.01E+14,142969337
2016-06-17,28520,340,1.21,28200,28700,28200,328394,328394,0,4.69E+11,4.69E+11,0,2.04E+14,142969337
2016-06-20,28620,100,0.35,28540,28960,28520,270316,270316,0,3.88E+11,3.88E+11,0,2.05E+14,142969337
2016-06-21,28960,340,1.19,28640,28980,28520,200411,200411,0,2.89E+11,2.89E+11,0,2.07E+14,142969337
2016-06-22,28900,-60,-0.21,28920,29000,28620,178965,178965,0,2.58E+11,2.58E+11,0,2.07E+14,142969337
2016-06-23,28600,-300,-1.04,28880,28900,28540,225126,225126,0,3.23E+11,3.23E+11,0,2.04E+14,142969337
2016-06-24,28000,-600,-2.1,28900,28900,27200,411052,411052,0,5.78E+11,5.78E+11,0,2.00E+14,142969337
2016-06-27,27960,-40,-0.14,28000,28100,27700,236780,236780,0,3.30E+11,3.30E+11,0,2.00E+14,142969337
2016-06-28,27980,20,0.07,27800,28080,27580,214379,214379,0,2.99E+11,2.99E+11,0,2.00E+14,142969337
2016-06-29,27920,-60,-0.21,28160,28240,27820,210541,210541,0,2.95E+11,2.95E+11,0,2.00E+14,142969337
2016-06-30,28500,580,2.08,28160,28900,27940,273434,273434,0,3.89E+11,3.89E+11,0,2.04E+14,142969337
2016-07-01,29320,820,2.88,28540,29580,28540,287872,287872,0,4.21E+11,4.21E+11,0,2.10E+14,142969337
2016-07-04,29320,0,0,29280,29480,29020,159900,159900,0,2.34E+11,2.34E+11,0,2.10E+14,142969337
2016-07-05,29380,60,0.2,29320,29500,29240,157407,157407,0,2.31E+11,2.31E+11,0,2.10E+14,142969337
2016-07-06,28420,-960,-3.27,28940,29040,28240,334983,334983,0,4.78E+11,4.78E+11,0,2.03E+14,142969337
2016-07-07,29000,580,2.04,28420,29000,28320,229904,229904,0,3.31E+11,3.31E+11,0,2.07E+14,142969337
2016-07-08,29200,200,0.69,29000,29500,28980,269963,269963,0,3.95E+11,3.95E+11,0,2.09E+14,142969337
2016-07-11,29780,580,1.99,29200,30000,29200,281136,281136,0,4.19E+11,4.19E+11,0,2.13E+14,142969337
2016-07-12,29280,-500,-1.68,29980,30100,29200,220494,220494,0,3.27E+11,3.27E+11,0,2.09E+14,142969337
2016-07-13,29620,340,1.16,29920,29920,29260,200198,200198,0,2.96E+11,2.96E+11,0,2.12E+14,142969337
2016-07-14,30000,380,1.28,29620,30000,29520,248605,248605,0,3.71E+11,3.71E+11,0,2.14E+14,142969337
2016-07-15,30360,360,1.2,30000,30440,29720,232463,232463,0,3.51E+11,3.51E+11,0,2.17E+14,142969337
2016-07-18,30660,300,0.99,30360,30660,30000,231344,231344,0,3.52E+11,3.52E+11,0,2.19E+14,142969337
2016-07-19,30660,0,0,30560,30800,30440,202445,202445,0,3.10E+11,3.10E+11,0,2.19E+14,142969337
2016-07-20,30800,140,0.46,30660,30840,30480,155463,155463,0,2.39E+11,2.39E+11,0,2.20E+14,142969337
2016-07-21,30860,60,0.19,30800,30940,30740,170894,170894,0,2.64E+11,2.64E+11,0,2.21E+14,142969337
2016-07-22,30320,-540,-1.75,30120,30560,30120,171703,171703,0,2.60E+11,2.60E+11,0,2.17E+14,142969337
2016-07-25,30040,-280,-0.92,30000,30460,29900,154650,154650,0,2.33E+11,2.33E+11,0,2.15E+14,142969337
2016-07-26,30600,560,1.86,30000,30620,29960,144570,144570,0,2.19E+11,2.19E+11,0,2.19E+14,142969337
2016-07-27,30540,-60,-0.2,30240,30580,30240,126701,126701,0,1.93E+11,1.93E+11,0,2.18E+14,142969337
2016-07-28,30140,-400,-1.31,30660,30720,29960,190074,190074,0,2.87E+11,2.87E+11,0,2.15E+14,142969337
2016-07-29,30780,640,2.12,30400,31140,30220,299712,299712,0,4.62E+11,4.62E+11,0,2.18E+14,141669337
2016-08-01,31360,580,1.88,31380,31600,31200,230308,230308,0,3.62E+11,3.62E+11,0,2.22E+14,141669337
2016-08-02,30960,-400,-1.28,31360,31360,30920,166316,166316,0,2.59E+11,2.59E+11,0,2.19E+14,141669337
2016-08-03,30340,-620,-2,30960,30960,30340,150098,150098,0,2.30E+11,2.30E+11,0,2.15E+14,141669337
2016-08-04,30340,0,0,30380,30660,30340,140199,140199,0,2.14E+11,2.14E+11,0,2.15E+14,141669337
2016-08-05,31220,880,2.9,30580,31280,30500,139177,139177,0,2.16E+11,2.16E+11,0,2.21E+14,141669337
2016-08-08,31380,160,0.51,31320,31500,31120,222503,222503,0,3.48E+11,3.48E+11,0,2.22E+14,141669337
2016-08-09,31340,-40,-0.13,31480,31580,31140,180464,180464,0,2.83E+11,2.83E+11,0,2.22E+14,141669337
2016-08-10,30820,-520,-1.66,31340,31400,30680,246807,246807,0,3.81E+11,3.81E+11,0,2.18E+14,141669337
2016-08-11,31180,360,1.17,30820,31180,30520,210672,210672,0,3.25E+11,3.25E+11,0,2.21E+14,141669337
2016-08-12,30900,-280,-0.9,31180,31400,30880,209497,209497,0,3.26E+11,3.26E+11,0,2.19E+14,141669337
2016-08-16,31360,460,1.49,30900,31520,30900,216862,216862,0,3.39E+11,3.39E+11,0,2.22E+14,141669337
2016-08-17,31320,-40,-0.13,31380,31400,31020,148929,148929,0,2.33E+11,2.33E+11,0,2.22E+14,141669337
2016-08-18,32800,1480,4.73,31340,32880,31320,366541,366541,0,5.90E+11,5.90E+11,0,2.32E+14,141669337
2016-08-19,33500,700,2.13,32760,33500,32720,336103,336103,0,5.58E+11,5.58E+11,0,2.37E+14,141669337
2016-08-22,33300,-200,-0.6,33480,33840,33180,252244,252244,0,4.22E+11,4.22E+11,0,2.36E+14,141669337
2016-08-23,33740,440,1.32,33300,33880,33140,230914,230914,0,3.88E+11,3.88E+11,0,2.39E+14,141669337
2016-08-24,33060,-680,-2.02,33600,33640,32720,318771,318771,0,5.29E+11,5.29E+11,0,2.34E+14,141669337
2016-08-25,32780,-280,-0.85,32600,33180,32440,283476,283476,0,4.64E+11,4.64E+11,0,2.32E+14,141669337
2016-08-26,32240,-540,-1.65,32120,32460,32060,241160,241160,0,3.89E+11,3.89E+11,0,2.28E+14,141669337
2016-08-29,32800,560,1.74,32040,32800,31940,178515,178515,0,2.90E+11,2.90E+11,0,2.32E+14,141669337
2016-08-30,32900,100,0.3,32940,33420,32660,156992,156992,0,2.59E+11,2.59E+11,0,2.33E+14,141669337
2016-08-31,32400,-500,-1.52,32820,32820,32220,410644,410644,0,6.66E+11,6.66E+11,0,2.30E+14,141669337
2016-09-01,31740,-660,-2.04,31660,31760,31260,375803,375803,0,5.93E+11,5.93E+11,0,2.25E+14,141669337
2016-09-02,31940,200,0.63,31900,32260,31760,163060,163060,0,2.61E+11,2.61E+11,0,2.26E+14,141669337
2016-09-05,32120,180,0.56,31800,32300,31700,167676,167676,0,2.68E+11,2.68E+11,0,2.28E+14,141669337
2016-09-06,32860,740,2.3,32140,32900,31940,153203,153203,0,2.50E+11,2.50E+11,0,2.33E+14,141669337
2016-09-07,32420,-440,-1.34,32960,33040,32420,191837,191837,0,3.15E+11,3.15E+11,0,2.30E+14,141669337
2016-09-08,32780,360,1.11,32460,32780,32280,241417,241417,0,3.94E+11,3.94E+11,0,2.32E+14,141669337
2016-09-09,31500,-1280,-3.9,32220,32360,31280,265168,265168,0,4.20E+11,4.20E+11,0,2.23E+14,141669337
2016-09-12,29300,-2200,-6.98,29800,30120,29120,529987,529987,0,7.82E+11,7.82E+11,0,2.08E+14,141669337
2016-09-13,30540,1240,4.23,30160,30980,29900,494345,494345,0,7.56E+11,7.56E+11,0,2.16E+14,141669337
2016-09-19,31160,620,2.03,30760,31380,30720,448163,448163,0,6.97E+11,6.97E+11,0,2.21E+14,141669337
2016-09-20,31700,540,1.73,31180,31760,31180,258423,258423,0,4.08E+11,4.08E+11,0,2.25E+14,141669337
2016-09-21,31840,140,0.44,31900,32020,31520,210181,210181,0,3.34E+11,3.34E+11,0,2.26E+14,141669337
2016-09-22,32360,520,1.63,32000,32820,31980,228599,228599,0,3.71E+11,3.71E+11,0,2.29E+14,141669337
2016-09-23,31420,-940,-2.9,31640,31960,31320,365993,365993,0,5.78E+11,5.78E+11,0,2.23E+14,141669337
2016-09-26,31360,-60,-0.19,31420,31920,31280,290496,290496,0,4.57E+11,4.57E+11,0,2.22E+14,141669337
2016-09-27,31380,20,0.06,31000,31500,30660,196688,196688,0,3.07E+11,3.07E+11,0,2.22E+14,141669337
2016-09-28,31340,-40,-0.13,31080,31460,31080,174128,174128,0,2.72E+11,2.72E+11,0,2.22E+14,141669337
2016-09-29,32000,660,2.11,31460,32380,31440,227951,227951,0,3.65E+11,3.65E+11,0,2.27E+14,141669337
2016-09-30,31960,-40,-0.13,31800,32300,31700,235254,235254,0,3.77E+11,3.77E+11,0,2.26E+14,141669337
2016-10-04,32280,320,1,32200,32480,32120,261062,261062,0,4.21E+11,4.21E+11,0,2.29E+14,141669337
2016-10-05,32380,100,0.31,32020,32520,31940,249409,249409,0,4.03E+11,4.03E+11,0,2.29E+14,141669337
2016-10-06,33820,1440,4.45,33920,34000,33340,591163,591163,0,9.95E+11,9.95E+11,0,2.40E+14,141669337
2016-10-07,34120,300,0.89,34000,34320,33800,521011,521011,0,8.86E+11,8.86E+11,0,2.42E+14,141669337
2016-10-10,33600,-520,-1.52,33000,33780,32560,505866,505866,0,8.35E+11,8.35E+11,0,2.36E+14,140679337
2016-10-11,30900,-2700,-8.04,32000,32500,30900,768543,768543,0,1.22E+12,1.22E+12,0,2.17E+14,140679337
2016-10-12,30700,-200,-0.65,29900,30900,29880,781771,781771,0,1.18E+12,1.18E+12,0,2.16E+14,140679337
2016-10-13,31140,440,1.43,31000,31620,30900,437291,437291,0,6.83E+11,6.83E+11,0,2.19E+14,140679337
2016-10-14,31540,400,1.28,30960,31760,30940,283179,283179,0,4.45E+11,4.45E+11,0,2.22E+14,140679337
2016-10-17,31800,260,0.82,31300,32040,30760,255704,255704,0,4.03E+11,4.03E+11,0,2.24E+14,140679337
2016-10-18,31780,-20,-0.06,31440,31900,31440,207690,207690,0,3.30E+11,3.30E+11,0,2.24E+14,140679337
2016-10-19,32500,720,2.27,31580,32860,31500,308891,308891,0,5.01E+11,5.01E+11,0,2.29E+14,140679337
2016-10-20,32400,-100,-0.31,32520,33020,32180,206609,206609,0,3.37E+11,3.37E+11,0,2.28E+14,140679337
2016-10-21,31780,-620,-1.91,32120,32260,31760,209550,209550,0,3.34E+11,3.34E+11,0,2.24E+14,140679337
2016-10-24,32160,380,1.2,31860,32160,31800,185799,185799,0,2.98E+11,2.98E+11,0,2.26E+14,140679337
2016-10-25,31940,-220,-0.68,32000,32080,31840,197322,197322,0,3.15E+11,3.15E+11,0,2.25E+14,140679337
2016-10-26,31340,-600,-1.88,31940,31980,31240,210680,210680,0,3.31E+11,3.31E+11,0,2.20E+14,140679337
2016-10-27,31460,120,0.38,31420,32340,31120,282340,282340,0,4.47E+11,4.47E+11,0,2.21E+14,140679337
2016-10-28,32280,820,2.61,31600,32280,31600,204284,204284,0,3.27E+11,3.27E+11,0,2.27E+14,140679337
2016-10-31,32780,500,1.55,32320,32780,32220,241344,241344,0,3.93E+11,3.93E+11,0,2.31E+14,140679337
2016-11-01,33040,260,0.79,32600,33040,32240,206948,206948,0,3.40E+11,3.40E+11,0,2.32E+14,140679337
2016-11-02,32860,-180,-0.54,32800,33040,32620,201985,201985,0,3.32E+11,3.32E+11,0,2.31E+14,140679337
2016-11-03,32320,-540,-1.64,32600,32800,32120,206837,206837,0,3.35E+11,3.35E+11,0,2.27E+14,140679337
2016-11-04,32540,220,0.68,32100,32680,32100,142077,142077,0,2.31E+11,2.31E+11,0,2.29E+14,140679337
2016-11-07,32800,260,0.8,32940,33000,32680,153238,153238,0,2.52E+11,2.52E+11,0,2.31E+14,140679337
2016-11-08,32880,80,0.24,32980,32980,32700,108349,108349,0,1.78E+11,1.78E+11,0,2.31E+14,140679337
2016-11-09,31920,-960,-2.92,32920,33140,31820,313672,313672,0,5.06E+11,5.06E+11,0,2.25E+14,140679337
2016-11-10,32980,1060,3.32,32600,33000,32360,235907,235907,0,3.87E+11,3.87E+11,0,2.32E+14,140679337
2016-11-11,31960,-1020,-3.09,31700,32360,31700,256736,256736,0,4.11E+11,4.11E+11,0,2.25E+14,140679337
2016-11-14,31060,-900,-2.82,31900,31920,31040,302666,302666,0,4.74E+11,4.74E+11,0,2.18E+14,140679337
2016-11-15,30780,-280,-0.9,31060,31620,30780,273314,273314,0,4.25E+11,4.25E+11,0,2.17E+14,140679337
2016-11-16,31160,380,1.23,30800,31280,30800,266164,266164,0,4.14E+11,4.14E+11,0,2.19E+14,140679337
2016-11-17,31360,200,0.64,31100,31520,30900,157411,157411,0,2.46E+11,2.46E+11,0,2.21E+14,140679337
2016-11-18,31720,360,1.15,31640,31760,31400,189215,189215,0,2.99E+11,2.99E+11,0,2.23E+14,140679337
2016-11-21,31860,140,0.44,31300,32120,31300,163604,163604,0,2.61E+11,2.61E+11,0,2.24E+14,140679337
2016-11-22,32800,940,2.95,32140,32900,32000,195022,195022,0,3.19E+11,3.19E+11,0,2.31E+14,140679337
2016-11-23,32980,180,0.55,33220,33220,32520,253372,253372,0,4.18E+11,4.18E+11,0,2.32E+14,140679337
2016-11-24,33000,20,0.06,32980,33040,32660,155143,155143,0,2.55E+11,2.55E+11,0,2.32E+14,140679337
2016-11-25,33000,0,0,32820,33040,32660,125538,125538,0,2.06E+11,2.06E+11,0,2.32E+14,140679337
2016-11-28,33540,540,1.64,33000,33620,32800,265881,265881,0,4.43E+11,4.43E+11,0,2.36E+14,140679337
2016-11-29,33540,0,0,33800,33960,33380,361626,361626,0,6.07E+11,6.07E+11,0,2.36E+14,140679337
2016-11-30,34920,1380,4.11,33540,34940,33540,570704,570704,0,9.89E+11,9.89E+11,0,2.46E+14,140679337
2016-12-01,34980,60,0.17,34800,35060,34660,310707,310707,0,5.42E+11,5.42E+11,0,2.46E+14,140679337
2016-12-02,34540,-440,-1.26,34480,34760,34140,307059,307059,0,5.29E+11,5.29E+11,0,2.43E+14,140679337
2016-12-05,34360,-180,-0.52,34340,34680,34220,169692,169692,0,2.91E+11,2.91E+11,0,2.42E+14,140679337
2016-12-06,34960,600,1.75,34440,35200,34400,280036,280036,0,4.90E+11,4.90E+11,0,2.46E+14,140679337
2016-12-07,35440,480,1.37,35040,35480,35040,192073,192073,0,3.40E+11,3.40E+11,0,2.49E+14,140679337
2016-12-08,35800,360,1.02,35980,36020,35520,329251,329251,0,5.90E+11,5.90E+11,0,2.52E+14,140679337
2016-12-09,35600,-200,-0.56,35900,35900,35400,213049,213049,0,3.79E+11,3.79E+11,0,2.50E+14,140679337
2016-12-12,35040,-560,-1.57,34660,35360,34660,228289,228289,0,3.99E+11,3.99E+11,0,2.46E+14,140679337
2016-12-13,35320,280,0.8,34620,35440,34620,233689,233689,0,4.10E+11,4.10E+11,0,2.48E+14,140679337
2016-12-14,35540,220,0.62,35560,35680,35280,149102,149102,0,2.64E+11,2.64E+11,0,2.50E+14,140679337
2016-12-15,35180,-360,-1.01,34820,35500,34820,115471,115471,0,2.04E+11,2.04E+11,0,2.47E+14,140679337
2016-12-16,35860,680,1.93,35300,36020,35200,234954,234954,0,4.20E+11,4.20E+11,0,2.52E+14,140679337
2016-12-19,35900,40,0.11,35620,36380,35620,108716,108716,0,1.96E+11,1.96E+11,0,2.53E+14,140679337
2016-12-20,36240,340,0.95,35920,36400,35840,152304,152304,0,2.76E+11,2.76E+11,0,2.55E+14,140679337
2016-12-21,36100,-140,-0.39,36360,36600,36020,131042,131042,0,2.37E+11,2.37E+11,0,2.54E+14,140679337
2016-12-22,36180,80,0.22,36260,36300,35980,127092,127092,0,2.30E+11,2.30E+11,0,2.54E+14,140679337
2016-12-23,35640,-540,-1.49,36020,36080,35600,166697,166697,0,2.99E+11,2.99E+11,0,2.51E+14,140679337
2016-12-26,35960,320,0.9,35600,36000,35560,96472,96472,0,1.73E+11,1.73E+11,0,2.53E+14,140679337
2016-12-27,35980,20,0.06,35980,36200,35860,93069,93069,0,1.67E+11,1.67E+11,0,2.53E+14,140679337
2016-12-28,35760,-220,-0.61,35840,35980,35600,133258,133258,0,2.38E+11,2.38E+11,0,2.52E+14,140679337
2016-12-29,36040,280,0.78,35420,36040,35400,150329,150329,0,2.70E+11,2.70E+11,0,2.54E+14,140679337
2017-01-02,36100,60,0.17,35980,36240,35880,93012,93012,0,1.68E+11,1.68E+11,0,2.54E+14,140679337
2017-01-03,36480,380,1.05,36280,36620,36020,147153,147153,0,2.68E+11,2.68E+11,0,2.57E+14,140679337
2017-01-04,36160,-320,-0.88,36500,36520,36100,159435,159435,0,2.89E+11,2.89E+11,0,2.54E+14,140679337
2017-01-05,35560,-600,-1.66,36060,36060,35540,219349,219349,0,3.92E+11,3.92E+11,0,2.50E+14,140679337
2017-01-06,36200,640,1.8,36180,36440,36040,177619,177619,0,3.22E+11,3.22E+11,0,2.55E+14,140679337
2017-01-09,37220,1020,2.82,36600,37500,36560,263898,263898,0,4.91E+11,4.91E+11,0,2.62E+14,140679337
2017-01-10,37240,20,0.05,37280,37400,37080,181996,181996,0,3.39E+11,3.39E+11,0,2.62E+14,140679337
2017-01-11,38280,1040,2.79,37520,38560,37420,240363,240363,0,4.58E+11,4.58E+11,0,2.69E+14,140679337
2017-01-12,38800,520,1.36,38000,38800,37980,233383,233383,0,4.48E+11,4.48E+11,0,2.73E+14,140679337
2017-01-13,37460,-1340,-3.45,38100,38320,37460,319089,319089,0,6.02E+11,6.02E+11,0,2.63E+14,140679337
2017-01-16,36660,-800,-2.14,36860,37820,36320,332230,332230,0,6.13E+11,6.13E+11,0,2.58E+14,140679337
2017-01-17,36960,300,0.82,36580,37460,36580,163014,163014,0,3.03E+11,3.03E+11,0,2.60E+14,140679337
2017-01-18,36940,-20,-0.05,37040,37500,36620,177508,177508,0,3.29E+11,3.29E+11,0,2.60E+14,140679337
2017-01-19,37480,540,1.46,37720,37920,37020,188378,188378,0,3.53E+11,3.53E+11,0,2.64E+14,140679337
2017-01-20,37200,-280,-0.75,37120,37420,36880,183700,183700,0,3.42E+11,3.42E+11,0,2.62E+14,140679337
2017-01-23,38060,860,2.31,37200,38060,37000,176208,176208,0,3.31E+11,3.31E+11,0,2.68E+14,140679337
2017-01-24,38160,100,0.26,38120,38580,37880,220975,220975,0,4.22E+11,4.22E+11,0,2.68E+14,140679337
2017-01-25,39400,1240,3.25,38340,39400,38320,268677,268677,0,5.24E+11,5.24E+11,0,2.77E+14,140679337
2017-01-26,39900,500,1.27,39420,40000,39420,304290,304290,0,6.06E+11,6.06E+11,0,2.81E+14,140679337
2017-01-31,39460,-440,-1.1,39900,39900,39460,359844,359844,0,7.13E+11,7.13E+11,0,2.78E+14,140679337
2017-02-01,39120,-340,-0.86,39540,39660,39040,283008,283008,0,5.57E+11,5.57E+11,0,2.75E+14,140679337
2017-02-02,39360,240,0.61,39600,39660,39200,300586,300586,0,5.93E+11,5.93E+11,0,2.77E+14,140679337
2017-02-03,39460,100,0.25,39400,39500,39180,207727,207727,0,4.09E+11,4.09E+11,0,2.78E+14,140679337
2017-02-06,39560,100,0.25,39580,39660,39140,177214,177214,0,3.49E+11,3.49E+11,0,2.78E+14,140679337
2017-02-07,38820,-740,-1.87,39560,39580,38760,280836,280836,0,5.48E+11,5.48E+11,0,2.73E+14,140679337
2017-02-08,38400,-420,-1.08,38740,38780,38200,341859,341859,0,6.57E+11,6.57E+11,0,2.70E+14,140679337
2017-02-09,38400,0,0,38780,38840,38220,273883,273883,0,5.27E+11,5.27E+11,0,2.70E+14,140679337
2017-02-10,38360,-40,-0.1,38400,38760,38300,220415,220415,0,4.24E+11,4.24E+11,0,2.70E+14,140679337
2017-02-13,37960,-400,-1.04,37740,38060,37720,222041,222041,0,4.21E+11,4.21E+11,0,2.67E+14,140679337
2017-02-14,37580,-380,-1,37960,38260,37320,262483,262483,0,4.94E+11,4.94E+11,0,2.64E+14,140679337
2017-02-15,37720,140,0.37,37080,37960,37080,283831,283831,0,5.32E+11,5.32E+11,0,2.65E+14,140679337
2017-02-16,38020,300,0.8,37800,38360,37780,204527,204527,0,3.89E+11,3.89E+11,0,2.67E+14,140679337
2017-02-17,37860,-160,-0.42,37560,38040,37280,307549,307549,0,5.79E+11,5.79E+11,0,2.66E+14,140679337
2017-02-20,38660,800,2.11,38220,38780,38160,149716,149716,0,2.88E+11,2.88E+11,0,2.72E+14,140679337
2017-02-21,38940,280,0.72,38540,39560,38420,211252,211252,0,4.13E+11,4.13E+11,0,2.74E+14,140679337
2017-02-22,39300,360,0.92,39000,39340,38980,170789,170789,0,3.35E+11,3.35E+11,0,2.76E+14,140679337
2017-02-23,39180,-120,-0.31,39020,39440,39020,204346,204346,0,4.01E+11,4.01E+11,0,2.76E+14,140679337
2017-02-24,38220,-960,-2.45,38960,39100,38060,185937,185937,0,3.57E+11,3.57E+11,0,2.69E+14,140679337
2017-02-27,38060,-160,-0.42,38020,38140,37700,180674,180674,0,3.43E+11,3.43E+11,0,2.68E+14,140679337
2017-02-28,38440,380,1,38060,38760,37960,301774,301774,0,5.80E+11,5.80E+11,0,2.70E+14,140679337
2017-03-02,39720,1280,3.33,38420,39860,38420,424996,424996,0,8.36E+11,8.36E+11,0,2.79E+14,140679337
2017-03-03,39620,-100,-0.25,39340,39720,39160,254174,254174,0,5.01E+11,5.01E+11,0,2.79E+14,140679337
2017-03-06,40080,460,1.16,39220,40220,39220,244697,244697,0,4.89E+11,4.89E+11,0,2.82E+14,140679337
2017-03-07,40200,120,0.3,39800,40320,39800,211065,211065,0,4.23E+11,4.23E+11,0,2.83E+14,140679337
2017-03-08,40200,0,0,40200,40620,40140,242819,242819,0,4.89E+11,4.89E+11,0,2.83E+14,140679337
2017-03-09,40200,0,0,40200,40300,40020,287445,287445,0,5.78E+11,5.78E+11,0,2.83E+14,140679337
2017-03-10,40180,-20,-0.05,39960,40420,39860,204556,204556,0,4.11E+11,4.11E+11,0,2.83E+14,140679337
2017-03-13,40600,420,1.05,40040,40980,40040,148482,148482,0,3.02E+11,3.02E+11,0,2.86E+14,140679337
2017-03-14,41360,760,1.87,40620,41540,40500,226501,226501,0,4.65E+11,4.65E+11,0,2.91E+14,140679337
2017-03-15,41400,40,0.1,40800,41440,40800,191757,191757,0,3.96E+11,3.96E+11,0,2.91E+14,140679337
2017-03-16,41840,440,1.06,41800,42180,41540,198663,198663,0,4.16E+11,4.16E+11,0,2.94E+14,140679337
2017-03-17,42400,560,1.34,41800,42500,41720,252046,252046,0,5.32E+11,5.32E+11,0,2.98E+14,140679337
2017-03-20,41900,-500,-1.18,42000,42120,41740,205001,205001,0,4.30E+11,4.30E+11,0,2.95E+14,140679337
2017-03-21,42560,660,1.58,41780,42680,41760,284403,284403,0,6.03E+11,6.03E+11,0,2.99E+14,140679337
2017-03-22,42460,-100,-0.23,41600,42460,41580,328545,328545,0,6.92E+11,6.92E+11,0,2.99E+14,140679337
2017-03-23,41800,-660,-1.55,42200,42360,41700,307942,307942,0,6.46E+11,6.46E+11,0,2.94E+14,140679337
2017-03-24,41500,-300,-0.72,41600,41980,41080,256163,256163,0,5.31E+11,5.31E+11,0,2.92E+14,140679337
2017-03-27,41200,-300,-0.72,41200,41880,41180,243553,243553,0,5.05E+11,5.05E+11,0,2.90E+14,140679337
2017-03-28,41480,280,0.68,41560,41840,41380,164325,164325,0,3.41E+11,3.41E+11,0,2.92E+14,140679337
2017-03-29,41780,300,0.72,41740,41960,41580,201865,201865,0,4.22E+11,4.22E+11,0,2.94E+14,140679337
2017-03-30,41980,200,0.48,41880,42440,41880,164080,164080,0,3.45E+11,3.45E+11,0,2.95E+14,140679337
2017-03-31,41200,-780,-1.86,41820,42020,41200,210006,210006,0,4.35E+11,4.35E+11,0,2.90E+14,140679337
2017-04-03,41440,240,0.58,41400,41720,41300,191588,191588,0,3.97E+11,3.97E+11,0,2.91E+14,140679337
2017-04-04,42080,640,1.54,41600,42180,41520,245110,245110,0,5.15E+11,5.15E+11,0,2.96E+14,140679337
2017-04-05,42140,60,0.14,41900,42240,41700,213994,213994,0,4.50E+11,4.50E+11,0,2.96E+14,140679337
2017-04-06,41840,-300,-0.71,42000,42080,41600,193668,193668,0,4.05E+11,4.05E+11,0,2.94E+14,140679337
2017-04-07,41600,-240,-0.57,41800,41820,41160,200420,200420,0,4.16E+11,4.16E+11,0,2.93E+14,140679337
2017-04-10,41940,340,0.82,41940,41940,41500,142827,142827,0,2.99E+11,2.99E+11,0,2.95E+14,140679337
2017-04-11,41600,-340,-0.81,41940,41940,41580,143458,143458,0,2.99E+11,2.99E+11,0,2.93E+14,140679337
2017-04-12,41900,300,0.72,41860,41940,41700,165498,165498,0,3.46E+11,3.46E+11,0,2.95E+14,140679337
2017-04-13,42420,520,1.24,41660,42460,41660,180816,180816,0,3.81E+11,3.81E+11,0,2.98E+14,140679337
2017-04-14,42020,-400,-0.94,42160,42260,41760,109257,109257,0,2.30E+11,2.30E+11,0,2.96E+14,140679337
2017-04-17,41560,-460,-1.09,42000,42080,41520,104495,104495,0,2.18E+11,2.18E+11,0,2.92E+14,140679337
2017-04-18,41500,-60,-0.14,41680,41820,41280,137213,137213,0,2.85E+11,2.85E+11,0,2.92E+14,140679337
2017-04-19,40900,-600,-1.45,41300,41420,40900,235258,235258,0,4.83E+11,4.83E+11,0,2.88E+14,140679337
2017-04-20,40280,-620,-1.52,40580,40800,40080,422977,422977,0,8.53E+11,8.53E+11,0,2.83E+14,140679337
2017-04-21,40760,480,1.19,40480,41400,40480,302610,302610,0,6.20E+11,6.20E+11,0,2.85E+14,139659337
2017-04-24,41240,480,1.18,41260,41260,40920,179803,179803,0,3.70E+11,3.70E+11,0,2.88E+14,139659337
2017-04-25,42700,1460,3.54,41460,42740,41320,385992,385992,0,8.16E+11,8.16E+11,0,2.98E+14,139659337
2017-04-26,42800,100,0.23,42700,42800,42520,295896,295896,0,6.32E+11,6.32E+11,0,2.99E+14,139659337
2017-04-27,43840,1040,2.43,42700,44520,41960,460645,460645,0,1.00E+12,1.00E+12,0,3.06E+14,139659337
2017-04-28,44620,780,1.78,45780,45800,44520,453714,453714,0,1.02E+12,1.02E+12,0,3.12E+14,139659337
2017-05-02,44900,280,0.63,45500,45500,44760,281366,281366,0,6.35E+11,6.35E+11,0,3.14E+14,139659337
2017-05-04,45520,620,1.38,45700,45700,44860,273802,273802,0,6.22E+11,6.22E+11,0,3.18E+14,139659337
2017-05-08,47020,1500,3.3,45520,47020,45340,391651,391651,0,9.02E+11,9.02E+11,0,3.28E+14,139659337
2017-05-10,45600,-1420,-3.02,46160,47220,45600,468219,468219,0,1.08E+12,1.08E+12,0,3.18E+14,139659337
2017-05-11,45500,-100,-0.22,45420,46180,45220,425557,425557,0,9.72E+11,9.72E+11,0,3.18E+14,139659337
2017-05-12,45820,320,0.7,45760,46160,45660,188458,188458,0,4.33E+11,4.33E+11,0,3.20E+14,139659337
2017-05-15,46100,280,0.61,45620,46280,45620,160028,160028,0,3.69E+11,3.69E+11,0,3.22E+14,139659337
2017-05-16,46380,280,0.61,46660,46800,46100,176075,176075,0,4.09E+11,4.09E+11,0,3.24E+14,139659337
2017-05-17,46340,-40,-0.09,46120,46640,46100,148489,148489,0,3.44E+11,3.44E+11,0,3.24E+14,139659337
2017-05-18,45940,-400,-0.86,45740,46000,45540,223207,223207,0,5.12E+11,5.12E+11,0,3.21E+14,139659337
2017-05-19,44720,-1220,-2.66,45640,45780,44720,315247,315247,0,7.10E+11,7.10E+11,0,3.12E+14,139659337
2017-05-22,45100,380,0.85,45040,45380,44760,352871,352871,0,7.94E+11,7.94E+11,0,3.15E+14,139659337
2017-05-23,44920,-180,-0.4,45400,45580,44900,252141,252141,0,5.70E+11,5.70E+11,0,2.93E+14,130668494
2017-05-24,44880,-40,-0.09,44860,45300,44800,173508,173508,0,3.90E+11,3.90E+11,0,2.93E+14,130668494
2017-05-25,45680,800,1.78,45160,45680,44800,260896,260896,0,5.91E+11,5.91E+11,0,2.98E+14,130668494
2017-05-26,46080,400,0.88,45600,46460,45540,272273,272273,0,6.28E+11,6.28E+11,0,3.01E+14,130668494
2017-05-29,45620,-460,-1,46220,46400,45380,174791,174791,0,4.02E+11,4.02E+11,0,2.98E+14,130668494
2017-05-30,44640,-980,-2.15,45520,45660,44480,248672,248672,0,5.57E+11,5.57E+11,0,2.92E+14,130668494
2017-05-31,44700,60,0.13,44580,45020,44400,373382,373382,0,8.34E+11,8.34E+11,0,2.92E+14,130668494
2017-06-01,44680,-20,-0.04,44860,44900,44400,195070,195070,0,4.35E+11,4.35E+11,0,2.92E+14,130668494
2017-06-02,45960,1280,2.86,45060,45960,45000,249775,249775,0,5.70E+11,5.70E+11,0,3.00E+14,130668494
2017-06-05,45940,-20,-0.04,46040,46360,45720,151988,151988,0,3.50E+11,3.50E+11,0,3.00E+14,130668494
2017-06-07,45300,-640,-1.39,46500,46500,45240,274588,274588,0,6.29E+11,6.29E+11,0,2.96E+14,130668494
2017-06-08,45160,-140,-0.31,45000,45580,45000,279575,279575,0,6.32E+11,6.32E+11,0,2.95E+14,130668494
2017-06-09,46100,940,2.08,45680,46440,45600,234657,234657,0,5.41E+11,5.41E+11,0,3.01E+14,130668494
2017-06-12,45380,-720,-1.56,45420,45600,45140,219086,219086,0,4.97E+11,4.97E+11,0,2.96E+14,130668494
2017-06-13,45400,20,0.04,45140,45620,45140,172498,172498,0,3.92E+11,3.92E+11,0,2.97E+14,130668494
2017-06-14,45360,-40,-0.09,45800,46060,45240,203334,203334,0,4.63E+11,4.63E+11,0,2.96E+14,130668494
2017-06-15,45680,320,0.71,45680,45920,45180,193140,193140,0,4.40E+11,4.40E+11,0,2.98E+14,130668494
2017-06-16,45580,-100,-0.22,45500,45940,45460,348069,348069,0,7.95E+11,7.95E+11,0,2.98E+14,130668494
2017-06-19,46560,980,2.15,45580,46560,45560,226078,226078,0,5.23E+11,5.23E+11,0,3.04E+14,130668494
2017-06-20,48140,1580,3.39,47240,48140,47220,300900,300900,0,7.18E+11,7.18E+11,0,3.15E+14,130668494
2017-06-21,47480,-660,-1.37,47740,48120,47480,199473,199473,0,4.76E+11,4.76E+11,0,3.10E+14,130668494
2017-06-22,47960,480,1.01,47960,48080,47720,229116,229116,0,5.48E+11,5.48E+11,0,3.13E+14,130668494
2017-06-23,47620,-340,-0.71,47600,47780,47420,190302,190302,0,4.53E+11,4.53E+11,0,3.11E+14,130668494
2017-06-26,48280,660,1.39,47520,48360,47520,171056,171056,0,4.12E+11,4.12E+11,0,3.15E+14,130668494
2017-06-27,48300,20,0.04,48220,48400,47900,192335,192335,0,4.64E+11,4.64E+11,0,3.16E+14,130668494
2017-06-28,47700,-600,-1.24,47600,48000,47560,191450,191450,0,4.57E+11,4.57E+11,0,3.12E+14,130668494
2017-06-29,47940,240,0.5,48040,48320,47940,166131,166131,0,4.00E+11,4.00E+11,0,3.13E+14,130668494
2017-06-30,47540,-400,-0.83,47500,47620,47100,237551,237551,0,5.63E+11,5.63E+11,0,3.11E+14,130668494
2017-07-03,47220,-320,-0.67,47500,47780,47120,136111,136111,0,3.22E+11,3.22E+11,0,3.09E+14,130668494
2017-07-04,47000,-220,-0.47,47160,47400,46900,159220,159220,0,3.75E+11,3.75E+11,0,3.07E+14,130668494
2017-07-05,47580,580,1.23,46820,47680,46780,212805,212805,0,5.03E+11,5.03E+11,0,3.11E+14,130668494
2017-07-06,48060,480,1.01,48000,48100,47720,218461,218461,0,5.24E+11,5.24E+11,0,3.14E+14,130668494
2017-07-07,47860,-200,-0.42,47740,48120,47620,162638,162638,0,3.89E+11,3.89E+11,0,3.13E+14,130668494
2017-07-10,48660,800,1.67,48500,48900,48320,215855,215855,0,5.24E+11,5.24E+11,0,3.18E+14,130668494
2017-07-11,49000,340,0.7,48640,49000,48280,194356,194356,0,4.73E+11,4.73E+11,0,3.20E+14,130668494
2017-07-12,49880,880,1.8,49000,50000,48840,189723,189723,0,4.69E+11,4.69E+11,0,3.26E+14,130668494
2017-07-13,50560,680,1.36,50080,50940,50040,320683,320683,0,8.12E+11,8.12E+11,0,3.30E+14,130668494
2017-07-14,50480,-80,-0.16,51000,51080,50420,164780,164780,0,4.18E+11,4.18E+11,0,3.30E+14,130668494
2017-07-17,50640,160,0.32,50900,51020,50520,179522,179522,0,4.56E+11,4.56E+11,0,3.31E+14,130668494
2017-07-18,50840,200,0.39,50420,50880,50360,141689,141689,0,3.59E+11,3.59E+11,0,3.32E+14,130668494
2017-07-19,50740,-100,-0.2,50620,50820,50000,223150,223150,0,5.63E+11,5.63E+11,0,3.32E+14,130668494
2017-07-20,51200,460,0.91,50760,51320,50560,167352,167352,0,4.26E+11,4.26E+11,0,3.35E+14,130668494
2017-07-21,51080,-120,-0.23,50860,51160,50520,168981,168981,0,4.30E+11,4.30E+11,0,3.34E+14,130668494
2017-07-24,50860,-220,-0.43,50700,51000,50620,141995,141995,0,3.61E+11,3.61E+11,0,3.32E+14,130668494
2017-07-25,50000,-860,-1.69,50500,50760,49940,216212,216212,0,5.44E+11,5.44E+11,0,3.27E+14,130668494
2017-07-26,49840,-160,-0.32,49600,50020,49300,224496,224496,0,5.58E+11,5.58E+11,0,3.26E+14,130668494
2017-07-27,49800,-40,-0.08,50000,50640,49560,228990,228990,0,5.72E+11,5.72E+11,0,3.25E+14,130668494
2017-07-28,47760,-2040,-4.1,49800,49800,47380,523366,523366,0,1.26E+12,1.26E+12,0,3.12E+14,130668494
2017-07-31,48200,440,0.92,47420,48240,46920,254028,254028,0,6.07E+11,6.07E+11,0,3.15E+14,130668494
2017-08-01,48600,400,0.83,48000,48840,47540,227390,227390,0,5.51E+11,5.51E+11,0,3.18E+14,130668494
2017-08-02,49000,400,0.82,49200,49340,48600,155549,155549,0,3.81E+11,3.81E+11,0,3.18E+14,129768494
2017-08-03,47780,-1220,-2.49,49000,49000,47120,310816,310816,0,7.43E+11,7.43E+11,0,3.10E+14,129768494
2017-08-04,47700,-80,-0.17,48160,48180,47500,167184,167184,0,3.99E+11,3.99E+11,0,3.09E+14,129768494
2017-08-07,47580,-120,-0.25,47500,48080,47440,144365,144365,0,3.45E+11,3.45E+11,0,3.09E+14,129768494
2017-08-08,47720,140,0.29,47980,48260,47480,159592,159592,0,3.82E+11,3.82E+11,0,3.10E+14,129768494
2017-08-09,46280,-1440,-3.02,47400,47400,46240,291108,291108,0,6.80E+11,6.80E+11,0,3.00E+14,129768494
2017-08-10,45900,-380,-0.82,46200,46320,45460,459723,459723,0,1.05E+12,1.05E+12,0,2.98E+14,129768494
2017-08-11,44620,-1280,-2.79,45120,45300,44220,508146,508146,0,1.14E+12,1.14E+12,0,2.90E+14,129768494
2017-08-14,45000,380,0.85,45120,45400,44720,383712,383712,0,8.64E+11,8.64E+11,0,2.92E+14,129768494
2017-08-16,46200,1200,2.67,46220,46380,46000,438273,438273,0,1.01E+12,1.01E+12,0,3.00E+14,129768494
2017-08-17,47040,840,1.82,46960,47300,46740,248317,248317,0,5.84E+11,5.84E+11,0,3.05E+14,129768494
2017-08-18,46900,-140,-0.3,46760,47240,46240,209559,209559,0,4.90E+11,4.90E+11,0,3.04E+14,129768494
2017-08-21,46840,-60,-0.13,47240,47240,46580,102069,102069,0,2.39E+11,2.39E+11,0,3.04E+14,129768494
2017-08-22,47000,160,0.34,46820,47160,46700,147635,147635,0,3.47E+11,3.47E+11,0,3.05E+14,129768494
2017-08-23,47480,480,1.02,47780,47780,47180,187694,187694,0,4.45E+11,4.45E+11,0,3.08E+14,129768494
2017-08-24,47520,40,0.08,47520,47660,47340,173149,173149,0,4.11E+11,4.11E+11,0,3.08E+14,129768494
2017-08-25,47020,-500,-1.05,47880,47880,46720,224871,224871,0,5.31E+11,5.31E+11,0,3.05E+14,129768494
2017-08-28,46100,-920,-1.96,47020,47240,45960,199242,199242,0,4.62E+11,4.62E+11,0,2.99E+14,129768494
2017-08-29,46080,-20,-0.04,45640,46080,45160,252473,252473,0,5.76E+11,5.76E+11,0,2.99E+14,129768494
2017-08-30,46200,120,0.26,46380,46400,45960,150260,150260,0,3.47E+11,3.47E+11,0,3.00E+14,129768494
2017-08-31,46320,120,0.26,46220,46640,46000,220234,220234,0,5.10E+11,5.10E+11,0,3.01E+14,129768494
2017-09-01,46480,160,0.35,46460,46640,46300,212834,212834,0,4.95E+11,4.95E+11,0,3.02E+14,129768494
2017-09-04,46040,-440,-0.95,45780,46360,45500,158870,158870,0,3.66E+11,3.66E+11,0,2.99E+14,129768494
2017-09-05,46760,720,1.56,46240,46900,45960,234322,234322,0,5.46E+11,5.46E+11,0,3.03E+14,129768494
2017-09-06,47000,240,0.51,46760,47180,46700,216221,216221,0,5.08E+11,5.08E+11,0,3.05E+14,129768494
2017-09-07,48120,1120,2.38,47000,48220,47000,193530,193530,0,4.63E+11,4.63E+11,0,3.12E+14,129768494
2017-09-08,49080,960,2,48700,49180,48580,217860,217860,0,5.33E+11,5.33E+11,0,3.18E+14,129768494
2017-09-11,49800,720,1.47,49700,50180,49500,207495,207495,0,5.18E+11,5.18E+11,0,3.23E+14,129768494
2017-09-12,49600,-200,-0.4,50200,50220,49140,240595,240595,0,5.97E+11,5.97E+11,0,3.22E+14,129768494
2017-09-13,49620,20,0.04,49820,50400,49440,187140,187140,0,4.68E+11,4.68E+11,0,3.22E+14,129768494
2017-09-14,50300,680,1.37,50060,50320,49760,284095,284095,0,7.13E+11,7.13E+11,0,3.26E+14,129768494
2017-09-15,50400,100,0.2,50300,50560,49860,215146,215146,0,5.41E+11,5.41E+11,0,3.27E+14,129768494
2017-09-18,52480,2080,4.13,50540,52480,50520,230499,230499,0,5.96E+11,5.96E+11,0,3.41E+14,129768494
2017-09-19,52120,-360,-0.69,52500,52640,51780,197008,197008,0,5.15E+11,5.15E+11,0,3.38E+14,129768494
2017-09-20,52220,100,0.19,52120,52500,51840,185855,185855,0,4.85E+11,4.85E+11,0,3.39E+14,129768494
2017-09-21,52800,580,1.11,52220,52960,52220,176796,176796,0,4.65E+11,4.65E+11,0,3.43E+14,129768494
2017-09-22,53000,200,0.38,52960,53600,52460,278448,278448,0,7.37E+11,7.37E+11,0,3.44E+14,129768494
2017-09-25,53620,620,1.17,53000,53680,53000,186062,186062,0,4.96E+11,4.96E+11,0,3.48E+14,129768494
2017-09-26,51660,-1960,-3.66,53020,53120,51560,341144,341144,0,8.92E+11,8.92E+11,0,3.35E+14,129768494
2017-09-27,51680,20,0.04,52000,52200,51500,215940,215940,0,5.60E+11,5.60E+11,0,3.35E+14,129768494
2017-09-28,51260,-420,-0.81,52260,52460,51260,240509,240509,0,6.21E+11,6.21E+11,0,3.33E+14,129768494
2017-09-29,51280,20,0.04,51180,51620,50840,258188,258188,0,6.61E+11,6.61E+11,0,3.33E+14,129768494
2017-10-10,52800,1520,2.96,53360,53640,52800,410396,410396,0,1.09E+12,1.09E+12,0,3.43E+14,129768494
2017-10-11,54640,1840,3.48,53600,54760,53340,273043,273043,0,7.39E+11,7.39E+11,0,3.55E+14,129768494
2017-10-12,54800,160,0.29,54840,55160,54100,277814,277814,0,7.59E+11,7.59E+11,0,3.56E+14,129768494
2017-10-13,54000,-800,-1.46,54540,54840,53780,252033,252033,0,6.85E+11,6.85E+11,0,3.50E+14,129768494
2017-10-16,53920,-80,-0.15,53980,54860,53760,195399,195399,0,5.28E+11,5.28E+11,0,3.50E+14,129768494
2017-10-17,54800,880,1.63,54020,55380,54000,212156,212156,0,5.82E+11,5.82E+11,0,3.56E+14,129768494
2017-10-18,54760,-40,-0.07,54820,55240,54040,202215,202215,0,5.53E+11,5.53E+11,0,3.55E+14,129768494
2017-10-19,52980,-1780,-3.25,54700,54700,52980,242174,242174,0,6.49E+11,6.49E+11,0,3.44E+14,129768494
2017-10-20,53840,860,1.62,52800,54100,52800,160541,160541,0,4.30E+11,4.30E+11,0,3.49E+14,129768494
2017-10-23,54300,460,0.85,54600,54640,54000,166221,166221,0,4.51E+11,4.51E+11,0,3.52E+14,129768494
2017-10-24,54040,-260,-0.48,54700,54780,54040,116121,116121,0,3.15E+11,3.15E+11,0,3.51E+14,129768494
2017-10-25,53900,-140,-0.26,54040,54420,53700,117657,117657,0,3.18E+11,3.18E+11,0,3.50E+14,129768494
2017-10-26,52400,-1500,-2.78,53720,53900,52400,195531,195531,0,5.19E+11,5.19E+11,0,3.40E+14,129768494
2017-10-27,53080,680,1.3,52400,53320,52140,147850,147850,0,3.90E+11,3.90E+11,0,3.44E+14,129768494
2017-10-30,54040,960,1.81,53780,54320,53700,163923,163923,0,4.42E+11,4.42E+11,0,3.51E+14,129768494
2017-10-31,55080,1040,1.92,54060,55440,53500,267631,267631,0,7.32E+11,7.32E+11,0,3.57E+14,129768494
2017-11-01,57220,2140,3.89,57500,57500,56180,290205,290205,0,8.27E+11,8.27E+11,0,3.71E+14,129768494
2017-11-02,57060,-160,-0.28,57500,57520,56760,214421,214421,0,6.13E+11,6.13E+11,0,3.70E+14,129768494
2017-11-03,56380,-680,-1.19,57060,57140,55860,198716,198716,0,5.59E+11,5.59E+11,0,3.64E+14,129098494
2017-11-06,56380,0,0,56380,56500,55340,180019,180019,0,5.04E+11,5.04E+11,0,3.64E+14,129098494
2017-11-07,56100,-280,-0.5,56380,56920,55860,149291,149291,0,4.21E+11,4.21E+11,0,3.62E+14,129098494
2017-11-08,56760,660,1.18,56100,57060,55860,170404,170404,0,4.82E+11,4.82E+11,0,3.66E+14,129098494
2017-11-09,56340,-420,-0.74,56920,56920,55900,239881,239881,0,6.76E+11,6.76E+11,0,3.64E+14,129098494
2017-11-10,56400,60,0.11,55800,56540,55780,134976,134976,0,3.79E+11,3.79E+11,0,3.64E+14,129098494
2017-11-13,56380,-20,-0.04,56400,56800,56100,176133,176133,0,4.97E+11,4.97E+11,0,3.64E+14,129098494
2017-11-14,55920,-460,-0.82,56380,56740,55920,134500,134500,0,3.78E+11,3.78E+11,0,3.61E+14,129098494
2017-11-15,55340,-580,-1.04,55920,56320,55320,176339,176339,0,4.90E+11,4.90E+11,0,3.57E+14,129098494
2017-11-16,55780,440,0.8,55440,56000,55400,152814,152814,0,4.26E+11,4.26E+11,0,3.60E+14,129098494
2017-11-17,55820,40,0.07,56400,56880,55820,214663,214663,0,6.05E+11,6.05E+11,0,3.60E+14,129098494
2017-11-20,55200,-620,-1.11,55900,55980,55200,189455,189455,0,5.26E+11,5.26E+11,0,3.56E+14,129098494
2017-11-21,55280,80,0.14,55400,55840,55280,206494,206494,0,5.73E+11,5.73E+11,0,3.57E+14,129098494
2017-11-22,55960,680,1.23,55980,56200,55620,159059,159059,0,4.45E+11,4.45E+11,0,3.61E+14,129098494
2017-11-23,55300,-660,-1.18,55960,55980,55020,125458,125458,0,3.48E+11,3.48E+11,0,3.57E+14,129098494
2017-11-24,55460,160,0.29,55300,55500,55180,90724,90724,0,2.51E+11,2.51E+11,0,3.58E+14,129098494
2017-11-27,52640,-2820,-5.08,55360,55360,52640,362578,362578,0,9.69E+11,9.69E+11,0,3.40E+14,129098494
2017-11-28,53280,640,1.22,52700,53280,51720,269988,269988,0,7.11E+11,7.11E+11,0,3.44E+14,129098494
2017-11-29,52600,-680,-1.28,53200,53240,52500,191805,191805,0,5.07E+11,5.07E+11,0,3.40E+14,129098494
2017-11-30,50800,-1800,-3.42,50800,51860,50200,592683,592683,0,1.51E+12,1.51E+12,0,3.28E+14,129098494
2017-12-01,50840,40,0.08,50800,51780,50800,257372,257372,0,6.58E+11,6.58E+11,0,3.28E+14,129098494
2017-12-04,51340,500,0.98,50840,51340,50020,297301,297301,0,7.55E+11,7.55E+11,0,3.31E+14,129098494
2017-12-05,51260,-80,-0.16,50600,51300,50280,186531,186531,0,4.75E+11,4.75E+11,0,3.31E+14,129098494
2017-12-06,50020,-1240,-2.42,51260,51560,50020,217784,217784,0,5.52E+11,5.52E+11,0,3.23E+14,129098494
2017-12-07,50740,720,1.44,50040,50980,50020,221312,221312,0,5.58E+11,5.58E+11,0,3.28E+14,129098494
2017-12-08,52000,1260,2.48,51360,52000,51040,225809,225809,0,5.84E+11,5.84E+11,0,3.36E+14,129098494
2017-12-11,51780,-220,-0.42,52000,52040,51500,162517,162517,0,4.21E+11,4.21E+11,0,3.34E+14,129098494
2017-12-12,52100,320,0.62,51820,52100,51660,175301,175301,0,4.56E+11,4.56E+11,0,3.36E+14,129098494
2017-12-13,51320,-780,-1.5,52100,52100,51100,226674,226674,0,5.82E+11,5.82E+11,0,3.31E+14,129098494
2017-12-14,51060,-260,-0.51,51320,52280,51060,406208,406208,0,1.05E+12,1.05E+12,0,3.30E+14,129098494
2017-12-15,50620,-440,-0.86,51240,51480,50520,298571,298571,0,7.59E+11,7.59E+11,0,3.27E+14,129098494
2017-12-18,51200,580,1.15,50620,51240,50620,147005,147005,0,3.75E+11,3.75E+11,0,3.30E+14,129098494
2017-12-19,51560,360,0.7,51540,52080,51520,239572,239572,0,6.19E+11,6.19E+11,0,3.33E+14,129098494
2017-12-20,50880,-680,-1.32,51500,51760,50820,201611,201611,0,5.16E+11,5.16E+11,0,3.28E+14,129098494
2017-12-21,49140,-1740,-3.42,51000,51060,49100,312486,312486,0,7.77E+11,7.77E+11,0,3.17E+14,129098494
2017-12-22,49700,560,1.14,49400,49960,49240,223993,223993,0,5.56E+11,5.56E+11,0,3.21E+14,129098494
2017-12-26,48200,-1500,-3.02,49760,50100,48200,320797,320797,0,7.88E+11,7.88E+11,0,3.11E+14,129098494
2017-12-27,49360,1160,2.41,48960,49560,48460,214872,214872,0,5.26E+11,5.26E+11,0,3.19E+14,129098494
2017-12-28,50960,1600,3.24,49560,50960,49500,179709,179709,0,4.54E+11,4.54E+11,0,3.29E+14,129098494
2018-01-02,51020,60,0.12,51380,51400,50780,169485,169485,0,4.33E+11,4.33E+11,0,3.29E+14,129098494
2018-01-03,51620,600,1.18,52540,52560,51420,200270,200270,0,5.18E+11,5.18E+11,0,3.33E+14,129098494
2018-01-04,51080,-540,-1.05,52120,52180,50640,233909,233909,0,6.01E+11,6.01E+11,0,3.30E+14,129098494
2018-01-05,52120,1040,2.04,51300,52120,51200,189623,189623,0,4.91E+11,4.91E+11,0,3.36E+14,129098494
2018-01-08,52020,-100,-0.19,52400,52520,51500,167673,167673,0,4.36E+11,4.36E+11,0,3.36E+14,129098494
2018-01-09,50400,-1620,-3.11,51460,51720,49980,360272,360272,0,9.16E+11,9.16E+11,0,3.25E+14,129098494
2018-01-10,48840,-1560,-3.1,50500,50520,48640,371336,371336,0,9.13E+11,9.13E+11,0,3.15E+14,129098494
2018-01-11,48240,-600,-1.23,48200,49260,48020,502476,502476,0,1.22E+12,1.22E+12,0,3.11E+14,129098494
2018-01-12,48200,-40,-0.08,48240,48480,46760,545409,545409,0,1.29E+12,1.29E+12,0,3.11E+14,129098494
2018-01-15,48540,340,0.71,48800,48980,47920,201920,201920,0,4.90E+11,4.90E+11,0,3.13E+14,129098494
2018-01-16,50000,1460,3.01,48760,50140,48620,407793,407793,0,1.01E+12,1.01E+12,0,3.23E+14,129098494
2018-01-17,49620,-380,-0.76,50020,50020,49060,221061,221061,0,5.49E+11,5.49E+11,0,3.20E+14,129098494
2018-01-18,49900,280,0.56,50020,50640,49820,296977,296977,0,7.46E+11,7.46E+11,0,3.22E+14,129098494
2018-01-19,49320,-580,-1.16,50380,50380,49040,184399,184399,0,4.57E+11,4.57E+11,0,3.18E+14,129098494
2018-01-22,48240,-1080,-2.19,48640,48680,47960,250418,250418,0,6.03E+11,6.03E+11,0,3.11E+14,129098494
2018-01-23,49160,920,1.91,48660,49160,48300,270654,270654,0,6.60E+11,6.60E+11,0,3.17E+14,129098494
2018-01-24,49340,180,0.37,48860,49700,48560,191010,191010,0,4.71E+11,4.71E+11,0,3.18E+14,129098494
2018-01-25,50260,920,1.86,49220,50360,49160,223207,223207,0,5.57E+11,5.57E+11,0,3.24E+14,129098494
2018-01-26,50780,520,1.03,50500,50780,49840,207002,207002,0,5.22E+11,5.22E+11,0,3.28E+14,129098494
2018-01-29,51220,440,0.87,51200,51480,50900,236776,236776,0,6.07E+11,6.07E+11,0,3.31E+14,129098494
2018-01-30,49800,-1420,-2.77,50440,50640,49780,245691,245691,0,6.16E+11,6.16E+11,0,3.21E+14,129098494
2018-01-31,49900,100,0.2,50020,54140,49600,1293626,1293626,0,3.35E+12,3.35E+12,0,3.22E+14,129098494
2018-02-01,49820,-80,-0.16,50620,50960,49720,552189,552189,0,1.39E+12,1.39E+12,0,3.22E+14,129098494
2018-02-02,47700,-2120,-4.26,49380,49400,47700,585207,585207,0,1.41E+12,1.41E+12,0,3.08E+14,129098494
2018-02-05,47920,220,0.46,46500,48320,46000,567158,567158,0,1.33E+12,1.33E+12,0,3.09E+14,129098494
2018-02-06,47420,-500,-1.04,46600,47920,46580,388129,388129,0,9.14E+11,9.14E+11,0,3.06E+14,129098494
2018-02-07,45800,-1620,-3.42,48240,48260,45800,468961,468961,0,1.10E+12,1.10E+12,0,2.96E+14,129098494
2018-02-08,46000,200,0.44,46120,46620,45980,465021,465021,0,1.08E+12,1.08E+12,0,2.95E+14,128386494
2018-02-09,44700,-1300,-2.83,44440,45180,44420,349300,349300,0,7.81E+11,7.81E+11,0,2.87E+14,128386494
2018-02-12,45720,1020,2.28,45100,46320,45040,315099,315099,0,7.20E+11,7.20E+11,0,2.93E+14,128386494
2018-02-13,47540,1820,3.98,46200,48060,46200,378465,378465,0,8.97E+11,8.97E+11,0,3.05E+14,128386494
2018-02-14,49000,1460,3.07,48080,49100,47940,378118,378118,0,9.23E+11,9.23E+11,0,3.15E+14,128386494
2018-02-19,48380,-620,-1.27,49800,49800,47860,307069,307069,0,7.46E+11,7.46E+11,0,3.11E+14,128386494
2018-02-20,47400,-980,-2.03,48040,48160,47220,202452,202452,0,4.81E+11,4.81E+11,0,3.04E+14,128386494
2018-02-21,47280,-120,-0.25,47280,47580,46840,257604,257604,0,6.08E+11,6.08E+11,0,3.04E+14,128386494
2018-02-22,46760,-520,-1.1,47260,47260,46760,177399,177399,0,4.17E+11,4.17E+11,0,3.00E+14,128386494
2018-02-23,47220,460,0.98,46760,47800,46760,248466,248466,0,5.87E+11,5.87E+11,0,3.03E+14,128386494
2018-02-26,47380,160,0.34,47280,47560,47080,191213,191213,0,4.52E+11,4.52E+11,0,3.04E+14,128386494
2018-02-27,47380,0,0,48360,48380,47380,196611,196611,0,4.70E+11,4.70E+11,0,3.04E+14,128386494
2018-02-28,47060,-320,-0.68,47380,48100,47000,303247,303247,0,7.19E+11,7.19E+11,0,3.02E+14,128386494
2018-03-02,46020,-1040,-2.21,46580,46800,46000,265310,265310,0,6.13E+11,6.13E+11,0,2.95E+14,128386494
2018-03-05,45200,-820,-1.78,45820,46160,45080,282019,282019,0,6.40E+11,6.40E+11,0,2.90E+14,128386494
2018-03-06,47020,1820,4.03,45920,47100,45820,308467,308467,0,7.19E+11,7.19E+11,0,3.02E+14,128386494
2018-03-07,48620,1600,3.4,48200,48900,47220,428541,428541,0,1.04E+12,1.04E+12,0,3.12E+14,128386494
2018-03-08,49200,580,1.19,49200,49480,48080,389273,389273,0,9.53E+11,9.53E+11,0,3.16E+14,128386494
2018-03-09,49740,540,1.1,49440,50540,49240,286088,286088,0,7.14E+11,7.14E+11,0,3.19E+14,128386494
2018-03-12,49740,0,0,50560,50780,49580,173779,173779,0,4.35E+11,4.35E+11,0,3.19E+14,128386494
2018-03-13,51660,1920,3.86,50760,51660,50360,401974,401974,0,1.03E+12,1.03E+12,0,3.32E+14,128386494
2018-03-14,51760,100,0.19,51020,52000,51000,254265,254265,0,6.55E+11,6.55E+11,0,3.32E+14,128386494
2018-03-15,51540,-220,-0.43,52000,52020,51020,177649,177649,0,4.58E+11,4.58E+11,0,3.31E+14,128386494
2018-03-16,51140,-400,-0.78,51220,51420,50240,243698,243698,0,6.19E+11,6.19E+11,0,3.28E+14,128386494
2018-03-19,50740,-400,-0.78,50620,51340,50440,164377,164377,0,4.17E+11,4.17E+11,0,3.26E+14,128386494
2018-03-20,51200,460,0.91,50700,51200,50100,163865,163865,0,4.15E+11,4.15E+11,0,3.29E+14,128386494
2018-03-21,51060,-140,-0.27,51780,51780,51060,178104,178104,0,4.56E+11,4.56E+11,0,3.28E+14,128386494
2018-03-22,51780,720,1.41,51060,51780,51040,169082,169082,0,4.35E+11,4.35E+11,0,3.32E+14,128386494
2018-03-23,49720,-2060,-3.98,50340,50720,49600,297099,297099,0,7.45E+11,7.45E+11,0,3.19E+14,128386494
2018-03-26,50280,560,1.13,49420,50280,49040,201155,201155,0,5.01E+11,5.01E+11,0,3.23E+14,128386494
2018-03-27,49980,-300,-0.6,50320,50460,49080,237480,237480,0,5.92E+11,5.92E+11,0,3.21E+14,128386494
2018-03-28,48700,-1280,-2.56,49100,49100,48340,303189,303189,0,7.38E+11,7.38E+11,0,3.13E+14,128386494
2018-03-29,49040,340,0.7,48700,49560,48320,201340,201340,0,4.92E+11,4.92E+11,0,3.15E+14,128386494
2018-03-30,49220,180,0.37,49080,49900,49080,155542,155542,0,3.86E+11,3.86E+11,0,3.16E+14,128386494
2018-04-02,48540,-680,-1.38,49000,49220,48500,142313,142313,0,3.46E+11,3.46E+11,0,3.12E+14,128386494
2018-04-03,48120,-420,-0.87,47880,48140,47280,255365,255365,0,6.09E+11,6.09E+11,0,3.09E+14,128386494
2018-04-04,46920,-1200,-2.49,48160,48260,46920,247684,247684,0,5.87E+11,5.87E+11,0,3.01E+14,128386494
2018-04-05,48740,1820,3.88,47400,49380,47340,264912,264912,0,6.43E+11,6.43E+11,0,3.13E+14,128386494
2018-04-06,48400,-340,-0.7,48000,48580,47400,250654,250654,0,6.03E+11,6.03E+11,0,3.11E+14,128386494
2018-04-09,49200,800,1.65,48260,49440,48200,199008,199008,0,4.88E+11,4.88E+11,0,3.16E+14,128386494
2018-04-10,48880,-320,-0.65,48540,49220,48040,219687,219687,0,5.35E+11,5.35E+11,0,3.14E+14,128386494
2018-04-11,48860,-20,-0.04,49900,49900,48600,201022,201022,0,4.95E+11,4.95E+11,0,3.14E+14,128386494
2018-04-12,49000,140,0.29,49440,49440,48880,249325,249325,0,6.12E+11,6.12E+11,0,3.15E+14,128386494
2018-04-13,49800,800,1.63,49600,50180,49400,205566,205566,0,5.13E+11,5.13E+11,0,3.20E+14,128386494
2018-04-16,50340,540,1.08,50320,50600,49860,157549,157549,0,3.96E+11,3.96E+11,0,3.23E+14,128386494
2018-04-17,49980,-360,-0.72,50240,50540,49820,155440,155440,0,3.89E+11,3.89E+11,0,3.21E+14,128386494
2018-04-18,51360,1380,2.76,51000,51360,50580,269252,269252,0,6.89E+11,6.89E+11,0,3.30E+14,128386494
2018-04-19,52780,1420,2.76,52000,52980,51540,343811,343811,0,9.02E+11,9.02E+11,0,3.39E+14,128386494
2018-04-20,51620,-1160,-2.2,51800,52260,51420,235220,235220,0,6.09E+11,6.09E+11,0,3.31E+14,128386494
2018-04-23,51900,280,0.54,51000,52080,51000,232380,232380,0,6.01E+11,6.01E+11,0,3.33E+14,128386494
2018-04-24,50460,-1440,-2.77,51840,51860,50080,315406,315406,0,8.00E+11,8.00E+11,0,3.24E+14,128386494
2018-04-25,50400,-60,-0.12,49220,50500,49220,332292,332292,0,8.27E+11,8.27E+11,0,3.24E+14,128386494
2018-04-26,52140,1740,3.45,50420,52160,50400,360931,360931,0,9.32E+11,9.32E+11,0,3.35E+14,128386494
2018-04-27,53000,860,1.65,53380,53640,52440,606216,606216,0,1.61E+12,1.61E+12,0,3.40E+14,128386494
2018-04-30,53000,0,0,0,0,0,0,0,0,0,0,0,3.40E+14,128386494
2018-05-02,53000,0,0,0,0,0,0,0,0,0,0,0,3.40E+14,128386494
2018-05-03,53000,0,0,0,0,0,0,0,0,0,0,0,3.40E+14,128386494
2018-05-04,51900,-1100,-2.08,53000,53900,51800,39565391,39565391,0,2.08E+12,2.08E+12,0,3.33E+14,6419324700
2018-05-08,52600,700,1.35,52600,53200,51900,23104720,23104720,0,1.22E+12,1.22E+12,0,3.38E+14,6419324700
2018-05-09,50900,-1700,-3.23,52600,52800,50900,16128305,16128305,0,8.31E+11,8.31E+11,0,3.27E+14,6419324700
2018-05-10,51600,700,1.38,51700,51700,50600,13905263,13905263,0,7.12E+11,7.12E+11,0,3.31E+14,6419324700
2018-05-11,51300,-300,-0.58,52000,52200,51200,10314997,10314997,0,5.34E+11,5.34E+11,0,3.29E+14,6419324700
2018-05-14,50100,-1200,-2.34,51000,51100,49900,14909272,14909272,0,7.50E+11,7.50E+11,0,3.22E+14,6419324700
2018-05-15,49200,-900,-1.8,50200,50400,49100,18709146,18709146,0,9.26E+11,9.26E+11,0,3.16E+14,6419324700
2018-05-16,49850,650,1.32,49200,50200,49150,15918683,15918683,0,7.92E+11,7.92E+11,0,3.20E+14,6419324700
2018-05-17,49400,-450,-0.9,50300,50500,49400,10365440,10365440,0,5.16E+11,5.16E+11,0,3.17E+14,6419324700
2018-05-18,49500,100,0.2,49900,49900,49350,6706570,6706570,0,3.32E+11,3.32E+11,0,3.18E+14,6419324700
2018-05-21,50000,500,1.01,49650,50200,49100,9020998,9020998,0,4.49E+11,4.49E+11,0,3.21E+14,6419324700
2018-05-23,51800,1800,3.6,50600,52000,50400,17095490,17095490,0,8.79E+11,8.79E+11,0,3.33E+14,6419324700
2018-05-24,51400,-400,-0.77,52000,52000,51100,8289275,8289275,0,4.26E+11,4.26E+11,0,3.30E+14,6419324700
2018-05-25,52700,1300,2.53,51000,52800,50800,15207266,15207266,0,7.95E+11,7.95E+11,0,3.38E+14,6419324700
2018-05-28,52300,-400,-0.76,52500,53000,52000,9787820,9787820,0,5.13E+11,5.13E+11,0,3.36E+14,6419324700
2018-05-29,51300,-1000,-1.91,52200,52500,51300,8480437,8480437,0,4.38E+11,4.38E+11,0,3.29E+14,6419324700
2018-05-30,49500,-1800,-3.51,51300,51500,49100,20498098,20498098,0,1.03E+12,1.03E+12,0,3.18E+14,6419324700
2018-05-31,50700,1200,2.42,50400,50800,49850,63491109,63491109,0,3.16E+12,3.16E+12,0,3.25E+14,6419324700
2018-06-01,51300,600,1.18,50500,51700,49950,13038499,13038499,0,6.65E+11,6.65E+11,0,3.29E+14,6419324700
2018-06-04,51100,-200,-0.39,50800,51200,50700,9767171,9767171,0,4.98E+11,4.98E+11,0,3.28E+14,6419324700
2018-06-05,51300,200,0.39,51100,51400,50400,9144100,9144100,0,4.66E+11,4.66E+11,0,3.29E+14,6419324700
2018-06-07,50600,-700,-1.36,51800,51800,50500,13590016,13590016,0,6.93E+11,6.93E+11,0,3.25E+14,6419324700
2018-06-08,49650,-950,-1.88,50200,50400,49600,16951706,16951706,0,8.45E+11,8.45E+11,0,3.19E+14,6419324700
2018-06-11,49900,250,0.5,49750,50300,49350,10571312,10571312,0,5.27E+11,5.27E+11,0,3.20E+14,6419324700
2018-06-12,49400,-500,-1,49700,49800,49250,12110569,12110569,0,5.99E+11,5.99E+11,0,3.17E+14,6419324700
2018-06-14,48200,-1200,-2.43,49000,49000,48200,20971729,20971729,0,1.02E+12,1.02E+12,0,3.09E+14,6419324700
2018-06-15,47650,-550,-1.14,48500,48700,47650,17080892,17080892,0,8.20E+11,8.20E+11,0,3.06E+14,6419324700
2018-06-18,46600,-1050,-2.2,47600,47650,46200,16661870,16661870,0,7.77E+11,7.77E+11,0,2.99E+14,6419324700
2018-06-19,47000,400,0.86,47200,47350,46500,15217971,15217971,0,7.15E+11,7.15E+11,0,3.02E+14,6419324700
2018-06-20,47000,0,0,47450,47600,46850,12959316,12959316,0,6.12E+11,6.12E+11,0,3.02E+14,6419324700
2018-06-21,47050,50,0.11,47900,47900,47050,10015541,10015541,0,4.74E+11,4.74E+11,0,3.02E+14,6419324700
2018-06-22,47250,200,0.43,47000,47250,46200,10298006,10298006,0,4.82E+11,4.82E+11,0,3.03E+14,6419324700
2018-06-25,46650,-600,-1.27,47050,47050,46150,10587711,10587711,0,4.93E+11,4.93E+11,0,2.99E+14,6419324700
2018-06-26,47000,350,0.75,45900,47300,45900,11223166,11223166,0,5.23E+11,5.23E+11,0,3.02E+14,6419324700
2018-06-27,47950,950,2.02,47450,48500,47000,15274752,15274752,0,7.28E+11,7.28E+11,0,3.08E+14,6419324700
2018-06-28,46800,-1150,-2.4,46850,47150,46600,12784800,12784800,0,5.98E+11,5.98E+11,0,3.00E+14,6419324700
2018-06-29,46650,-150,-0.32,46250,47150,46200,14099635,14099635,0,6.58E+11,6.58E+11,0,2.99E+14,6419324700
2018-07-02,45550,-1100,-2.36,46500,47150,45500,13112253,13112253,0,6.07E+11,6.07E+11,0,2.92E+14,6419324700
2018-07-03,46150,600,1.32,45750,46450,45750,10959655,10959655,0,5.06E+11,5.06E+11,0,2.96E+14,6419324700
2018-07-04,46250,100,0.22,46700,47050,46050,8776763,8776763,0,4.08E+11,4.08E+11,0,2.97E+14,6419324700
2018-07-05,45950,-300,-0.65,46100,46550,45600,7039773,7039773,0,3.23E+11,3.23E+11,0,2.95E+14,6419324700
2018-07-06,44900,-1050,-2.29,45500,45850,44650,17843706,17843706,0,8.04E+11,8.04E+11,0,2.88E+14,6419324700
2018-07-09,45600,700,1.56,45500,46100,45200,11602464,11602464,0,5.29E+11,5.29E+11,0,2.93E+14,6419324700
2018-07-10,46300,700,1.54,46200,46550,46100,10528665,10528665,0,4.88E+11,4.88E+11,0,2.97E+14,6419324700
2018-07-11,46000,-300,-0.65,46400,46450,45400,11224077,11224077,0,5.15E+11,5.15E+11,0,2.95E+14,6419324700
2018-07-12,45500,-500,-1.09,45900,46250,45450,11828104,11828104,0,5.41E+11,5.41E+11,0,2.92E+14,6419324700
2018-07-13,46500,1000,2.2,45800,46500,45750,11543389,11543389,0,5.33E+11,5.33E+11,0,2.98E+14,6419324700
2018-07-16,46050,-450,-0.97,46800,46800,46000,7678719,7678719,0,3.56E+11,3.56E+11,0,2.96E+14,6419324700
2018-07-17,45850,-200,-0.43,46150,46200,45600,8892953,8892953,0,4.08E+11,4.08E+11,0,2.94E+14,6419324700
2018-07-18,46550,700,1.53,46700,47200,46450,10952645,10952645,0,5.12E+11,5.12E+11,0,2.99E+14,6419324700
2018-07-19,46900,350,0.75,47050,47200,46600,9880128,9880128,0,4.64E+11,4.64E+11,0,3.01E+14,6419324700
2018-07-20,47450,550,1.17,47000,47600,46700,10474547,10474547,0,4.94E+11,4.94E+11,0,3.05E+14,6419324700
2018-07-23,46500,-950,-2,47100,47200,46150,10823782,10823782,0,5.03E+11,5.03E+11,0,2.98E+14,6419324700
2018-07-24,46150,-350,-0.75,46350,46600,45950,8261363,8261363,0,3.82E+11,3.82E+11,0,2.96E+14,6419324700
2018-07-25,46150,0,0,46250,46550,45900,7222471,7222471,0,3.33E+11,3.33E+11,0,2.96E+14,6419324700
2018-07-26,46900,750,1.63,46100,47000,46000,7374946,7374946,0,3.44E+11,3.44E+11,0,3.01E+14,6419324700
2018-07-27,46900,0,0,46450,47000,46450,4762460,4762460,0,2.22E+11,2.22E+11,0,3.01E+14,6419324700
2018-07-30,46500,-400,-0.85,46550,46800,46350,5723035,5723035,0,2.66E+11,2.66E+11,0,2.98E+14,6419324700
2018-07-31,46250,-250,-0.54,46200,46450,46000,8033607,8033607,0,3.71E+11,3.71E+11,0,2.97E+14,6419324700
2018-08-01,46550,300,0.65,46050,46850,46050,7484499,7484499,0,3.48E+11,3.48E+11,0,2.99E+14,6419324700
2018-08-02,45550,-1000,-2.15,46550,46800,45500,8560924,8560924,0,3.94E+11,3.94E+11,0,2.92E+14,6419324700
2018-08-03,45750,200,0.44,45850,45900,45450,8274944,8274944,0,3.78E+11,3.78E+11,0,2.94E+14,6419324700
2018-08-06,45800,50,0.11,46150,46150,45750,6771979,6771979,0,3.11E+11,3.11E+11,0,2.94E+14,6419324700
2018-08-07,46700,900,1.97,46300,46750,45900,9058174,9058174,0,4.21E+11,4.21E+11,0,3.00E+14,6419324700
2018-08-08,46800,100,0.21,47000,47000,46550,6429338,6429338,0,3.00E+11,3.00E+11,0,3.00E+14,6419324700
2018-08-09,46900,100,0.21,47000,47050,46450,12010886,12010886,0,5.62E+11,5.62E+11,0,3.01E+14,6419324700
2018-08-10,45400,-1500,-3.2,46150,46400,44850,16670643,16670643,0,7.57E+11,7.57E+11,0,2.91E+14,6419324700
2018-08-13,45050,-350,-0.77,44950,45100,44650,9803831,9803831,0,4.40E+11,4.40E+11,0,2.89E+14,6419324700
2018-08-14,45150,100,0.22,44850,45400,44850,6409259,6409259,0,2.90E+11,2.90E+11,0,2.90E+14,6419324700
2018-08-16,44250,-900,-1.99,43800,44650,43700,10088229,10088229,0,4.45E+11,4.45E+11,0,2.84E+14,6419324700
2018-08-17,44100,-150,-0.34,44050,44400,44050,6808747,6808747,0,3.01E+11,3.01E+11,0,2.83E+14,6419324700
2018-08-20,43850,-250,-0.57,43500,44200,43500,7289124,7289124,0,3.19E+11,3.19E+11,0,2.81E+14,6419324700
2018-08-21,44800,950,2.17,43700,44900,43700,9520270,9520270,0,4.24E+11,4.24E+11,0,2.88E+14,6419324700
2018-08-22,46100,1300,2.9,45150,46200,44900,11641656,11641656,0,5.33E+11,5.33E+11,0,2.96E+14,6419324700
2018-08-23,46200,100,0.22,46150,46200,45700,6730918,6730918,0,3.09E+11,3.09E+11,0,2.97E+14,6419324700
2018-08-24,46150,-50,-0.11,45900,46400,45550,6582535,6582535,0,3.02E+11,3.02E+11,0,2.96E+14,6419324700
2018-08-27,46300,150,0.33,46100,46550,46000,5263782,5263782,0,2.44E+11,2.44E+11,0,2.97E+14,6419324700
2018-08-28,46550,250,0.54,46800,46950,46300,7365976,7365976,0,3.43E+11,3.43E+11,0,2.99E+14,6419324700
2018-08-29,46800,250,0.54,46750,46800,46400,5572374,5572374,0,2.60E+11,2.60E+11,0,3.00E+14,6419324700
2018-08-30,47650,850,1.82,46950,47950,46700,12193231,12193231,0,5.80E+11,5.80E+11,0,3.06E+14,6419324700
2018-08-31,48450,800,1.68,47100,48450,47000,13577454,13577454,0,6.52E+11,6.52E+11,0,3.11E+14,6419324700
2018-09-03,47450,-1000,-2.06,48200,48300,47300,8595084,8595084,0,4.09E+11,4.09E+11,0,3.05E+14,6419324700
2018-09-04,47650,200,0.42,47550,47800,47200,6791255,6791255,0,3.23E+11,3.23E+11,0,3.06E+14,6419324700
2018-09-05,46600,-1050,-2.2,47300,47450,46400,9139998,9139998,0,4.29E+11,4.29E+11,0,2.99E+14,6419324700
2018-09-06,46100,-500,-1.07,46200,46400,45800,9040553,9040553,0,4.16E+11,4.16E+11,0,2.96E+14,6419324700
2018-09-07,44900,-1200,-2.6,44500,45200,44400,18285508,18285508,0,8.19E+11,8.19E+11,0,2.88E+14,6419324700
2018-09-10,45500,600,1.34,45450,45550,45000,9979838,9979838,0,4.52E+11,4.52E+11,0,2.92E+14,6419324700
2018-09-11,45050,-450,-0.99,45550,45900,45050,9865790,9865790,0,4.47E+11,4.47E+11,0,2.89E+14,6419324700
2018-09-12,44550,-500,-1.11,44900,45100,44500,12995269,12995269,0,5.81E+11,5.81E+11,0,2.86E+14,6419324700
2018-09-13,44050,-500,-1.12,44550,44750,44000,18277942,18277942,0,8.08E+11,8.08E+11,0,2.83E+14,6419324700
2018-09-14,45850,1800,4.09,45000,45850,44900,12446344,12446344,0,5.68E+11,5.68E+11,0,2.94E+14,6419324700
2018-09-17,45150,-700,-1.53,45550,45800,44900,8123384,8123384,0,3.67E+11,3.67E+11,0,2.90E+14,6419324700
2018-09-18,45500,350,0.78,44950,45900,44700,9987090,9987090,0,4.55E+11,4.55E+11,0,2.92E+14,6419324700
2018-09-19,46150,650,1.43,46000,46200,45700,9367454,9367454,0,4.31E+11,4.31E+11,0,2.96E+14,6419324700
2018-09-20,47250,1100,2.38,46850,47600,46400,13536966,13536966,0,6.39E+11,6.39E+11,0,3.03E+14,6419324700
2018-09-21,47400,150,0.32,46550,47550,46550,14476906,14476906,0,6.82E+11,6.82E+11,0,3.04E+14,6419324700
2018-09-27,47500,100,0.21,46950,47500,46450,15804586,15804586,0,7.43E+11,7.43E+11,0,3.05E+14,6419324700
2018-09-28,46450,-1050,-2.21,47250,47250,46300,11270515,11270515,0,5.26E+11,5.26E+11,0,2.98E+14,6419324700
2018-10-01,46350,-100,-0.22,46450,46800,45800,6354983,6354983,0,2.94E+11,2.94E+11,0,2.98E+14,6419324700
2018-10-02,45700,-650,-1.4,46450,46700,45700,6607188,6607188,0,3.04E+11,3.04E+11,0,2.93E+14,6419324700
2018-10-04,44700,-1000,-2.19,45150,45600,44700,11865327,11865327,0,5.33E+11,5.33E+11,0,2.87E+14,6419324700
2018-10-05,44700,0,0,44800,45500,44550,10544165,10544165,0,4.73E+11,4.73E+11,0,2.87E+14,6419324700
2018-10-08,44950,250,0.56,44200,45200,44200,6759464,6759464,0,3.04E+11,3.04E+11,0,2.89E+14,6419324700
2018-10-10,45300,350,0.78,45250,45500,44500,10341349,10341349,0,4.68E+11,4.68E+11,0,2.91E+14,6419324700
2018-10-11,43100,-2200,-4.86,44000,44650,43100,19324537,19324537,0,8.44E+11,8.44E+11,0,2.77E+14,6419324700
2018-10-12,44000,900,2.09,43200,44650,43200,12640906,12640906,0,5.56E+11,5.56E+11,0,2.82E+14,6419324700
2018-10-15,43800,-200,-0.45,44050,44050,43350,7434522,7434522,0,3.24E+11,3.24E+11,0,2.81E+14,6419324700
2018-10-16,43600,-200,-0.46,43700,44150,43350,6825677,6825677,0,2.98E+11,2.98E+11,0,2.80E+14,6419324700
2018-10-17,44150,550,1.26,44150,44500,44000,8306193,8306193,0,3.68E+11,3.68E+11,0,2.83E+14,6419324700
2018-10-18,44050,-100,-0.23,43950,44450,43700,8347725,8347725,0,3.68E+11,3.68E+11,0,2.83E+14,6419324700
2018-10-19,43900,-150,-0.34,43900,44150,43450,7842520,7842520,0,3.44E+11,3.44E+11,0,2.82E+14,6419324700
2018-10-22,43550,-350,-0.8,43450,43950,43200,8357648,8357648,0,3.64E+11,3.64E+11,0,2.80E+14,6419324700
2018-10-23,43050,-500,-1.15,43300,43450,42550,9531231,9531231,0,4.10E+11,4.10E+11,0,2.76E+14,6419324700
2018-10-24,42550,-500,-1.16,43050,43100,42250,13522825,13522825,0,5.75E+11,5.75E+11,0,2.73E+14,6419324700
2018-10-25,41000,-1550,-3.64,40600,41550,40550,19338170,19338170,0,7.94E+11,7.94E+11,0,2.63E+14,6419324700
2018-10-26,41000,0,0,41100,41300,40400,14413864,14413864,0,5.89E+11,5.89E+11,0,2.63E+14,6419324700
2018-10-29,41400,400,0.98,40850,41950,40550,14460521,14460521,0,5.98E+11,5.98E+11,0,2.66E+14,6419324700
2018-10-30,42350,950,2.29,41400,43000,41000,14205190,14205190,0,6.04E+11,6.04E+11,0,2.72E+14,6419324700
2018-10-31,42400,50,0.12,42900,43350,41700,17621480,17621480,0,7.47E+11,7.47E+11,0,2.72E+14,6419324700
2018-11-01,42150,-250,-0.59,42450,42950,42150,13423132,13423132,0,5.70E+11,5.70E+11,0,2.71E+14,6419324700
2018-11-02,44150,2000,4.74,43050,44250,42800,16517112,16517112,0,7.16E+11,7.16E+11,0,2.83E+14,6419324700
2018-11-05,43800,-350,-0.79,43750,43800,42900,9426777,9426777,0,4.09E+11,4.09E+11,0,2.81E+14,6419324700
2018-11-06,43750,-50,-0.11,43750,43800,42950,7713625,7713625,0,3.35E+11,3.35E+11,0,2.81E+14,6419324700
2018-11-07,44000,250,0.57,43600,44500,43400,11553998,11553998,0,5.09E+11,5.09E+11,0,2.82E+14,6419324700
2018-11-08,44050,50,0.11,44900,45050,44050,12617397,12617397,0,5.62E+11,5.62E+11,0,2.83E+14,6419324700
2018-11-09,44300,250,0.57,44450,44850,43900,7318500,7318500,0,3.24E+11,3.24E+11,0,2.84E+14,6419324700
2018-11-12,45200,900,2.03,43850,45250,43700,8552566,8552566,0,3.84E+11,3.84E+11,0,2.90E+14,6419324700
2018-11-13,44500,-700,-1.55,43900,44500,43400,9311126,9311126,0,4.10E+11,4.10E+11,0,2.86E+14,6419324700
2018-11-14,44100,-400,-0.9,44500,44500,43800,6783344,6783344,0,2.99E+11,2.99E+11,0,2.83E+14,6419324700
2018-11-15,44250,150,0.34,44050,44350,43500,5864067,5864067,0,2.58E+11,2.58E+11,0,2.84E+14,6419324700
2018-11-16,44000,-250,-0.56,44600,44750,43700,7777124,7777124,0,3.44E+11,3.44E+11,0,2.82E+14,6419324700
2018-11-19,43650,-350,-0.8,44050,44250,43450,7538720,7538720,0,3.29E+11,3.29E+11,0,2.80E+14,6419324700
2018-11-20,42800,-850,-1.95,42450,43000,42100,9420664,9420664,0,4.03E+11,4.03E+11,0,2.75E+14,6419324700
2018-11-21,42100,-700,-1.64,41800,42300,41800,10769589,10769589,0,4.53E+11,4.53E+11,0,2.70E+14,6419324700
2018-11-22,42450,350,0.83,42000,42650,42000,5970796,5970796,0,2.53E+11,2.53E+11,0,2.73E+14,6419324700
2018-11-23,42400,-50,-0.12,42450,42600,41900,5192638,5192638,0,2.19E+11,2.19E+11,0,2.72E+14,6419324700
2018-11-26,42600,200,0.47,42150,42800,42100,6613009,6613009,0,2.81E+11,2.81E+11,0,2.73E+14,6419324700
2018-11-27,43050,450,1.06,42900,43100,42500,8367091,8367091,0,3.58E+11,3.58E+11,0,2.76E+14,6419324700
2018-11-28,43150,100,0.23,42800,43200,42750,6943099,6943099,0,2.98E+11,2.98E+11,0,2.77E+14,6419324700
2018-11-29,43150,0,0,43850,43850,42900,8473511,8473511,0,3.67E+11,3.67E+11,0,2.77E+14,6419324700
2018-11-30,41850,-1300,-3.01,43450,44000,41750,19775519,19775519,0,8.39E+11,8.39E+11,0,2.69E+14,6419324700
2018-12-03,43250,1400,3.35,42750,43400,42400,12110702,12110702,0,5.21E+11,5.21E+11,0,2.78E+14,6419324700
2018-12-04,42150,-1100,-2.54,42650,42900,41900,14347746,14347746,0,6.06E+11,6.06E+11,0,2.71E+14,6419324700
2018-12-05,41450,-700,-1.66,40900,41750,40850,12631983,12631983,0,5.22E+11,5.22E+11,0,2.66E+14,6419324700
2018-12-06,40500,-950,-2.29,40600,41100,40450,14251826,14251826,0,5.79E+11,5.79E+11,0,2.60E+14,6419324700
2018-12-07,40950,450,1.11,40900,41400,40850,11433083,11433083,0,4.70E+11,4.70E+11,0,2.63E+14,6419324700
2018-12-10,40200,-750,-1.83,40450,40650,40000,14892263,14892263,0,5.99E+11,5.99E+11,0,2.58E+14,6419324700
2018-12-11,40250,50,0.12,40600,40700,40200,10638766,10638766,0,4.29E+11,4.29E+11,0,2.58E+14,6419324700
2018-12-12,40450,200,0.5,40250,40700,40150,12024279,12024279,0,4.86E+11,4.86E+11,0,2.41E+14,5969782550
2018-12-13,40000,-450,-1.11,40650,40750,40000,26254646,26254646,0,1.05E+12,1.05E+12,0,2.39E+14,5969782550
2018-12-14,38950,-1050,-2.63,40200,40200,38700,19671783,19671783,0,7.69E+11,7.69E+11,0,2.33E+14,5969782550
2018-12-17,39150,200,0.51,38650,39600,38650,11532968,11532968,0,4.52E+11,4.52E+11,0,2.34E+14,5969782550
2018-12-18,38900,-250,-0.64,38300,39200,38300,11042101,11042101,0,4.30E+11,4.30E+11,0,2.32E+14,5969782550
2018-12-19,39100,200,0.51,38900,39350,38850,9942037,9942037,0,3.88E+11,3.88E+11,0,2.33E+14,5969782550
2018-12-20,38650,-450,-1.15,38600,39100,38500,11937617,11937617,0,4.62E+11,4.62E+11,0,2.31E+14,5969782550
2018-12-21,38650,0,0,38200,38650,38100,14947080,14947080,0,5.75E+11,5.75E+11,0,2.31E+14,5969782550
2018-12-24,38800,150,0.39,38500,39050,38300,9729530,9729530,0,3.76E+11,3.76E+11,0,2.32E+14,5969782550
2018-12-26,38350,-450,-1.16,38400,38750,38300,12707675,12707675,0,4.89E+11,4.89E+11,0,2.29E+14,5969782550
2018-12-27,38250,-100,-0.26,38700,38800,38100,10510643,10510643,0,4.04E+11,4.04E+11,0,2.28E+14,5969782550
2018-12-28,38700,450,1.18,38250,38900,38200,9900267,9900267,0,3.83E+11,3.83E+11,0,2.31E+14,5969782550
2019-01-02,38750,50,0.13,39400,39400,38550,7847664,7847664,0,3.05E+11,3.05E+11,0,2.31E+14,5969782550
2019-01-03,37600,-1150,-2.97,38300,38550,37450,12471493,12471493,0,4.73E+11,4.73E+11,0,2.24E+14,5969782550
2019-01-04,37450,-150,-0.4,37450,37600,36850,14108958,14108958,0,5.25E+11,5.25E+11,0,2.24E+14,5969782550
2019-01-07,38750,1300,3.47,38000,38900,37800,12748997,12748997,0,4.91E+11,4.91E+11,0,2.31E+14,5969782550
2019-01-08,38100,-650,-1.68,38000,39200,37950,12756554,12756554,0,4.92E+11,4.92E+11,0,2.27E+14,5969782550
2019-01-09,39600,1500,3.94,38650,39600,38300,17452708,17452708,0,6.83E+11,6.83E+11,0,2.36E+14,5969782550
2019-01-10,39800,200,0.51,40000,40150,39600,14731699,14731699,0,5.87E+11,5.87E+11,0,2.38E+14,5969782550
2019-01-11,40500,700,1.76,40350,40550,39950,11661063,11661063,0,4.70E+11,4.70E+11,0,2.42E+14,5969782550
2019-01-14,40050,-450,-1.11,40450,40700,39850,11984996,11984996,0,4.82E+11,4.82E+11,0,2.39E+14,5969782550
2019-01-15,41100,1050,2.62,40050,41100,39850,11492756,11492756,0,4.68E+11,4.68E+11,0,2.45E+14,5969782550
2019-01-16,41450,350,0.85,41150,41450,40700,8491595,8491595,0,3.50E+11,3.50E+11,0,2.47E+14,5969782550
2019-01-17,41950,500,1.21,41700,42100,41450,11736903,11736903,0,4.91E+11,4.91E+11,0,2.50E+14,5969782550
2019-01-18,42300,350,0.83,42000,42400,41950,11029256,11029256,0,4.66E+11,4.66E+11,0,2.53E+14,5969782550
2019-01-21,42750,450,1.06,42700,42750,41900,11355701,11355701,0,4.82E+11,4.82E+11,0,2.55E+14,5969782550
2019-01-22,42150,-600,-1.4,42750,42850,41850,9964356,9964356,0,4.20E+11,4.20E+11,0,2.52E+14,5969782550
2019-01-23,42000,-150,-0.36,41350,42250,41350,11071079,11071079,0,4.63E+11,4.63E+11,0,2.51E+14,5969782550
2019-01-24,43050,1050,2.5,43050,43100,42350,14747623,14747623,0,6.32E+11,6.32E+11,0,2.57E+14,5969782550
2019-01-25,44750,1700,3.95,44300,44750,43750,22789395,22789395,0,1.01E+12,1.01E+12,0,2.67E+14,5969782550
2019-01-28,45050,300,0.67,45000,45500,44600,17998914,17998914,0,8.12E+11,8.12E+11,0,2.69E+14,5969782550
2019-01-29,45500,450,1,45050,45500,44350,16215017,16215017,0,7.30E+11,7.30E+11,0,2.72E+14,5969782550
2019-01-30,46400,900,1.98,44800,46400,44800,17505980,17505980,0,8.02E+11,8.02E+11,0,2.77E+14,5969782550
2019-01-31,46150,-250,-0.54,46650,47050,46150,21621145,21621145,0,1.01E+12,1.01E+12,0,2.76E+14,5969782550
2019-02-01,46350,200,0.43,46650,46950,46250,13832454,13832454,0,6.44E+11,6.44E+11,0,2.77E+14,5969782550
2019-02-07,46200,-150,-0.32,46800,47100,46200,15872001,15872001,0,7.39E+11,7.39E+11,0,2.76E+14,5969782550
2019-02-08,44800,-1400,-3.03,45700,45700,44650,12689196,12689196,0,5.71E+11,5.71E+11,0,2.67E+14,5969782550
2019-02-11,45000,200,0.45,44500,45000,44250,11125044,11125044,0,4.96E+11,4.96E+11,0,2.69E+14,5969782550
2019-02-12,46050,1050,2.33,44650,46250,44650,13184367,13184367,0,6.04E+11,6.04E+11,0,2.75E+14,5969782550
2019-02-13,46200,150,0.33,46400,46700,46000,11299738,11299738,0,5.23E+11,5.23E+11,0,2.76E+14,5969782550
2019-02-14,47500,1300,2.81,46600,47500,46150,17259341,17259341,0,8.09E+11,8.09E+11,0,2.84E+14,5969782550
2019-02-15,46050,-1450,-3.05,46750,46850,45650,10554643,10554643,0,4.88E+11,4.88E+11,0,2.75E+14,5969782550
2019-02-18,46200,150,0.33,46500,46850,45850,8183728,8183728,0,3.79E+11,3.79E+11,0,2.76E+14,5969782550
2019-02-19,45950,-250,-0.54,45850,46150,45450,6741395,6741395,0,3.09E+11,3.09E+11,0,2.74E+14,5969782550
2019-02-20,46900,950,2.07,46750,47100,46500,11506720,11506720,0,5.39E+11,5.39E+11,0,2.80E+14,5969782550
2019-02-21,46950,50,0.11,46500,47200,46200,8694009,8694009,0,4.06E+11,4.06E+11,0,2.80E+14,5969782550
2019-02-22,47150,200,0.43,46500,47150,46450,6895772,6895772,0,3.23E+11,3.23E+11,0,2.81E+14,5969782550
2019-02-25,47350,200,0.42,47400,47550,47050,7484716,7484716,0,3.54E+11,3.54E+11,0,2.83E+14,5969782550
2019-02-26,46750,-600,-1.27,47350,47450,46500,7985547,7985547,0,3.75E+11,3.75E+11,0,2.79E+14,5969782550
2019-02-27,46750,0,0,47000,47250,46750,8045211,8045211,0,3.78E+11,3.78E+11,0,2.79E+14,5969782550
2019-02-28,45100,-1650,-3.53,46400,46500,45100,23569321,23569321,0,1.07E+12,1.07E+12,0,2.69E+14,5969782550
2019-03-04,44850,-250,-0.55,46000,46100,44800,12926539,12926539,0,5.86E+11,5.86E+11,0,2.68E+14,5969782550
2019-03-05,44250,-600,-1.34,44600,45100,44150,10612405,10612405,0,4.72E+11,4.72E+11,0,2.64E+14,5969782550
2019-03-06,44000,-250,-0.56,44000,44300,43700,10202544,10202544,0,4.48E+11,4.48E+11,0,2.63E+14,5969782550
2019-03-07,44450,450,1.02,43400,44950,43400,11049749,11049749,0,4.90E+11,4.90E+11,0,2.65E+14,5969782550
2019-03-08,43800,-650,-1.46,44450,44800,43800,7729069,7729069,0,3.40E+11,3.40E+11,0,2.61E+14,5969782550
2019-03-11,43650,-150,-0.34,44400,44450,43650,10717408,10717408,0,4.71E+11,4.71E+11,0,2.61E+14,5969782550
2019-03-12,44650,1000,2.29,44300,44950,44150,11431977,11431977,0,5.09E+11,5.09E+11,0,2.67E+14,5969782550
2019-03-13,43850,-800,-1.79,44250,44450,43700,8108343,8108343,0,3.56E+11,3.56E+11,0,2.62E+14,5969782550
2019-03-14,43850,0,0,43700,44300,43550,18039161,18039161,0,7.90E+11,7.90E+11,0,2.62E+14,5969782550
2019-03-15,44200,350,0.8,43800,44250,43700,16814163,16814163,0,7.40E+11,7.40E+11,0,2.64E+14,5969782550
2019-03-18,43700,-500,-1.13,43950,44150,43450,8188876,8188876,0,3.58E+11,3.58E+11,0,2.61E+14,5969782550
2019-03-19,43900,200,0.46,43750,43900,43550,7609563,7609563,0,3.33E+11,3.33E+11,0,2.62E+14,5969782550
2019-03-20,44050,150,0.34,43800,44200,43100,9846242,9846242,0,4.29E+11,4.29E+11,0,2.63E+14,5969782550
2019-03-21,45850,1800,4.09,44600,46250,44050,21138016,21138016,0,9.66E+11,9.66E+11,0,2.74E+14,5969782550
2019-03-22,46550,700,1.53,46850,47000,46250,12535911,12535911,0,5.83E+11,5.83E+11,0,2.78E+14,5969782550
2019-03-25,45500,-1050,-2.26,45300,45650,44800,8699728,8699728,0,3.94E+11,3.94E+11,0,2.72E+14,5969782550
2019-03-26,45250,-250,-0.55,45500,45700,44900,9729811,9729811,0,4.40E+11,4.40E+11,0,2.70E+14,5969782550
2019-03-27,45350,100,0.22,44750,45600,44250,9568081,9568081,0,4.31E+11,4.31E+11,0,2.71E+14,5969782550
2019-03-28,44850,-500,-1.1,44950,45200,44300,6821306,6821306,0,3.06E+11,3.06E+11,0,2.68E+14,5969782550
2019-03-29,44650,-200,-0.45,44500,44900,44200,11491713,11491713,0,5.12E+11,5.12E+11,0,2.67E+14,5969782550
2019-04-01,45050,400,0.9,45200,45450,44850,7362129,7362129,0,3.32E+11,3.32E+11,0,2.69E+14,5969782550
2019-04-02,45750,700,1.55,45550,46100,45350,9480688,9480688,0,4.34E+11,4.34E+11,0,2.73E+14,5969782550
2019-04-03,46600,850,1.86,46750,46750,45800,12436570,12436570,0,5.77E+11,5.77E+11,0,2.78E+14,5969782550
2019-04-04,46950,350,0.75,46150,47100,46150,12650168,12650168,0,5.91E+11,5.91E+11,0,2.80E+14,5969782550
2019-04-05,46850,-100,-0.21,46950,47550,46600,8546339,8546339,0,4.02E+11,4.02E+11,0,2.80E+14,5969782550
2019-04-08,46650,-200,-0.43,47250,47250,46150,8507909,8507909,0,3.97E+11,3.97E+11,0,2.78E+14,5969782550
2019-04-09,46650,0,0,46700,46950,46200,6878761,6878761,0,3.21E+11,3.21E+11,0,2.78E+14,5969782550
2019-04-10,46700,50,0.11,46400,46700,46050,11883995,11883995,0,5.51E+11,5.51E+11,0,2.79E+14,5969782550
2019-04-11,46250,-450,-0.96,46700,46800,46150,13697399,13697399,0,6.35E+11,6.35E+11,0,2.76E+14,5969782550
2019-04-12,46850,600,1.3,46050,46900,46000,7668936,7668936,0,3.57E+11,3.57E+11,0,2.80E+14,5969782550
2019-04-15,47050,200,0.43,47150,47500,47000,8733019,8733019,0,4.13E+11,4.13E+11,0,2.81E+14,5969782550
2019-04-16,47250,200,0.43,47400,47400,46800,7730881,7730881,0,3.64E+11,3.64E+11,0,2.82E+14,5969782550
2019-04-17,47050,-200,-0.42,47300,47600,47000,5513658,5513658,0,2.60E+11,2.60E+11,0,2.81E+14,5969782550
2019-04-18,45600,-1450,-3.08,47200,47250,45500,12808747,12808747,0,5.89E+11,5.89E+11,0,2.72E+14,5969782550
2019-04-19,45300,-300,-0.66,45750,46000,45250,8479710,8479710,0,3.86E+11,3.86E+11,0,2.70E+14,5969782550
2019-04-22,45350,50,0.11,45400,45900,45100,6006957,6006957,0,2.73E+11,2.73E+11,0,2.71E+14,5969782550
2019-04-23,45200,-150,-0.33,45050,45500,45000,6920566,6920566,0,3.13E+11,3.13E+11,0,2.70E+14,5969782550
2019-04-24,44750,-450,-1,45400,45650,44150,13299267,13299267,0,5.94E+11,5.94E+11,0,2.67E+14,5969782550
2019-04-25,44650,-100,-0.22,44250,45000,44100,10868965,10868965,0,4.85E+11,4.85E+11,0,2.67E+14,5969782550
2019-04-26,44850,200,0.45,44200,45000,43800,9739982,9739982,0,4.34E+11,4.34E+11,0,2.68E+14,5969782550
2019-04-29,46150,1300,2.9,45150,46150,45100,8777517,8777517,0,4.01E+11,4.01E+11,0,2.76E+14,5969782550
2019-04-30,45850,-300,-0.65,46000,46300,45350,11121273,11121273,0,5.10E+11,5.10E+11,0,2.74E+14,5969782550
2019-05-02,45900,50,0.11,45500,46150,45400,8625126,8625126,0,3.95E+11,3.95E+11,0,2.74E+14,5969782550
2019-05-03,45300,-600,-1.31,45900,46050,45300,6562916,6562916,0,2.99E+11,2.99E+11,0,2.70E+14,5969782550
2019-05-07,44850,-450,-0.99,45250,45300,44400,12014907,12014907,0,5.38E+11,5.38E+11,0,2.68E+14,5969782550
2019-05-08,44250,-600,-1.34,44300,44850,44200,10398754,10398754,0,4.62E+11,4.62E+11,0,2.64E+14,5969782550
2019-05-09,42450,-1800,-4.07,43900,44250,42450,23029718,23029718,0,9.94E+11,9.94E+11,0,2.53E+14,5969782550
2019-05-10,42900,450,1.06,42600,43450,42450,14579512,14579512,0,6.25E+11,6.25E+11,0,2.56E+14,5969782550
2019-05-13,42650,-250,-0.58,42500,43200,42350,7635079,7635079,0,3.27E+11,3.27E+11,0,2.55E+14,5969782550
2019-05-14,42650,0,0,41300,43100,41300,11563730,11563730,0,4.91E+11,4.91E+11,0,2.55E+14,5969782550
2019-05-15,42550,-100,-0.23,42700,43050,42550,7670185,7670185,0,3.28E+11,3.28E+11,0,2.54E+14,5969782550
2019-05-16,41550,-1000,-2.35,42350,42400,41350,13687828,13687828,0,5.72E+11,5.72E+11,0,2.48E+14,5969782550
2019-05-17,41200,-350,-0.84,41950,42050,40850,13357951,13357951,0,5.54E+11,5.54E+11,0,2.46E+14,5969782550
2019-05-20,42000,800,1.94,41650,42100,41550,15752397,15752397,0,6.60E+11,6.60E+11,0,2.51E+14,5969782550
2019-05-21,43150,1150,2.74,42600,43950,42350,18812133,18812133,0,8.15E+11,8.15E+11,0,2.58E+14,5969782550
2019-05-22,43500,350,0.81,43700,43800,42400,11033339,11033339,0,4.78E+11,4.78E+11,0,2.60E+14,5969782550
2019-05-23,43850,350,0.8,43900,44000,43250,12259006,12259006,0,5.36E+11,5.36E+11,0,2.62E+14,5969782550
2019-05-24,42700,-1150,-2.62,43800,43800,42400,13966305,13966305,0,5.99E+11,5.99E+11,0,2.55E+14,5969782550
2019-05-27,42650,-50,-0.12,42500,43000,42350,8066669,8066669,0,3.44E+11,3.44E+11,0,2.55E+14,5969782550
2019-05-28,42550,-100,-0.23,42550,42950,42150,24506881,24506881,0,1.04E+12,1.04E+12,0,2.54E+14,5969782550
2019-05-29,41800,-750,-1.76,41850,42100,41300,14930618,14930618,0,6.23E+11,6.23E+11,0,2.50E+14,5969782550
2019-05-30,42550,750,1.79,42200,42700,42150,11766018,11766018,0,5.00E+11,5.00E+11,0,2.54E+14,5969782550
2019-05-31,42500,-50,-0.12,42600,42800,42150,11365999,11365999,0,4.83E+11,4.83E+11,0,2.54E+14,5969782550
2019-06-03,43800,1300,3.06,42950,43900,42500,15466580,15466580,0,6.73E+11,6.73E+11,0,2.61E+14,5969782550
2019-06-04,43450,-350,-0.8,43400,43700,43000,9913497,9913497,0,4.29E+11,4.29E+11,0,2.59E+14,5969782550
2019-06-05,43900,450,1.04,44050,44200,43700,12464135,12464135,0,5.48E+11,5.48E+11,0,2.62E+14,5969782550
2019-06-07,44200,300,0.68,43600,44350,43450,11683682,11683682,0,5.14E+11,5.14E+11,0,2.64E+14,5969782550
2019-06-10,44800,600,1.36,44300,44850,44050,8792182,8792182,0,3.92E+11,3.92E+11,0,2.67E+14,5969782550
2019-06-11,44850,50,0.11,44800,45000,44550,6664872,6664872,0,2.99E+11,2.99E+11,0,2.68E+14,5969782550
2019-06-12,44600,-250,-0.56,44800,45050,44300,8607439,8607439,0,3.84E+11,3.84E+11,0,2.66E+14,5969782550
2019-06-13,43750,-850,-1.91,44200,44400,43400,16906541,16906541,0,7.40E+11,7.40E+11,0,2.61E+14,5969782550
2019-06-14,44000,250,0.57,43750,44150,43300,9322873,9322873,0,4.09E+11,4.09E+11,0,2.63E+14,5969782550
2019-06-17,43900,-100,-0.23,43750,44050,43400,11890424,11890424,0,5.22E+11,5.22E+11,0,2.62E+14,5969782550
2019-06-18,44350,450,1.03,43750,44500,43650,7994928,7994928,0,3.54E+11,3.54E+11,0,2.65E+14,5969782550
2019-06-19,45350,1000,2.25,45450,45450,45000,10417690,10417690,0,4.71E+11,4.71E+11,0,2.71E+14,5969782550
2019-06-20,45500,150,0.33,44850,45500,44850,7147785,7147785,0,3.24E+11,3.24E+11,0,2.72E+14,5969782550
2019-06-21,45700,200,0.44,45750,45800,45200,9454913,9454913,0,4.31E+11,4.31E+11,0,2.73E+14,5969782550
2019-06-24,45500,-200,-0.44,45200,45800,45200,6085066,6085066,0,2.77E+11,2.77E+11,0,2.72E+14,5969782550
2019-06-25,45600,100,0.22,45200,45800,45200,7076774,7076774,0,3.22E+11,3.22E+11,0,2.72E+14,5969782550
2019-06-26,45700,100,0.22,45800,46000,45600,9226097,9226097,0,4.22E+11,4.22E+11,0,2.73E+14,5969782550
2019-06-27,46500,800,1.75,46000,46600,45750,12603534,12603534,0,5.84E+11,5.84E+11,0,2.78E+14,5969782550
2019-06-28,47000,500,1.08,47000,47000,46700,12949231,12949231,0,6.07E+11,6.07E+11,0,2.81E+14,5969782550
2019-07-01,46600,-400,-0.85,47350,47400,46250,11383522,11383522,0,5.32E+11,5.32E+11,0,2.78E+14,5969782550
2019-07-02,46250,-350,-0.75,46200,46900,45850,8463073,8463073,0,3.93E+11,3.93E+11,0,2.76E+14,5969782550
2019-07-03,45400,-850,-1.84,45750,46350,45200,9669368,9669368,0,4.41E+11,4.41E+11,0,2.71E+14,5969782550
2019-07-04,46000,600,1.32,45250,46200,45250,6365573,6365573,0,2.91E+11,2.91E+11,0,2.75E+14,5969782550
2019-07-05,45650,-350,-0.76,45950,45950,45250,7235395,7235395,0,3.29E+11,3.29E+11,0,2.73E+14,5969782550
2019-07-08,44400,-1250,-2.74,44750,44800,44350,7823843,7823843,0,3.48E+11,3.48E+11,0,2.65E+14,5969782550
2019-07-09,45100,700,1.58,44850,45450,44700,7646421,7646421,0,3.45E+11,3.45E+11,0,2.69E+14,5969782550
2019-07-10,45550,450,1,45550,46150,45500,9253930,9253930,0,4.24E+11,4.24E+11,0,2.72E+14,5969782550
2019-07-11,46200,650,1.43,46350,46550,46150,10989751,10989751,0,5.09E+11,5.09E+11,0,2.76E+14,5969782550
2019-07-12,46300,100,0.22,46350,46400,45800,5245804,5245804,0,2.42E+11,2.42E+11,0,2.76E+14,5969782550
2019-07-15,46450,150,0.32,45950,46650,45750,4717226,4717226,0,2.18E+11,2.18E+11,0,2.77E+14,5969782550
2019-07-16,46850,400,0.86,46450,46850,46300,7407824,7407824,0,3.46E+11,3.46E+11,0,2.80E+14,5969782550
2019-07-17,46050,-800,-1.71,46150,46350,45950,5216602,5216602,0,2.40E+11,2.40E+11,0,2.75E+14,5969782550
2019-07-18,46100,50,0.11,46450,46450,45650,5143554,5143554,0,2.37E+11,2.37E+11,0,2.75E+14,5969782550
2019-07-19,46800,700,1.52,46650,46950,46600,8819393,8819393,0,4.13E+11,4.13E+11,0,2.79E+14,5969782550
2019-07-22,47200,400,0.85,46800,47300,46600,9009109,9009109,0,4.24E+11,4.24E+11,0,2.82E+14,5969782550
2019-07-23,47300,100,0.21,47350,47550,47050,9061381,9061381,0,4.29E+11,4.29E+11,0,2.82E+14,5969782550
2019-07-24,46400,-900,-1.9,47100,47150,46250,8756522,8756522,0,4.09E+11,4.09E+11,0,2.77E+14,5969782550
2019-07-25,47200,800,1.72,47150,47200,46600,8408838,8408838,0,3.96E+11,3.96E+11,0,2.82E+14,5969782550
2019-07-26,47150,-50,-0.11,46650,47150,46550,7873886,7873886,0,3.69E+11,3.69E+11,0,2.81E+14,5969782550
2019-07-29,46100,-1050,-2.23,46800,47050,46000,6856846,6856846,0,3.18E+11,3.18E+11,0,2.75E+14,5969782550
2019-07-30,46550,450,0.98,46300,46850,46300,5551014,5551014,0,2.59E+11,2.59E+11,0,2.78E+14,5969782550
2019-07-31,45350,-1200,-2.58,46200,46600,45000,12872916,12872916,0,5.87E+11,5.87E+11,0,2.71E+14,5969782550
2019-08-01,45200,-150,-0.33,44900,45500,44850,7811181,7811181,0,3.53E+11,3.53E+11,0,2.70E+14,5969782550
2019-08-02,44950,-250,-0.55,44550,45500,44300,12151374,12151374,0,5.45E+11,5.45E+11,0,2.68E+14,5969782550
2019-08-05,43950,-1000,-2.22,44350,44600,43600,14214086,14214086,0,6.26E+11,6.26E+11,0,2.62E+14,5969782550
2019-08-06,43500,-450,-1.02,42500,43800,42500,15083824,15083824,0,6.55E+11,6.55E+11,0,2.60E+14,5969782550
2019-08-07,43200,-300,-0.69,43600,43900,43100,10002533,10002533,0,4.35E+11,4.35E+11,0,2.58E+14,5969782550
2019-08-08,42650,-550,-1.27,43250,43500,42650,16926881,16926881,0,7.28E+11,7.28E+11,0,2.55E+14,5969782550
2019-08-09,43150,500,1.17,43250,43350,43050,9685147,9685147,0,4.19E+11,4.19E+11,0,2.58E+14,5969782550
2019-08-12,43700,550,1.27,44000,44000,43550,8466169,8466169,0,3.71E+11,3.71E+11,0,2.61E+14,5969782550
2019-08-13,43000,-700,-1.6,43500,43500,42950,7276979,7276979,0,3.14E+11,3.14E+11,0,2.57E+14,5969782550
2019-08-14,43700,700,1.63,43900,44250,43500,8750135,8750135,0,3.83E+11,3.83E+11,0,2.61E+14,5969782550
2019-08-16,43900,200,0.46,43800,43900,43300,9528115,9528115,0,4.16E+11,4.16E+11,0,2.62E+14,5969782550
2019-08-19,43600,-300,-0.68,44350,44350,43500,6014218,6014218,0,2.63E+11,2.63E+11,0,2.60E+14,5969782550
2019-08-20,44450,850,1.95,43950,44600,43550,8434205,8434205,0,3.72E+11,3.72E+11,0,2.65E+14,5969782550
2019-08-21,44500,50,0.11,44350,44800,44150,6571717,6571717,0,2.92E+11,2.92E+11,0,2.66E+14,5969782550
2019-08-22,44050,-450,-1.01,44500,44700,43850,8061177,8061177,0,3.56E+11,3.56E+11,0,2.63E+14,5969782550
2019-08-23,43950,-100,-0.23,43800,44200,43650,5017381,5017381,0,2.21E+11,2.21E+11,0,2.62E+14,5969782550
2019-08-26,43600,-350,-0.8,43050,43800,42950,7954949,7954949,0,3.45E+11,3.45E+11,0,2.60E+14,5969782550
2019-08-27,44050,450,1.03,43650,44200,43600,16883932,16883932,0,7.42E+11,7.42E+11,0,2.63E+14,5969782550
2019-08-28,44150,100,0.23,44100,44400,43750,5758333,5758333,0,2.54E+11,2.54E+11,0,2.64E+14,5969782550
2019-08-29,43400,-750,-1.7,44200,44200,43050,10768862,10768862,0,4.71E+11,4.71E+11,0,2.59E+14,5969782550
2019-08-30,44000,600,1.38,43750,44300,43750,9899073,9899073,0,4.36E+11,4.36E+11,0,2.63E+14,5969782550
2019-09-02,43800,-200,-0.45,44850,44850,43650,7185537,7185537,0,3.16E+11,3.16E+11,0,2.61E+14,5969782550
2019-09-03,43250,-550,-1.26,43550,43650,43100,9774941,9774941,0,4.23E+11,4.23E+11,0,2.58E+14,5969782550
2019-09-04,44100,850,1.97,43250,44100,43150,12441837,12441837,0,5.42E+11,5.42E+11,0,2.63E+14,5969782550
2019-09-05,45700,1600,3.63,44800,46100,44450,18297430,18297430,0,8.33E+11,8.33E+11,0,2.73E+14,5969782550
2019-09-06,46300,600,1.31,46500,46500,45850,9896562,9896562,0,4.58E+11,4.58E+11,0,2.76E+14,5969782550
2019-09-09,46900,600,1.3,46450,47000,46300,9434157,9434157,0,4.41E+11,4.41E+11,0,2.80E+14,5969782550
2019-09-10,47000,100,0.21,47100,47200,46550,9231792,9231792,0,4.33E+11,4.33E+11,0,2.81E+14,5969782550
2019-09-11,47150,150,0.32,47300,47400,46800,16141619,16141619,0,7.61E+11,7.61E+11,0,2.81E+14,5969782550
2019-09-16,47100,-50,-0.11,47000,47100,46400,15550926,15550926,0,7.28E+11,7.28E+11,0,2.81E+14,5969782550
2019-09-17,46900,-200,-0.42,47000,47100,46800,7006280,7006280,0,3.29E+11,3.29E+11,0,2.80E+14,5969782550
2019-09-18,47700,800,1.71,46900,47700,46800,10413027,10413027,0,4.94E+11,4.94E+11,0,2.85E+14,5969782550
2019-09-19,49150,1450,3.04,48050,49200,47850,16461413,16461413,0,8.03E+11,8.03E+11,0,2.93E+14,5969782550
2019-09-20,49200,50,0.1,49400,49600,49100,15460210,15460210,0,7.63E+11,7.63E+11,0,2.94E+14,5969782550
2019-09-23,49300,100,0.2,49250,49300,49000,7568553,7568553,0,3.72E+11,3.72E+11,0,2.94E+14,5969782550
2019-09-24,49500,200,0.41,49050,49650,48850,7871955,7871955,0,3.88E+11,3.88E+11,0,2.96E+14,5969782550
2019-09-25,48900,-600,-1.21,49200,49350,48800,9187141,9187141,0,4.51E+11,4.51E+11,0,2.92E+14,5969782550
2019-09-26,49200,300,0.61,49000,49250,48900,8494756,8494756,0,4.17E+11,4.17E+11,0,2.94E+14,5969782550
2019-09-27,48400,-800,-1.63,48000,48700,48000,8048041,8048041,0,3.89E+11,3.89E+11,0,2.89E+14,5969782550
2019-09-30,49050,650,1.34,48050,49250,47900,9497119,9497119,0,4.63E+11,4.63E+11,0,2.93E+14,5969782550
2019-10-01,48850,-200,-0.41,48900,49100,48650,6206035,6206035,0,3.03E+11,3.03E+11,0,2.92E+14,5969782550
2019-10-02,47600,-1250,-2.56,48350,48400,47600,8382463,8382463,0,4.02E+11,4.02E+11,0,2.84E+14,5969782550
2019-10-04,48000,400,0.84,47400,48650,47350,9331695,9331695,0,4.48E+11,4.48E+11,0,2.87E+14,5969782550
2019-10-07,47750,-250,-0.52,48350,48700,47650,7047273,7047273,0,3.39E+11,3.39E+11,0,2.85E+14,5969782550
2019-10-08,48900,1150,2.41,47900,49000,47600,14239367,14239367,0,6.89E+11,6.89E+11,0,2.92E+14,5969782550
2019-10-10,48550,-350,-0.72,48200,49200,48000,18639855,18639855,0,9.04E+11,9.04E+11,0,2.90E+14,5969782550
2019-10-11,49150,600,1.24,49000,49450,48800,7783275,7783275,0,3.83E+11,3.83E+11,0,2.93E+14,5969782550
2019-10-14,50000,850,1.73,50000,50300,49850,11130635,11130635,0,5.58E+11,5.58E+11,0,2.98E+14,5969782550
2019-10-15,50100,100,0.2,49900,50200,49900,6058105,6058105,0,3.03E+11,3.03E+11,0,2.99E+14,5969782550
2019-10-16,50700,600,1.2,50700,50900,50400,9136282,9136282,0,4.63E+11,4.63E+11,0,3.03E+14,5969782550
2019-10-17,50500,-200,-0.39,50500,50600,50100,6701380,6701380,0,3.38E+11,3.38E+11,0,3.01E+14,5969782550
2019-10-18,49900,-600,-1.19,50300,50900,49650,8483106,8483106,0,4.27E+11,4.27E+11,0,2.98E+14,5969782550
2019-10-21,50300,400,0.8,49900,50400,49800,4406531,4406531,0,2.21E+11,2.21E+11,0,3.00E+14,5969782550
2019-10-22,51200,900,1.79,50800,51500,50700,10898729,10898729,0,5.57E+11,5.57E+11,0,3.06E+14,5969782550
2019-10-23,51200,0,0,51300,51500,50800,8663880,8663880,0,4.43E+11,4.43E+11,0,3.06E+14,5969782550
2019-10-24,50700,-500,-0.98,52500,52500,50500,21185785,21185785,0,1.08E+12,1.08E+12,0,3.03E+14,5969782550
2019-10-25,50900,200,0.39,50800,51200,50500,7879897,7879897,0,4.01E+11,4.01E+11,0,3.04E+14,5969782550
2019-10-28,51300,400,0.79,50700,51500,50700,6431522,6431522,0,3.30E+11,3.30E+11,0,3.06E+14,5969782550
2019-10-29,51100,-200,-0.39,51400,51700,50800,7581629,7581629,0,3.88E+11,3.88E+11,0,3.05E+14,5969782550
2019-10-30,50400,-700,-1.37,50700,50800,50200,8959435,8959435,0,4.52E+11,4.52E+11,0,3.01E+14,5969782550
2019-10-31,50400,0,0,51000,51400,50300,10304777,10304777,0,5.25E+11,5.25E+11,0,3.01E+14,5969782550
2019-11-01,51200,800,1.59,50600,51200,50400,8467846,8467846,0,4.23E+11,4.23E+11,0,3.06E+14,5969782550
2019-11-04,52300,1100,2.15,51700,52300,51400,13012411,13012411,0,6.77E+11,6.77E+11,0,3.12E+14,5969782550
2019-11-05,52700,400,0.76,52400,52700,52100,10581034,10581034,0,5.55E+11,5.55E+11,0,3.15E+14,5969782550
2019-11-06,53300,600,1.14,52900,53500,52700,14361133,14361133,0,7.63E+11,7.63E+11,0,3.18E+14,5969782550
2019-11-07,52900,-400,-0.75,53400,53400,52400,9257116,9257116,0,4.89E+11,4.89E+11,0,3.16E+14,5969782550
2019-11-08,52100,-800,-1.51,53200,53300,52000,11603290,11603290,0,6.10E+11,6.10E+11,0,3.11E+14,5969782550
2019-11-11,51600,-500,-0.96,52200,52200,51400,8185952,8185952,0,4.24E+11,4.24E+11,0,3.08E+14,5969782550
2019-11-12,52600,1000,1.94,51800,52600,51600,6576148,6576148,0,3.43E+11,3.43E+11,0,3.14E+14,5969782550
2019-11-13,52500,-100,-0.19,52500,52500,52000,6225196,6225196,0,3.26E+11,3.26E+11,0,3.13E+14,5969782550
2019-11-14,52800,300,0.57,51900,52800,51900,12010018,12010018,0,6.31E+11,6.31E+11,0,3.15E+14,5969782550
2019-11-15,53700,900,1.7,52900,53700,52600,9703360,9703360,0,5.18E+11,5.18E+11,0,3.21E+14,5969782550
2019-11-18,53500,-200,-0.37,53600,53800,53200,7746554,7746554,0,4.14E+11,4.14E+11,0,3.19E+14,5969782550
2019-11-19,53500,0,0,53200,53500,52700,8907177,8907177,0,4.73E+11,4.73E+11,0,3.19E+14,5969782550
2019-11-20,52000,-1500,-2.8,53400,53400,52000,12560070,12560070,0,6.59E+11,6.59E+11,0,3.10E+14,5969782550
2019-11-21,51000,-1000,-1.92,51600,52100,50600,14298646,14298646,0,7.29E+11,7.29E+11,0,3.04E+14,5969782550
2019-11-22,51600,600,1.18,51000,51600,50900,8478310,8478310,0,4.36E+11,4.36E+11,0,3.08E+14,5969782550
2019-11-25,51800,200,0.39,52200,52600,51700,9050625,9050625,0,4.72E+11,4.72E+11,0,3.09E+14,5969782550
2019-11-26,51800,0,0,51900,52900,51800,27372226,27372226,0,1.42E+12,1.42E+12,0,3.09E+14,5969782550
2019-11-27,52200,400,0.77,51800,52300,51600,7546261,7546261,0,3.93E+11,3.93E+11,0,3.12E+14,5969782550
2019-11-28,51300,-900,-1.72,51900,52100,51300,6833885,6833885,0,3.53E+11,3.53E+11,0,3.06E+14,5969782550
2019-11-29,50300,-1000,-1.95,51200,51400,50200,11179334,11179334,0,5.65E+11,5.65E+11,0,3.00E+14,5969782550
2019-12-02,50400,100,0.2,50900,51300,50400,18877252,18877252,0,9.44E+11,9.44E+11,0,3.01E+14,5969782550
2019-12-03,49900,-500,-0.99,49800,50300,49500,12059812,12059812,0,6.02E+11,6.02E+11,0,2.98E+14,5969782550
2019-12-04,49450,-450,-0.9,49600,49850,49000,13246549,13246549,0,6.55E+11,6.55E+11,0,2.95E+14,5969782550
2019-12-05,49500,50,0.1,50200,50400,49500,10449715,10449715,0,5.20E+11,5.20E+11,0,2.96E+14,5969782550
2019-12-06,50400,900,1.82,50100,50900,49950,11414563,11414563,0,5.76E+11,5.76E+11,0,3.01E+14,5969782550
2019-12-09,51200,800,1.59,50900,51400,50700,8470627,8470627,0,4.33E+11,4.33E+11,0,3.06E+14,5969782550
2019-12-10,51500,300,0.59,51000,51600,50700,6882771,6882771,0,3.53E+11,3.53E+11,0,3.07E+14,5969782550
2019-12-11,51900,400,0.78,51500,52200,51400,11379521,11379521,0,5.90E+11,5.90E+11,0,3.10E+14,5969782550
2019-12-12,53300,1400,2.7,53000,53300,52700,29178697,29178697,0,1.55E+12,1.55E+12,0,3.18E+14,5969782550
2019-12-13,54700,1400,2.63,54500,54800,53900,18120261,18120261,0,9.87E+11,9.87E+11,0,3.27E+14,5969782550
2019-12-16,54700,0,0,54500,54900,54300,11512405,11512405,0,6.30E+11,6.30E+11,0,3.27E+14,5969782550
2019-12-17,56700,2000,3.66,55800,56700,55400,19358433,19358433,0,1.09E+12,1.09E+12,0,3.38E+14,5969782550
2019-12-18,56300,-400,-0.71,56700,57200,56000,15558208,15558208,0,8.78E+11,8.78E+11,0,3.36E+14,5969782550
2019-12-19,56000,-300,-0.53,57000,57300,55500,14180520,14180520,0,7.99E+11,7.99E+11,0,3.34E+14,5969782550
2019-12-20,56000,0,0,56100,56500,55600,12095519,12095519,0,6.78E+11,6.78E+11,0,3.34E+14,5969782550
2019-12-23,55500,-500,-0.89,56100,56400,55100,9839252,9839252,0,5.47E+11,5.47E+11,0,3.31E+14,5969782550
2019-12-24,55000,-500,-0.9,55600,55700,54800,11868463,11868463,0,6.55E+11,6.55E+11,0,3.28E+14,5969782550
2019-12-26,55400,400,0.73,54700,55400,54400,9645034,9645034,0,5.30E+11,5.30E+11,0,3.31E+14,5969782550
2019-12-27,56500,1100,1.99,55700,56900,55500,12313056,12313056,0,6.92E+11,6.92E+11,0,3.37E+14,5969782550
2019-12-30,55800,-700,-1.24,56200,56600,55700,8356767,8356767,0,4.68E+11,4.68E+11,0,3.33E+14,5969782550
2020-01-02,55200,-600,-1.08,55500,56000,55000,12993228,12993228,0,7.20E+11,7.20E+11,0,3.30E+14,5969782550
2020-01-03,55500,300,0.54,56000,56600,54900,15422255,15422255,0,8.60E+11,8.60E+11,0,3.31E+14,5969782550
2020-01-06,55500,0,0,54900,55600,54600,10278951,10278951,0,5.67E+11,5.67E+11,0,3.31E+14,5969782550
2020-01-07,55800,300,0.54,55700,56400,55600,10009778,10009778,0,5.60E+11,5.60E+11,0,3.33E+14,5969782550
2020-01-08,56800,1000,1.79,56200,57400,55900,23501171,23501171,0,1.33E+12,1.33E+12,0,3.39E+14,5969782550
2020-01-09,58600,1800,3.17,58400,58600,57400,24102579,24102579,0,1.40E+12,1.40E+12,0,3.50E+14,5969782550
2020-01-10,59500,900,1.54,58800,59700,58300,16000170,16000170,0,9.45E+11,9.45E+11,0,3.55E+14,5969782550
2020-01-13,60000,500,0.84,59600,60000,59100,11359139,11359139,0,6.78E+11,6.78E+11,0,3.58E+14,5969782550
2020-01-14,60000,0,0,60400,61000,59900,16906295,16906295,0,1.02E+12,1.02E+12,0,3.58E+14,5969782550
2020-01-15,59000,-1000,-1.67,59500,59600,58900,14300928,14300928,0,8.46E+11,8.46E+11,0,3.52E+14,5969782550
2020-01-16,60700,1700,2.88,59100,60700,59000,14381774,14381774,0,8.63E+11,8.63E+11,0,3.62E+14,5969782550
2020-01-17,61300,600,0.99,61900,62000,61000,16025661,16025661,0,9.85E+11,9.85E+11,0,3.66E+14,5969782550
2020-01-20,62400,1100,1.79,62000,62800,61700,12528855,12528855,0,7.81E+11,7.81E+11,0,3.73E+14,5969782550
2020-01-21,61400,-1000,-1.6,62000,62400,61200,11142693,11142693,0,6.87E+11,6.87E+11,0,3.67E+14,5969782550
2020-01-22,62300,900,1.47,60500,62600,60400,15339565,15339565,0,9.44E+11,9.44E+11,0,3.72E+14,5969782550
2020-01-23,60800,-1500,-2.41,61800,61800,60700,14916555,14916555,0,9.12E+11,9.12E+11,0,3.63E+14,5969782550
2020-01-28,58800,-2000,-3.29,59400,59400,58300,23664541,23664541,0,1.39E+12,1.39E+12,0,3.51E+14,5969782550
2020-01-29,59100,300,0.51,59100,59700,58800,16446102,16446102,0,9.75E+11,9.75E+11,0,3.53E+14,5969782550
2020-01-30,57200,-1900,-3.21,58800,58800,56800,20821939,20821939,0,1.20E+12,1.20E+12,0,3.41E+14,5969782550
2020-01-31,56400,-800,-1.4,57800,58400,56400,19749457,19749457,0,1.13E+12,1.13E+12,0,3.37E+14,5969782550
2020-02-03,57200,800,1.42,55500,57400,55200,23995260,23995260,0,1.35E+12,1.35E+12,0,3.41E+14,5969782550
2020-02-04,58900,1700,2.97,57100,59000,56800,21800192,21800192,0,1.27E+12,1.27E+12,0,3.52E+14,5969782550
2020-02-05,59500,600,1.02,60000,60200,58900,19278165,19278165,0,1.15E+12,1.15E+12,0,3.55E+14,5969782550
2020-02-06,61100,1600,2.69,60100,61100,59700,14727159,14727159,0,8.89E+11,8.89E+11,0,3.65E+14,5969782550
2020-02-07,60400,-700,-1.15,61100,61200,59700,16402493,16402493,0,9.89E+11,9.89E+11,0,3.61E+14,5969782550
2020-02-10,59700,-700,-1.16,59200,59800,59100,13107121,13107121,0,7.80E+11,7.80E+11,0,3.56E+14,5969782550
2020-02-11,59900,200,0.34,59800,60700,59700,11071231,11071231,0,6.66E+11,6.66E+11,0,3.58E+14,5969782550
2020-02-12,60500,600,1,60300,60700,59700,12904207,12904207,0,7.77E+11,7.77E+11,0,3.61E+14,5969782550
2020-02-13,60700,200,0.33,61200,61600,60500,18449775,18449775,0,1.13E+12,1.13E+12,0,3.62E+14,5969782550
2020-02-14,61800,1100,1.81,60900,61900,60200,13276067,13276067,0,8.14E+11,8.14E+11,0,3.69E+14,5969782550
2020-02-17,61500,-300,-0.49,61600,62000,61200,8740596,8740596,0,5.39E+11,5.39E+11,0,3.67E+14,5969782550
2020-02-18,59800,-1700,-2.76,60800,60900,59700,16674266,16674266,0,1.00E+12,1.00E+12,0,3.57E+14,5969782550
2020-02-19,60200,400,0.67,59800,60400,59400,12951496,12951496,0,7.76E+11,7.76E+11,0,3.59E+14,5969782550
2020-02-20,60000,-200,-0.33,60700,61300,59600,14591924,14591924,0,8.81E+11,8.81E+11,0,3.58E+14,5969782550
2020-02-21,59200,-800,-1.33,58800,59800,58500,13777393,13777393,0,8.17E+11,8.17E+11,0,3.53E+14,5969782550
2020-02-24,56800,-2400,-4.05,57400,58100,56800,25627537,25627537,0,1.47E+12,1.47E+12,0,3.39E+14,5969782550
2020-02-25,57900,1100,1.94,56200,58000,56200,23885408,23885408,0,1.37E+12,1.37E+12,0,3.46E+14,5969782550
2020-02-26,56500,-1400,-2.42,56000,57000,56000,25483102,25483102,0,1.44E+12,1.44E+12,0,3.37E+14,5969782550
2020-02-27,55900,-600,-1.06,56300,56900,55500,23209541,23209541,0,1.30E+12,1.30E+12,0,3.34E+14,5969782550
2020-02-28,54200,-1700,-3.04,55000,55500,54200,30054227,30054227,0,1.64E+12,1.64E+12,0,3.24E+14,5969782550
2020-03-02,55000,800,1.48,54300,55500,53600,30403412,30403412,0,1.67E+12,1.67E+12,0,3.28E+14,5969782550
2020-03-03,55400,400,0.73,56700,56900,55100,30330295,30330295,0,1.70E+12,1.70E+12,0,3.31E+14,5969782550
2020-03-04,57400,2000,3.61,54800,57600,54600,24765728,24765728,0,1.41E+12,1.41E+12,0,3.43E+14,5969782550
2020-03-05,57800,400,0.7,57600,58000,56700,21698990,21698990,0,1.25E+12,1.25E+12,0,3.45E+14,5969782550
2020-03-06,56500,-1300,-2.25,56500,57200,56200,18716656,18716656,0,1.06E+12,1.06E+12,0,3.37E+14,5969782550
2020-03-09,54200,-2300,-4.07,54700,55000,53600,30261485,30261485,0,1.64E+12,1.64E+12,0,3.24E+14,5969782550
2020-03-10,54600,400,0.74,53800,54900,53700,32106554,32106554,0,1.74E+12,1.74E+12,0,3.26E+14,5969782550
2020-03-11,52100,-2500,-4.58,54300,54400,52000,45707281,45707281,0,2.43E+12,2.43E+12,0,3.11E+14,5969782550
2020-03-12,50800,-1300,-2.5,51000,51900,49300,48149999,48149999,0,2.44E+12,2.44E+12,0,3.03E+14,5969782550
2020-03-13,49950,-850,-1.67,47450,51600,46850,59462933,59462933,0,2.90E+12,2.90E+12,0,2.98E+14,5969782550
2020-03-16,48900,-1050,-2.1,50100,50900,48800,33339821,33339821,0,1.66E+12,1.66E+12,0,2.92E+14,5969782550
2020-03-17,47300,-1600,-3.27,46900,49650,46700,51218151,51218151,0,2.45E+12,2.45E+12,0,2.82E+14,5969782550
2020-03-18,45600,-1700,-3.59,47750,48350,45600,40152623,40152623,0,1.90E+12,1.90E+12,0,2.72E+14,5969782550
2020-03-19,42950,-2650,-5.81,46400,46650,42300,56925513,56925513,0,2.50E+12,2.50E+12,0,2.56E+14,5969782550
2020-03-20,45400,2450,5.7,44150,45500,43550,49730008,49730008,0,2.22E+12,2.22E+12,0,2.71E+14,5969782550
2020-03-23,42500,-2900,-6.39,42600,43550,42400,41701626,41701626,0,1.79E+12,1.79E+12,0,2.54E+14,5969782550
2020-03-24,46950,4450,10.47,43850,46950,43050,49801908,49801908,0,2.25E+12,2.25E+12,0,2.80E+14,5969782550
2020-03-25,48650,1700,3.62,48950,49600,47150,52735922,52735922,0,2.55E+12,2.55E+12,0,2.90E+14,5969782550
2020-03-26,47800,-850,-1.75,49000,49300,47700,42185129,42185129,0,2.04E+12,2.04E+12,0,2.85E+14,5969782550
2020-03-27,48300,500,1.05,49600,49700,46850,39896178,39896178,0,1.93E+12,1.93E+12,0,2.88E+14,5969782550
2020-03-30,47850,-450,-0.93,47050,48350,46550,26797395,26797395,0,1.27E+12,1.27E+12,0,2.86E+14,5969782550
2020-03-31,47750,-100,-0.21,48000,48500,47150,30654261,30654261,0,1.47E+12,1.47E+12,0,2.85E+14,5969782550
2020-04-01,45800,-1950,-4.08,47450,47900,45800,27259532,27259532,0,1.28E+12,1.28E+12,0,2.73E+14,5969782550
2020-04-02,46800,1000,2.18,46200,46850,45350,21621076,21621076,0,9.98E+11,9.98E+11,0,2.79E+14,5969782550
2020-04-03,47000,200,0.43,47400,47600,46550,22784682,22784682,0,1.07E+12,1.07E+12,0,2.81E+14,5969782550
2020-04-06,48700,1700,3.62,47500,48800,47250,23395726,23395726,0,1.12E+12,1.12E+12,0,2.91E+14,5969782550
2020-04-07,49600,900,1.85,49650,50200,49000,31524034,31524034,0,1.56E+12,1.56E+12,0,2.96E+14,5969782550
2020-04-08,48600,-1000,-2.02,49600,49750,48600,25010314,25010314,0,1.23E+12,1.23E+12,0,2.90E+14,5969782550
2020-04-09,49100,500,1.03,49750,49800,48700,22628058,22628058,0,1.11E+12,1.11E+12,0,2.93E+14,5969782550
2020-04-10,49250,150,0.31,48950,49250,48650,17839111,17839111,0,8.72E+11,8.72E+11,0,2.94E+14,5969782550
2020-04-13,48300,-950,-1.93,48650,48900,48300,14431800,14431800,0,7.01E+11,7.01E+11,0,2.88E+14,5969782550
2020-04-14,49000,700,1.45,48800,49200,48300,14206216,14206216,0,6.95E+11,6.95E+11,0,2.93E+14,5969782550
2020-04-16,49000,0,0,49350,49350,48550,23349760,23349760,0,1.14E+12,1.14E+12,0,2.93E+14,5969782550
2020-04-17,51400,2400,4.9,50800,52000,50300,32041675,32041675,0,1.64E+12,1.64E+12,0,3.07E+14,5969782550
2020-04-20,50100,-1300,-2.53,51400,51400,50000,21866354,21866354,0,1.11E+12,1.11E+12,0,2.99E+14,5969782550
2020-04-21,49250,-850,-1.7,49400,49700,48700,27407543,27407543,0,1.35E+12,1.35E+12,0,2.94E+14,5969782550
2020-04-22,49850,600,1.22,48700,50000,48350,18613864,18613864,0,9.12E+11,9.12E+11,0,2.98E+14,5969782550
2020-04-23,49850,0,0,50200,50300,49500,18754442,18754442,0,9.36E+11,9.36E+11,0,2.98E+14,5969782550
2020-04-24,49350,-500,-1,49650,49750,49000,15618347,15618347,0,7.71E+11,7.71E+11,0,2.95E+14,5969782550
2020-04-27,49850,500,1.01,49350,50000,49100,14049471,14049471,0,6.97E+11,6.97E+11,0,2.98E+14,5969782550
2020-04-28,50100,250,0.5,49850,50100,49300,16095399,16095399,0,8.00E+11,8.00E+11,0,2.99E+14,5969782550
2020-04-29,50000,-100,-0.2,49900,50500,49600,15604533,15604533,0,7.81E+11,7.81E+11,0,2.98E+14,5969782550
2020-05-04,48500,-1500,-3,48900,49100,48500,26083749,26083749,0,1.27E+12,1.27E+12,0,2.90E+14,5969782550
2020-05-06,49200,700,1.44,49000,49200,48500,18070225,18070225,0,8.82E+11,8.82E+11,0,2.94E+14,5969782550
2020-05-07,48800,-400,-0.81,49200,49300,48700,13884411,13884411,0,6.80E+11,6.80E+11,0,2.91E+14,5969782550
2020-05-08,48800,0,0,49100,49350,48800,15319700,15319700,0,7.52E+11,7.52E+11,0,2.91E+14,5969782550
2020-05-11,48400,-400,-0.82,48900,49250,48300,16357743,16357743,0,7.98E+11,7.98E+11,0,2.89E+14,5969782550
2020-05-12,47900,-500,-1.03,48400,48500,47550,23433590,23433590,0,1.12E+12,1.12E+12,0,2.86E+14,5969782550
2020-05-13,48550,650,1.36,47250,48550,47200,20223277,20223277,0,9.66E+11,9.66E+11,0,2.90E+14,5969782550
2020-05-14,48000,-550,-1.13,47750,48100,47650,19305974,19305974,0,9.24E+11,9.24E+11,0,2.87E+14,5969782550
2020-05-15,47850,-150,-0.31,48400,48450,47700,18463118,18463118,0,8.88E+11,8.88E+11,0,2.86E+14,5969782550
2020-05-18,48800,950,1.99,47950,49100,47600,20481981,20481981,0,9.95E+11,9.95E+11,0,2.91E+14,5969782550
2020-05-19,50300,1500,3.07,50100,50500,49700,25168295,25168295,0,1.26E+12,1.26E+12,0,3.00E+14,5969782550
2020-05-20,50000,-300,-0.6,50000,50200,49800,14896899,14896899,0,7.44E+11,7.44E+11,0,2.98E+14,5969782550
2020-05-21,49950,-50,-0.1,50300,50400,49850,14949266,14949266,0,7.48E+11,7.48E+11,0,2.98E+14,5969782550
2020-05-22,48750,-1200,-2.4,49600,49800,48600,19706284,19706284,0,9.66E+11,9.66E+11,0,2.91E+14,5969782550
2020-05-25,48850,100,0.21,48750,48900,48450,14337913,14337913,0,6.99E+11,6.99E+11,0,2.92E+14,5969782550
2020-05-26,49250,400,0.82,48700,49450,48600,15127490,15127490,0,7.43E+11,7.43E+11,0,2.94E+14,5969782550
2020-05-27,49900,650,1.32,48950,50000,48800,19548479,19548479,0,9.70E+11,9.70E+11,0,2.98E+14,5969782550
2020-05-28,50400,500,1,51100,51200,49900,31309318,31309318,0,1.59E+12,1.59E+12,0,3.01E+14,5969782550
2020-05-29,50700,300,0.6,50000,50700,49700,27596961,27596961,0,1.39E+12,1.39E+12,0,3.03E+14,5969782550
2020-06-01,51200,500,0.99,50800,51200,50600,16949183,16949183,0,8.65E+11,8.65E+11,0,3.06E+14,5969782550
2020-06-02,51400,200,0.39,51000,51500,50800,14247933,14247933,0,7.30E+11,7.30E+11,0,3.07E+14,5969782550
2020-06-03,54500,3100,6.03,51800,55000,51700,49257814,49257814,0,2.66E+12,2.66E+12,0,3.25E+14,5969782550
2020-06-04,54600,100,0.18,55800,57000,54600,40220334,40220334,0,2.24E+12,2.24E+12,0,3.26E+14,5969782550
2020-06-05,55500,900,1.65,54400,55900,54000,22743629,22743629,0,1.25E+12,1.25E+12,0,3.31E+14,5969782550
2020-06-08,54900,-600,-1.08,56400,56500,54700,25634965,25634965,0,1.42E+12,1.42E+12,0,3.28E+14,5969782550
2020-06-09,55500,600,1.09,55800,56500,54400,23998831,23998831,0,1.33E+12,1.33E+12,0,3.31E+14,5969782550
2020-06-10,55400,-100,-0.18,55100,55900,54900,16742493,16742493,0,9.27E+11,9.27E+11,0,3.31E+14,5969782550
2020-06-11,54300,-1100,-1.99,54500,55100,53200,33815123,33815123,0,1.83E+12,1.83E+12,0,3.24E+14,5969782550
2020-06-12,52300,-2000,-3.68,52100,52800,51500,26976019,26976019,0,1.41E+12,1.41E+12,0,3.12E+14,5969782550
2020-06-15,49900,-2400,-4.59,51400,52000,49900,28772921,28772921,0,1.47E+12,1.47E+12,0,2.98E+14,5969782550
2020-06-16,52100,2200,4.41,51200,52100,50600,21808375,21808375,0,1.12E+12,1.12E+12,0,3.11E+14,5969782550
2020-06-17,52200,100,0.19,52100,52900,51300,26672595,26672595,0,1.39E+12,1.39E+12,0,3.12E+14,5969782550
2020-06-18,52300,100,0.19,52200,52300,51600,15982926,15982926,0,8.31E+11,8.31E+11,0,3.12E+14,5969782550
2020-06-19,52900,600,1.15,52600,52900,51600,18157985,18157985,0,9.50E+11,9.50E+11,0,3.16E+14,5969782550
2020-06-22,52000,-900,-1.7,52000,52600,51800,13801350,13801350,0,7.21E+11,7.21E+11,0,3.10E+14,5969782550
2020-06-23,51400,-600,-1.15,52500,52800,51100,18086152,18086152,0,9.37E+11,9.37E+11,0,3.07E+14,5969782550
2020-06-24,52900,1500,2.92,51900,53900,51600,24519552,24519552,0,1.30E+12,1.30E+12,0,3.16E+14,5969782550
2020-06-25,51900,-1000,-1.89,52100,53000,51900,18541624,18541624,0,9.70E+11,9.70E+11,0,3.10E+14,5969782550
2020-06-26,53300,1400,2.7,52800,53900,52200,21575360,21575360,0,1.15E+12,1.15E+12,0,3.18E+14,5969782550
2020-06-29,52400,-900,-1.69,52500,53200,52000,17776925,17776925,0,9.35E+11,9.35E+11,0,3.13E+14,5969782550
2020-06-30,52800,400,0.76,53900,53900,52800,21157172,21157172,0,1.13E+12,1.13E+12,0,3.15E+14,5969782550
2020-07-01,52600,-200,-0.38,53400,53600,52400,16706143,16706143,0,8.84E+11,8.84E+11,0,3.14E+14,5969782550
2020-07-02,52900,300,0.57,52100,52900,52100,14142583,14142583,0,7.43E+11,7.43E+11,0,3.16E+14,5969782550
2020-07-03,53600,700,1.32,53000,53600,52700,11887868,11887868,0,6.33E+11,6.33E+11,0,3.20E+14,5969782550
2020-07-06,55000,1400,2.61,54000,55000,53800,19856623,19856623,0,1.08E+12,1.08E+12,0,3.28E+14,5969782550
2020-07-07,53400,-1600,-2.91,55800,55900,53400,30760032,30760032,0,1.67E+12,1.67E+12,0,3.19E+14,5969782550
2020-07-08,53000,-400,-0.75,53600,53900,52900,19664652,19664652,0,1.05E+12,1.05E+12,0,3.16E+14,5969782550
2020-07-09,52800,-200,-0.38,53200,53600,52800,17054850,17054850,0,9.07E+11,9.07E+11,0,3.15E+14,5969782550
2020-07-10,52700,-100,-0.19,53100,53200,52300,13714746,13714746,0,7.22E+11,7.22E+11,0,3.15E+14,5969782550
2020-07-13,53400,700,1.33,53300,53800,53100,12240188,12240188,0,6.55E+11,6.55E+11,0,3.19E+14,5969782550
2020-07-14,53800,400,0.75,53700,53800,53200,14269484,14269484,0,7.64E+11,7.64E+11,0,3.21E+14,5969782550
2020-07-15,54700,900,1.67,54400,55000,54300,24051450,24051450,0,1.32E+12,1.32E+12,0,3.27E+14,5969782550
2020-07-16,53800,-900,-1.65,54800,54800,53800,16779127,16779127,0,9.09E+11,9.09E+11,0,3.21E+14,5969782550
2020-07-17,54400,600,1.12,54200,54700,54100,10096174,10096174,0,5.49E+11,5.49E+11,0,3.25E+14,5969782550
2020-07-20,54200,-200,-0.37,54800,54800,54000,10507530,10507530,0,5.71E+11,5.71E+11,0,3.24E+14,5969782550
2020-07-21,55300,1100,2.03,55200,55400,54800,18297260,18297260,0,1.01E+12,1.01E+12,0,3.30E+14,5969782550
2020-07-22,54700,-600,-1.08,55300,55500,54700,12885057,12885057,0,7.09E+11,7.09E+11,0,3.27E+14,5969782550
2020-07-23,54100,-600,-1.1,54700,54700,53800,16214932,16214932,0,8.76E+11,8.76E+11,0,3.23E+14,5969782550
2020-07-24,54200,100,0.18,54000,54400,53700,10994535,10994535,0,5.95E+11,5.95E+11,0,3.24E+14,5969782550
2020-07-27,55600,1400,2.58,54300,55700,54300,21054421,21054421,0,1.17E+12,1.17E+12,0,3.32E+14,5969782550
2020-07-28,58600,3000,5.4,57000,58800,56400,48431566,48431566,0,2.80E+12,2.80E+12,0,3.50E+14,5969782550
2020-07-29,59000,400,0.68,60300,60400,58600,36476611,36476611,0,2.17E+12,2.17E+12,0,3.52E+14,5969782550
2020-07-30,59000,0,0,59700,60100,59000,19285354,19285354,0,1.15E+12,1.15E+12,0,3.52E+14,5969782550
2020-07-31,57900,-1100,-1.86,59500,59600,57700,21943345,21943345,0,1.28E+12,1.28E+12,0,3.46E+14,5969782550
2020-08-03,56800,-1100,-1.9,57800,57900,56700,21158940,21158940,0,1.21E+12,1.21E+12,0,3.39E+14,5969782550
2020-08-04,57300,500,0.88,57200,58100,57000,19419694,19419694,0,1.12E+12,1.12E+12,0,3.42E+14,5969782550
2020-08-05,56900,-400,-0.7,57300,57500,56300,17739706,17739706,0,1.01E+12,1.01E+12,0,3.40E+14,5969782550
2020-08-06,58000,1100,1.93,57100,58400,57100,21625874,21625874,0,1.25E+12,1.25E+12,0,3.46E+14,5969782550
2020-08-07,57500,-500,-0.86,57900,58400,57100,18751717,18751717,0,1.08E+12,1.08E+12,0,3.43E+14,5969782550
2020-08-10,57800,300,0.52,57600,58300,57500,17774291,17774291,0,1.03E+12,1.03E+12,0,3.45E+14,5969782550
2020-08-11,58200,400,0.69,58000,59500,57800,24907912,24907912,0,1.46E+12,1.46E+12,0,3.47E+14,5969782550
2020-08-12,59000,800,1.37,58200,59000,57700,18573934,18573934,0,1.08E+12,1.08E+12,0,3.52E+14,5969782550
2020-08-13,58700,-300,-0.51,59400,59600,58000,22089460,22089460,0,1.30E+12,1.30E+12,0,3.50E+14,5969782550
2020-08-14,58000,-700,-1.19,58000,58400,57700,15672548,15672548,0,9.09E+11,9.09E+11,0,3.46E+14,5969782550
2020-08-18,58400,400,0.69,58900,59900,58000,25307825,25307825,0,1.49E+12,1.49E+12,0,3.49E+14,5969782550
2020-08-19,57800,-600,-1.03,59000,59200,57800,16930719,16930719,0,9.89E+11,9.89E+11,0,3.45E+14,5969782550
2020-08-20,55400,-2400,-4.15,57600,57600,55300,30386029,30386029,0,1.71E+12,1.71E+12,0,3.31E+14,5969782550
2020-08-21,55900,500,0.9,56200,56900,55800,21142288,21142288,0,1.19E+12,1.19E+12,0,3.34E+14,5969782550
2020-08-24,56100,200,0.36,55800,56600,55400,15055896,15055896,0,8.44E+11,8.44E+11,0,3.35E+14,5969782550
2020-08-25,56400,300,0.53,56400,56800,56100,14021705,14021705,0,7.91E+11,7.91E+11,0,3.37E+14,5969782550
2020-08-26,56400,0,0,56400,56500,55700,17651593,17651593,0,9.90E+11,9.90E+11,0,3.37E+14,5969782550
2020-08-27,55600,-800,-1.42,56300,56300,55600,16196568,16196568,0,9.04E+11,9.04E+11,0,3.32E+14,5969782550
2020-08-28,55400,-200,-0.36,56100,56300,55400,14619888,14619888,0,8.16E+11,8.16E+11,0,3.31E+14,5969782550
2020-08-31,54000,-1400,-2.53,56000,56100,54000,32671367,32671367,0,1.79E+12,1.79E+12,0,3.22E+14,5969782550
2020-09-01,54200,200,0.37,54100,54800,54100,19363117,19363117,0,1.05E+12,1.05E+12,0,3.24E+14,5969782550
2020-09-02,54400,200,0.37,54600,55100,54100,16905723,16905723,0,9.22E+11,9.22E+11,0,3.25E+14,5969782550
2020-09-03,56400,2000,3.68,55600,56700,55500,28384920,28384920,0,1.60E+12,1.60E+12,0,3.37E+14,5969782550
2020-09-04,55600,-800,-1.42,55200,55800,55100,22139109,22139109,0,1.23E+12,1.23E+12,0,3.32E+14,5969782550
2020-09-07,56500,900,1.62,56100,57300,55800,18685880,18685880,0,1.06E+12,1.06E+12,0,3.37E+14,5969782550
2020-09-08,58700,2200,3.89,57400,58700,57200,31517520,31517520,0,1.83E+12,1.83E+12,0,3.50E+14,5969782550
2020-09-09,58400,-300,-0.51,58200,59300,57800,30597399,30597399,0,1.79E+12,1.79E+12,0,3.49E+14,5969782550
2020-09-10,59200,800,1.37,59900,60000,59100,29923293,29923293,0,1.78E+12,1.78E+12,0,3.53E+14,5969782550
2020-09-11,59000,-200,-0.34,59300,59400,58200,16017098,16017098,0,9.43E+11,9.43E+11,0,3.52E+14,5969782550
2020-09-14,60400,1400,2.37,60200,60800,59900,20648281,20648281,0,1.25E+12,1.25E+12,0,3.61E+14,5969782550
2020-09-15,61000,600,0.99,60900,61000,60500,17877075,17877075,0,1.09E+12,1.09E+12,0,3.64E+14,5969782550
2020-09-16,61000,0,0,61100,61300,60600,17041444,17041444,0,1.04E+12,1.04E+12,0,3.64E+14,5969782550
2020-09-17,59500,-1500,-2.46,60700,60800,59300,25108356,25108356,0,1.50E+12,1.50E+12,0,3.55E+14,5969782550
2020-09-18,59300,-200,-0.34,59800,59900,59100,18884571,18884571,0,1.12E+12,1.12E+12,0,3.54E+14,5969782550
2020-09-21,59200,-100,-0.17,59100,60000,59000,15140387,15140387,0,9.01E+11,9.01E+11,0,3.53E+14,5969782550
2020-09-22,58200,-1000,-1.69,59100,59700,57800,20830381,20830381,0,1.22E+12,1.22E+12,0,3.47E+14,5969782550
2020-09-23,58600,400,0.69,58400,58800,57400,20111398,20111398,0,1.17E+12,1.17E+12,0,3.50E+14,5969782550
2020-09-24,57800,-800,-1.37,57700,58600,57600,17564020,17564020,0,1.02E+12,1.02E+12,0,3.45E+14,5969782550
2020-09-25,57900,100,0.17,57700,58200,57700,11444683,11444683,0,6.63E+11,6.63E+11,0,3.46E+14,5969782550
2020-09-28,58200,300,0.52,58300,58800,57900,12614080,12614080,0,7.36E+11,7.36E+11,0,3.47E+14,5969782550
2020-09-29,58200,0,0,58300,59000,58200,15503563,15503563,0,9.06E+11,9.06E+11,0,3.47E+14,5969782550
2020-10-05,58700,500,0.86,57500,59200,57500,20228289,20228289,0,1.18E+12,1.18E+12,0,3.50E+14,5969782550
2020-10-06,59000,300,0.51,59400,59900,58700,14463826,14463826,0,8.57E+11,8.57E+11,0,3.52E+14,5969782550
2020-10-07,59900,900,1.53,58700,59900,58500,14861838,14861838,0,8.81E+11,8.81E+11,0,3.58E+14,5969782550
2020-10-08,59700,-200,-0.33,60500,60700,59500,24589924,24589924,0,1.47E+12,1.47E+12,0,3.56E+14,5969782550
2020-10-12,60400,700,1.17,60000,60400,59900,16145837,16145837,0,9.72E+11,9.72E+11,0,3.61E+14,5969782550
2020-10-13,60900,500,0.83,61000,61400,60400,19247631,19247631,0,1.17E+12,1.17E+12,0,3.64E+14,5969782550
2020-10-14,60900,0,0,61000,61100,60500,16086716,16086716,0,9.78E+11,9.78E+11,0,3.64E+14,5969782550
2020-10-15,60000,-900,-1.48,60700,60800,59700,17756232,17756232,0,1.07E+12,1.07E+12,0,3.58E+14,5969782550
2020-10-16,59500,-500,-0.83,60000,60400,59000,16554190,16554190,0,9.88E+11,9.88E+11,0,3.55E+14,5969782550
2020-10-19,60000,500,0.84,59600,60200,59500,14474985,14474985,0,8.67E+11,8.67E+11,0,3.58E+14,5969782550
2020-10-20,60900,900,1.5,60300,60900,60100,19326115,19326115,0,1.17E+12,1.17E+12,0,3.64E+14,5969782550
2020-10-21,60900,0,0,61200,61500,60600,15703443,15703443,0,9.59E+11,9.59E+11,0,3.64E+14,5969782550
2020-10-22,60100,-800,-1.31,60300,60500,59800,14294095,14294095,0,8.58E+11,8.58E+11,0,3.59E+14,5969782550
2020-10-23,60200,100,0.17,60400,60400,59800,9322232,9322232,0,5.60E+11,5.60E+11,0,3.59E+14,5969782550
2020-10-26,60400,200,0.33,60400,61100,60100,13268226,13268226,0,8.03E+11,8.03E+11,0,3.61E+14,5969782550
2020-10-27,59800,-600,-0.99,60300,60300,59500,17260416,17260416,0,1.03E+12,1.03E+12,0,3.57E+14,5969782550
2020-10-28,59000,-800,-1.34,59400,59400,58800,14428882,14428882,0,8.52E+11,8.52E+11,0,3.52E+14,5969782550
2020-10-29,58100,-900,-1.53,58200,58500,57500,22636966,22636966,0,1.31E+12,1.31E+12,0,3.47E+14,5969782550
2020-10-30,56600,-1500,-2.58,58000,58000,56600,26907844,26907844,0,1.54E+12,1.54E+12,0,3.38E+14,5969782550
2020-11-02,57400,800,1.41,56400,57500,56000,20489076,20489076,0,1.17E+12,1.17E+12,0,3.43E+14,5969782550
2020-11-03,58800,1400,2.44,57900,58900,57600,14950919,14950919,0,8.74E+11,8.74E+11,0,3.51E+14,5969782550
2020-11-04,58500,-300,-0.51,58900,59000,57800,21718561,21718561,0,1.27E+12,1.27E+12,0,3.49E+14,5969782550
2020-11-05,60300,1800,3.08,59000,60300,58800,20639475,20639475,0,1.23E+12,1.23E+12,0,3.60E+14,5969782550
2020-11-06,60100,-200,-0.33,60700,60800,59600,16910230,16910230,0,1.02E+12,1.02E+12,0,3.59E+14,5969782550
2020-11-09,60200,100,0.17,60700,60900,60100,15892961,15892961,0,9.62E+11,9.62E+11,0,3.59E+14,5969782550
2020-11-10,60200,0,0,60500,60500,59500,19073552,19073552,0,1.14E+12,1.14E+12,0,3.59E+14,5969782550
2020-11-11,61300,1100,1.83,60700,61400,60400,25628510,25628510,0,1.56E+12,1.56E+12,0,3.66E+14,5969782550
2020-11-12,61000,-300,-0.49,61000,61400,60700,19800573,19800573,0,1.21E+12,1.21E+12,0,3.64E+14,5969782550
2020-11-13,63200,2200,3.61,61300,63200,61000,31508829,31508829,0,1.96E+12,1.96E+12,0,3.77E+14,5969782550
2020-11-16,66300,3100,4.91,64000,66700,63900,36354334,36354334,0,2.38E+12,2.38E+12,0,3.96E+14,5969782550
2020-11-17,65700,-600,-0.9,67000,67000,65600,30204089,30204089,0,2.00E+12,2.00E+12,0,3.92E+14,5969782550
2020-11-18,64800,-900,-1.37,65700,66200,64700,22963790,22963790,0,1.50E+12,1.50E+12,0,3.87E+14,5969782550
2020-11-19,64600,-200,-0.31,64100,64800,63900,16590290,16590290,0,1.07E+12,1.07E+12,0,3.86E+14,5969782550
2020-11-20,64700,100,0.15,63900,65200,63900,15068682,15068682,0,9.73E+11,9.73E+11,0,3.86E+14,5969782550
2020-11-23,67500,2800,4.33,64800,67800,64700,27134398,27134398,0,1.81E+12,1.81E+12,0,4.03E+14,5969782550
2020-11-24,67700,200,0.3,67900,69500,67000,32158235,32158235,0,2.19E+12,2.19E+12,0,4.04E+14,5969782550
2020-11-25,66600,-1100,-1.62,67900,68300,66500,32447065,32447065,0,2.19E+12,2.19E+12,0,3.98E+14,5969782550
2020-11-26,68000,1400,2.1,66100,68000,66000,19023323,19023323,0,1.28E+12,1.28E+12,0,4.06E+14,5969782550
2020-11-27,68200,200,0.29,68000,68400,67600,14063434,14063434,0,9.57E+11,9.57E+11,0,4.07E+14,5969782550
2020-11-30,66700,-1500,-2.2,68400,68600,66700,43811016,43811016,0,2.95E+12,2.95E+12,0,3.98E+14,5969782550
2020-12-01,67800,1100,1.65,67100,68300,67100,22327173,22327173,0,1.51E+12,1.51E+12,0,4.05E+14,5969782550
2020-12-02,69500,1700,2.51,68400,69900,68300,29703942,29703942,0,2.06E+12,2.06E+12,0,4.15E+14,5969782550
2020-12-03,69700,200,0.29,70100,70500,69300,23677989,23677989,0,1.65E+12,1.65E+12,0,4.16E+14,5969782550
2020-12-04,71500,1800,2.58,70400,72100,70100,28130533,28130533,0,2.01E+12,2.01E+12,0,4.27E+14,5969782550
2020-12-07,72900,1400,1.96,72400,73500,71900,28490496,28490496,0,2.07E+12,2.07E+12,0,4.35E+14,5969782550
2020-12-08,71700,-1200,-1.65,72200,72900,71600,25000338,25000338,0,1.80E+12,1.80E+12,0,4.28E+14,5969782550
2020-12-09,73900,2200,3.07,72100,73900,72000,24077996,24077996,0,1.76E+12,1.76E+12,0,4.41E+14,5969782550
2020-12-10,72900,-1000,-1.35,72700,73800,72500,39882928,39882928,0,2.92E+12,2.92E+12,0,4.35E+14,5969782550
2020-12-11,73400,500,0.69,73500,73800,73100,18486672,18486672,0,1.36E+12,1.36E+12,0,4.38E+14,5969782550
2020-12-14,73800,400,0.54,73600,74500,73200,21510415,21510415,0,1.59E+12,1.59E+12,0,4.41E+14,5969782550
2020-12-15,73800,0,0,73800,74100,73300,20863671,20863671,0,1.54E+12,1.54E+12,0,4.41E+14,5969782550
2020-12-16,73800,0,0,74100,74500,73400,17512081,17512081,0,1.29E+12,1.29E+12,0,4.41E+14,5969782550
2020-12-17,73300,-500,-0.68,73400,73700,72600,24293214,24293214,0,1.78E+12,1.78E+12,0,4.38E+14,5969782550
2020-12-18,73000,-300,-0.41,73300,73700,73000,17613029,17613029,0,1.29E+12,1.29E+12,0,4.36E+14,5969782550
2020-12-21,73000,0,0,73100,73400,72000,20367355,20367355,0,1.48E+12,1.48E+12,0,4.36E+14,5969782550
2020-12-22,72300,-700,-0.96,72500,73200,72100,16304910,16304910,0,1.18E+12,1.18E+12,0,4.32E+14,5969782550
2020-12-23,73900,1600,2.21,72400,74000,72300,19411326,19411326,0,1.42E+12,1.42E+12,0,4.41E+14,5969782550
2020-12-24,77800,3900,5.28,74100,78800,74000,32502870,32502870,0,2.49E+12,2.49E+12,0,4.64E+14,5969782550
2020-12-28,78700,900,1.16,79000,80100,78200,40085044,40085044,0,3.17E+12,3.17E+12,0,4.70E+14,5969782550
2020-12-29,78300,-400,-0.51,78800,78900,77300,30339449,30339449,0,2.37E+12,2.37E+12,0,4.67E+14,5969782550
2020-12-30,81000,2700,3.45,77400,81300,77300,29417421,29417421,0,2.34E+12,2.34E+12,0,4.84E+14,5969782550
2021-01-04,83000,2000,2.47,81000,84400,80200,38655276,38655276,0,3.19E+12,3.19E+12,0,4.95E+14,5969782550
2021-01-05,83900,900,1.08,81600,83900,81600,35335669,35335669,0,2.92E+12,2.92E+12,0,5.01E+14,5969782550
2021-01-06,82200,-1700,-2.03,83300,84500,82100,42089013,42089013,0,3.51E+12,3.51E+12,0,4.91E+14,5969782550
2021-01-07,82900,700,0.85,82800,84200,82700,32644642,32644642,0,2.73E+12,2.73E+12,0,4.95E+14,5969782550
2021-01-08,88800,5900,7.12,83300,90000,83000,59013307,59013307,0,5.08E+12,5.08E+12,0,5.30E+14,5969782550
2021-01-11,91000,2200,2.48,90000,96800,89500,90306177,90306177,0,8.38E+12,8.38E+12,0,5.43E+14,5969782550
2021-01-12,90600,-400,-0.44,90300,91400,87800,48682416,48682416,0,4.36E+12,4.36E+12,0,5.41E+14,5969782550
2021-01-13,89700,-900,-0.99,89800,91200,89100,36068848,36068848,0,3.24E+12,3.24E+12,0,5.35E+14,5969782550
2021-01-14,89700,0,0,88700,90000,88700,26393970,26393970,0,2.36E+12,2.36E+12,0,5.35E+14,5969782550
2021-01-15,88000,-1700,-1.9,89800,91800,88000,33431809,33431809,0,2.98E+12,2.98E+12,0,5.25E+14,5969782550
2021-01-18,85000,-3000,-3.41,86600,87300,84100,43227951,43227951,0,3.72E+12,3.72E+12,0,5.07E+14,5969782550
2021-01-19,87000,2000,2.35,84500,88000,83600,39895044,39895044,0,3.44E+12,3.44E+12,0,5.19E+14,5969782550
2021-01-20,87200,200,0.23,89000,89000,86500,25211127,25211127,0,2.21E+12,2.21E+12,0,5.21E+14,5969782550
2021-01-21,88100,900,1.03,87500,88600,86500,25318011,25318011,0,2.21E+12,2.21E+12,0,5.26E+14,5969782550
2021-01-22,86800,-1300,-1.48,89000,89700,86800,30861661,30861661,0,2.72E+12,2.72E+12,0,5.18E+14,5969782550
2021-01-25,89400,2600,3,87000,89900,86300,27258534,27258534,0,2.41E+12,2.41E+12,0,5.34E+14,5969782550
2021-01-26,86700,-2700,-3.02,88800,89200,86500,33178936,33178936,0,2.90E+12,2.90E+12,0,5.18E+14,5969782550
2021-01-27,85600,-1100,-1.27,86600,87700,85600,26423070,26423070,0,2.28E+12,2.28E+12,0,5.11E+14,5969782550
2021-01-28,83700,-1900,-2.22,83200,85600,83200,31859808,31859808,0,2.68E+12,2.68E+12,0,5.00E+14,5969782550
2021-01-29,82000,-1700,-2.03,84500,85000,82000,39615978,39615978,0,3.29E+12,3.29E+12,0,4.90E+14,5969782550
2021-02-01,83000,1000,1.22,81700,83400,81000,28046832,28046832,0,2.31E+12,2.31E+12,0,4.95E+14,5969782550
2021-02-02,84400,1400,1.69,84100,86400,83700,26302077,26302077,0,2.23E+12,2.23E+12,0,5.04E+14,5969782550
2021-02-03,84600,200,0.24,84800,85400,83400,22112205,22112205,0,1.86E+12,1.86E+12,0,5.05E+14,5969782550
2021-02-04,82500,-2100,-2.48,83500,83800,82100,24171688,24171688,0,2.00E+12,2.00E+12,0,4.93E+14,5969782550
2021-02-05,83500,1000,1.21,83100,84000,82500,18036835,18036835,0,1.50E+12,1.50E+12,0,4.98E+14,5969782550
2021-02-08,83000,-500,-0.6,83800,84200,83000,15338765,15338765,0,1.28E+12,1.28E+12,0,4.95E+14,5969782550
2021-02-09,82700,-300,-0.36,84000,84800,82700,20898332,20898332,0,1.75E+12,1.75E+12,0,4.94E+14,5969782550
2021-02-10,81600,-1100,-1.33,82600,82600,81600,23025766,23025766,0,1.89E+12,1.89E+12,0,4.87E+14,5969782550
2021-02-15,84200,2600,3.19,83800,84500,83300,23529706,23529706,0,1.98E+12,1.98E+12,0,5.03E+14,5969782550
2021-02-16,84900,700,0.83,84500,86000,84200,20483100,20483100,0,1.74E+12,1.74E+12,0,5.07E+14,5969782550
2021-02-17,83200,-1700,-2,83900,84200,83000,18307735,18307735,0,1.53E+12,1.53E+12,0,4.97E+14,5969782550
2021-02-18,82100,-1100,-1.32,83200,83600,82100,21327683,21327683,0,1.76E+12,1.76E+12,0,4.90E+14,5969782550
2021-02-19,82600,500,0.61,82300,82800,81000,25880879,25880879,0,2.12E+12,2.12E+12,0,4.93E+14,5969782550
2021-02-22,82200,-400,-0.48,83800,84200,82200,25419886,25419886,0,2.11E+12,2.11E+12,0,4.91E+14,5969782550
2021-02-23,82000,-200,-0.24,81200,82900,81100,20587314,20587314,0,1.68E+12,1.68E+12,0,4.90E+14,5969782550
2021-02-24,82000,0,0,81800,83600,81300,26807651,26807651,0,2.21E+12,2.21E+12,0,4.90E+14,5969782550
2021-02-25,85300,3300,4.02,84000,85400,83000,34155986,34155986,0,2.88E+12,2.88E+12,0,5.09E+14,5969782550
2021-02-26,82500,-2800,-3.28,82800,83400,82000,38520800,38520800,0,3.18E+12,3.18E+12,0,4.93E+14,5969782550
2021-03-02,83600,1100,1.33,85100,85300,83000,33498180,33498180,0,2.82E+12,2.82E+12,0,4.99E+14,5969782550
2021-03-03,84000,400,0.48,83500,84000,82800,19882132,19882132,0,1.66E+12,1.66E+12,0,5.01E+14,5969782550
2021-03-04,82400,-1600,-1.9,82600,83200,82200,24348331,24348331,0,2.01E+12,2.01E+12,0,4.92E+14,5969782550
2021-03-05,82100,-300,-0.36,81100,82600,81100,20508971,20508971,0,1.68E+12,1.68E+12,0,4.90E+14,5969782550
2021-03-08,82000,-100,-0.12,82900,83000,81600,17641256,17641256,0,1.45E+12,1.45E+12,0,4.90E+14,5969782550
2021-03-09,81400,-600,-0.73,81400,81900,80600,25420764,25420764,0,2.07E+12,2.07E+12,0,4.86E+14,5969782550
2021-03-10,80900,-500,-0.61,82400,82500,80700,20038422,20038422,0,1.63E+12,1.63E+12,0,4.83E+14,5969782550
2021-03-11,82000,1100,1.36,81000,82500,81000,23818297,23818297,0,1.95E+12,1.95E+12,0,4.90E+14,5969782550
2021-03-12,82800,800,0.98,83100,83500,82400,13530573,13530573,0,1.12E+12,1.12E+12,0,4.94E+14,5969782550
2021-03-15,81800,-1000,-1.21,82800,82900,81800,13735798,13735798,0,1.13E+12,1.13E+12,0,4.88E+14,5969782550
2021-03-16,82800,1000,1.22,82200,83000,82100,12293537,12293537,0,1.01E+12,1.01E+12,0,4.94E+14,5969782550
2021-03-17,82300,-500,-0.6,82800,82900,82000,11625146,11625146,0,9.57E+11,9.57E+11,0,4.91E+14,5969782550
2021-03-18,82900,600,0.73,82800,83800,82600,18585244,18585244,0,1.55E+12,1.55E+12,0,4.95E+14,5969782550
2021-03-19,81900,-1000,-1.21,82100,82500,81800,15869700,15869700,0,1.30E+12,1.30E+12,0,4.89E+14,5969782550
2021-03-22,82000,100,0.12,82000,82300,81700,12670506,12670506,0,1.04E+12,1.04E+12,0,4.90E+14,5969782550
2021-03-23,81800,-200,-0.24,82600,82900,81800,13299907,13299907,0,1.09E+12,1.09E+12,0,4.88E+14,5969782550
2021-03-24,81000,-800,-0.98,81000,81600,80700,17926638,17926638,0,1.45E+12,1.45E+12,0,4.84E+14,5969782550
2021-03-25,81200,200,0.25,81000,82100,80800,14758826,14758826,0,1.20E+12,1.20E+12,0,4.85E+14,5969782550
2021-03-26,81500,300,0.37,81400,81600,81000,12845778,12845778,0,1.04E+12,1.04E+12,0,4.87E+14,5969782550
2021-03-29,81600,100,0.12,81700,81700,81000,14952134,14952134,0,1.22E+12,1.22E+12,0,4.87E+14,5969782550
2021-03-30,82200,600,0.74,81600,82300,81300,13121698,13121698,0,1.07E+12,1.07E+12,0,4.91E+14,5969782550
2021-03-31,81400,-800,-0.97,82400,82700,81400,17240518,17240518,0,1.41E+12,1.41E+12,0,4.86E+14,5969782550
2021-04-01,82900,1500,1.84,82500,83000,82000,18676461,18676461,0,1.54E+12,1.54E+12,0,4.95E+14,5969782550
2021-04-02,84800,1900,2.29,84000,85200,83900,22997538,22997538,0,1.95E+12,1.95E+12,0,5.06E+14,5969782550
2021-04-05,85400,600,0.71,85800,86000,84800,16255990,16255990,0,1.39E+12,1.39E+12,0,5.10E+14,5969782550
2021-04-06,86000,600,0.7,86200,86200,85100,19042023,19042023,0,1.63E+12,1.63E+12,0,5.13E+14,5969782550
2021-04-07,85600,-400,-0.47,86100,86200,85400,17885538,17885538,0,1.53E+12,1.53E+12,0,5.11E+14,5969782550
2021-04-08,84700,-900,-1.05,85700,85700,84100,19244259,19244259,0,1.63E+12,1.63E+12,0,5.06E+14,5969782550
2021-04-09,83600,-1100,-1.3,84700,84900,83400,18193707,18193707,0,1.53E+12,1.53E+12,0,4.99E+14,5969782550
2021-04-12,83200,-400,-0.48,84100,84100,83100,12915282,12915282,0,1.08E+12,1.08E+12,0,4.97E+14,5969782550
2021-04-13,84000,800,0.96,83000,84500,82800,15238206,15238206,0,1.28E+12,1.28E+12,0,5.01E+14,5969782550
2021-04-14,84000,0,0,84000,84300,83400,13794652,13794652,0,1.16E+12,1.16E+12,0,5.01E+14,5969782550
2021-04-15,84100,100,0.12,83700,84500,83400,16377412,16377412,0,1.38E+12,1.38E+12,0,5.02E+14,5969782550
2021-04-16,83900,-200,-0.24,84700,84700,83600,15429522,15429522,0,1.29E+12,1.29E+12,0,5.01E+14,5969782550
2021-04-19,83300,-600,-0.72,83800,84000,83300,15287311,15287311,0,1.28E+12,1.28E+12,0,4.97E+14,5969782550
2021-04-20,83900,600,0.72,83300,84000,83100,15521965,15521965,0,1.30E+12,1.30E+12,0,5.01E+14,5969782550
2021-04-21,82600,-1300,-1.55,83300,83500,82500,21636079,21636079,0,1.79E+12,1.79E+12,0,4.93E+14,5969782550
2021-04-22,82400,-200,-0.24,82900,83000,82400,13934746,13934746,0,1.15E+12,1.15E+12,0,4.92E+14,5969782550
2021-04-23,82800,400,0.49,81900,82900,81600,17805080,17805080,0,1.46E+12,1.46E+12,0,4.94E+14,5969782550
2021-04-26,83500,700,0.85,82900,83500,82600,15489938,15489938,0,1.29E+12,1.29E+12,0,4.98E+14,5969782550
2021-04-27,82900,-600,-0.72,83200,83300,82500,12941533,12941533,0,1.07E+12,1.07E+12,0,4.95E+14,5969782550
2021-04-28,82100,-800,-0.97,83200,83200,82100,15596759,15596759,0,1.28E+12,1.28E+12,0,4.90E+14,5969782550
2021-04-29,81700,-400,-0.49,82400,82500,81500,20000973,20000973,0,1.64E+12,1.64E+12,0,4.88E+14,5969782550
2021-04-30,81500,-200,-0.24,81900,82100,81500,18673197,18673197,0,1.53E+12,1.53E+12,0,4.87E+14,5969782550
2021-05-03,81700,200,0.25,81000,82400,81000,15710336,15710336,0,1.28E+12,1.28E+12,0,4.88E+14,5969782550
2021-05-04,82600,900,1.1,81900,82600,81800,12532550,12532550,0,1.03E+12,1.03E+12,0,4.93E+14,5969782550
2021-05-06,82300,-300,-0.36,81700,82300,81700,17047511,17047511,0,1.40E+12,1.40E+12,0,4.91E+14,5969782550
2021-05-07,81900,-400,-0.49,81800,82100,81500,14154882,14154882,0,1.16E+12,1.16E+12,0,4.89E+14,5969782550
2021-05-10,83200,1300,1.59,82300,83500,81800,19385027,19385027,0,1.60E+12,1.60E+12,0,4.97E+14,5969782550
2021-05-11,81200,-2000,-2.4,82500,82600,81100,28996680,28996680,0,2.37E+12,2.37E+12,0,4.85E+14,5969782550
2021-05-12,80000,-1200,-1.48,80800,81200,79800,35812268,35812268,0,2.88E+12,2.88E+12,0,4.78E+14,5969782550
2021-05-13,78500,-1500,-1.88,78900,79600,78400,31490096,31490096,0,2.48E+12,2.48E+12,0,4.69E+14,5969782550
2021-05-14,80100,1600,2.04,79000,80300,78900,16450920,16450920,0,1.31E+12,1.31E+12,0,4.78E+14,5969782550
2021-05-17,79600,-500,-0.62,80800,80900,79200,17740855,17740855,0,1.41E+12,1.41E+12,0,4.75E+14,5969782550
2021-05-18,79600,0,0,79600,80000,79100,17494407,17494407,0,1.39E+12,1.39E+12,0,4.75E+14,5969782550
2021-05-20,79500,-100,-0.13,79400,79700,79100,16541828,16541828,0,1.31E+12,1.31E+12,0,4.75E+14,5969782550
2021-05-21,80100,600,0.75,80100,81500,79800,20961714,20961714,0,1.69E+12,1.69E+12,0,4.78E+14,5969782550
2021-05-24,79700,-400,-0.5,80100,80400,79500,13398666,13398666,0,1.07E+12,1.07E+12,0,4.76E+14,5969782550
2021-05-25,79900,200,0.25,80000,80400,79800,13628942,13628942,0,1.09E+12,1.09E+12,0,4.77E+14,5969782550
2021-05-26,79800,-100,-0.13,80400,80500,79700,11984359,11984359,0,9.59E+11,9.59E+11,0,4.76E+14,5969782550
2021-05-27,79600,-200,-0.25,80000,80000,79100,23198510,23198510,0,1.85E+12,1.85E+12,0,4.75E+14,5969782550
2021-05-28,80100,500,0.63,79800,80400,79400,12360199,12360199,0,9.89E+11,9.89E+11,0,4.78E+14,5969782550
2021-05-31,80500,400,0.5,80300,80600,79600,13321324,13321324,0,1.07E+12,1.07E+12,0,4.81E+14,5969782550
2021-06-01,80600,100,0.12,80500,81300,80100,14058401,14058401,0,1.14E+12,1.14E+12,0,4.81E+14,5969782550
2021-06-02,80800,200,0.25,80400,81400,80300,16414644,16414644,0,1.33E+12,1.33E+12,0,4.82E+14,5969782550
2021-06-03,82800,2000,2.48,81300,83000,81100,29546007,29546007,0,2.44E+12,2.44E+12,0,4.94E+14,5969782550
2021-06-04,82200,-600,-0.72,82700,82700,81500,18112259,18112259,0,1.49E+12,1.49E+12,0,4.91E+14,5969782550
2021-06-07,81900,-300,-0.36,82700,82800,81600,16496197,16496197,0,1.35E+12,1.35E+12,0,4.89E+14,5969782550
2021-06-08,81900,0,0,82300,82600,81800,12781226,12781226,0,1.05E+12,1.05E+12,0,4.89E+14,5969782550
2021-06-09,81100,-800,-0.98,81500,82000,81100,14908823,14908823,0,1.21E+12,1.21E+12,0,4.84E+14,5969782550
2021-06-10,81000,-100,-0.12,81300,81400,80900,17586995,17586995,0,1.43E+12,1.43E+12,0,4.84E+14,5969782550
2021-06-11,81000,0,0,81200,81700,80700,14087962,14087962,0,1.14E+12,1.14E+12,0,4.84E+14,5969782550
2021-06-14,80500,-500,-0.62,80800,80900,80500,10550078,10550078,0,8.50E+11,8.50E+11,0,4.81E+14,5969782550
2021-06-15,80900,400,0.5,80900,81200,80600,10075685,10075685,0,8.14E+11,8.14E+11,0,4.83E+14,5969782550
2021-06-16,81800,900,1.11,81500,81900,81100,14999855,14999855,0,1.22E+12,1.22E+12,0,4.88E+14,5969782550
2021-06-17,80900,-900,-1.1,81100,81300,80700,14007385,14007385,0,1.13E+12,1.13E+12,0,4.83E+14,5969782550
2021-06-18,80500,-400,-0.49,81100,81100,80500,14916721,14916721,0,1.20E+12,1.20E+12,0,4.81E+14,5969782550
2021-06-21,79900,-600,-0.75,79700,80000,79600,16063340,16063340,0,1.28E+12,1.28E+12,0,4.77E+14,5969782550
2021-06-22,80000,100,0.13,80200,80300,79900,11773365,11773365,0,9.43E+11,9.43E+11,0,4.78E+14,5969782550
2021-06-23,80100,100,0.13,80500,80600,79900,13856548,13856548,0,1.11E+12,1.11E+12,0,4.78E+14,5969782550
2021-06-24,81200,1100,1.37,80400,81400,80100,18771080,18771080,0,1.52E+12,1.52E+12,0,4.85E+14,5969782550
2021-06-25,81600,400,0.49,81500,81900,81200,13481405,13481405,0,1.10E+12,1.10E+12,0,4.87E+14,5969782550
2021-06-28,81900,300,0.37,81700,82000,81600,11578529,11578529,0,9.47E+11,9.47E+11,0,4.89E+14,5969782550
2021-06-29,81000,-900,-1.1,81900,82100,80800,15744317,15744317,0,1.28E+12,1.28E+12,0,4.84E+14,5969782550
2021-06-30,80700,-300,-0.37,81100,81400,80700,13288643,13288643,0,1.08E+12,1.08E+12,0,4.82E+14,5969782550
2021-07-01,80100,-600,-0.74,80500,80600,80000,13382882,13382882,0,1.07E+12,1.07E+12,0,4.78E+14,5969782550
2021-07-02,80000,-100,-0.12,80000,80400,79900,8753097,8753097,0,7.01E+11,7.01E+11,0,4.78E+14,5969782550
2021-07-05,80400,400,0.5,80100,80800,80000,8330969,8330969,0,6.70E+11,6.70E+11,0,4.80E+14,5969782550
2021-07-06,81200,800,1,80600,81200,80500,12131651,12131651,0,9.83E+11,9.83E+11,0,4.85E+14,5969782550
2021-07-07,80800,-400,-0.49,81200,81300,80300,15992202,15992202,0,1.29E+12,1.29E+12,0,4.82E+14,5969782550
2021-07-08,79900,-900,-1.11,81100,81200,79900,16660998,16660998,0,1.34E+12,1.34E+12,0,4.77E+14,5969782550
2021-07-09,79400,-500,-0.63,79600,79800,79000,22720577,22720577,0,1.80E+12,1.80E+12,0,4.74E+14,5969782550
2021-07-12,79700,300,0.38,79900,80000,79500,9768108,9768108,0,7.79E+11,7.79E+11,0,4.76E+14,5969782550
2021-07-13,79800,100,0.13,80000,80200,79800,9863450,9863450,0,7.89E+11,7.89E+11,0,4.76E+14,5969782550
2021-07-14,79500,-300,-0.38,79400,79600,79100,11575636,11575636,0,9.19E+11,9.19E+11,0,4.75E+14,5969782550
2021-07-15,80600,1100,1.38,79800,80600,79500,13766279,13766279,0,1.10E+12,1.10E+12,0,4.81E+14,5969782550
2021-07-16,79800,-800,-0.99,80100,80100,79500,10859399,10859399,0,8.66E+11,8.66E+11,0,4.76E+14,5969782550
2021-07-19,79000,-800,-1,79100,79200,78800,13155414,13155414,0,1.04E+12,1.04E+12,0,4.72E+14,5969782550
2021-07-20,79000,0,0,78500,79000,78400,12456646,12456646,0,9.80E+11,9.80E+11,0,4.72E+14,5969782550
2021-07-21,78500,-500,-0.63,79000,79100,78500,12355296,12355296,0,9.71E+11,9.71E+11,0,4.69E+14,5969782550
2021-07-22,79700,1200,1.53,79000,79800,78900,12618790,12618790,0,1.00E+12,1.00E+12,0,4.76E+14,5969782550
2021-07-23,79300,-400,-0.5,79700,79900,79200,9098910,9098910,0,7.23E+11,7.23E+11,0,4.73E+14,5969782550
2021-07-26,78800,-500,-0.63,79400,79500,78800,10040975,10040975,0,7.93E+11,7.93E+11,0,4.70E+14,5969782550
2021-07-27,78500,-300,-0.38,79200,79400,78500,11427693,11427693,0,9.01E+11,9.01E+11,0,4.69E+14,5969782550
2021-07-28,79200,700,0.89,78300,79200,78100,12743417,12743417,0,1.00E+12,1.00E+12,0,4.73E+14,5969782550
2021-07-29,79000,-200,-0.25,78800,79400,78800,14360453,14360453,0,1.13E+12,1.13E+12,0,4.72E+14,5969782550
2021-07-30,78500,-500,-0.63,78900,78900,78500,13823411,13823411,0,1.09E+12,1.09E+12,0,4.69E+14,5969782550
2021-08-02,79300,800,1.02,79200,79500,78700,11739124,11739124,0,9.29E+11,9.29E+11,0,4.73E+14,5969782550
2021-08-03,81400,2100,2.65,79400,81400,79300,24339360,24339360,0,1.97E+12,1.97E+12,0,4.86E+14,5969782550
2021-08-04,82900,1500,1.84,82200,83100,81800,25642368,25642368,0,2.12E+12,2.12E+12,0,4.95E+14,5969782550
2021-08-05,82100,-800,-0.97,83300,83300,82000,18485469,18485469,0,1.53E+12,1.53E+12,0,4.90E+14,5969782550
2021-08-06,81500,-600,-0.73,81900,82500,81300,13342623,13342623,0,1.09E+12,1.09E+12,0,4.87E+14,5969782550
2021-08-09,81500,0,0,81500,82300,80900,15522581,15522581,0,1.27E+12,1.27E+12,0,4.87E+14,5969782550
2021-08-10,80200,-1300,-1.6,82300,82400,80100,20362639,20362639,0,1.64E+12,1.64E+12,0,4.79E+14,5969782550
2021-08-11,78500,-1700,-2.12,79600,79800,78500,30241137,30241137,0,2.39E+12,2.39E+12,0,4.69E+14,5969782550
2021-08-12,77000,-1500,-1.91,77100,78200,76900,42365223,42365223,0,3.28E+12,3.28E+12,0,4.60E+14,5969782550
2021-08-13,74400,-2600,-3.38,75800,76000,74100,61270643,61270643,0,4.58E+12,4.58E+12,0,4.44E+14,5969782550
2021-08-17,74200,-200,-0.27,74000,75100,74000,30944847,30944847,0,2.30E+12,2.30E+12,0,4.43E+14,5969782550
2021-08-18,73900,-300,-0.4,73900,74600,73100,29192631,29192631,0,2.16E+12,2.16E+12,0,4.41E+14,5969782550
2021-08-19,73100,-800,-1.08,73500,74400,73100,22166298,22166298,0,1.63E+12,1.63E+12,0,4.36E+14,5969782550
2021-08-20,72700,-400,-0.55,73500,73900,72500,22364803,22364803,0,1.63E+12,1.63E+12,0,4.34E+14,5969782550
2021-08-23,73300,600,0.83,73300,74000,73000,19384648,19384648,0,1.42E+12,1.42E+12,0,4.38E+14,5969782550
2021-08-24,75600,2300,3.14,73900,75700,73900,21016913,21016913,0,1.57E+12,1.57E+12,0,4.51E+14,5969782550
2021-08-25,75700,100,0.13,76200,76600,74900,22319664,22319664,0,1.69E+12,1.69E+12,0,4.52E+14,5969782550
2021-08-26,74600,-1100,-1.45,76100,76200,74600,16671494,16671494,0,1.25E+12,1.25E+12,0,4.45E+14,5969782550
2021-08-27,74300,-300,-0.4,74300,75000,73800,15172748,15172748,0,1.13E+12,1.13E+12,0,4.44E+14,5969782550
2021-08-30,74600,300,0.4,75400,75500,74200,12686999,12686999,0,9.46E+11,9.46E+11,0,4.45E+14,5969782550
2021-08-31,76700,2100,2.82,74900,76700,74300,24630370,24630370,0,1.86E+12,1.86E+12,0,4.58E+14,5969782550
2021-09-01,76800,100,0.13,76700,77100,75900,16114775,16114775,0,1.23E+12,1.23E+12,0,4.58E+14,5969782550
2021-09-02,76000,-800,-1.04,76800,76800,75700,15347486,15347486,0,1.17E+12,1.17E+12,0,4.54E+14,5969782550
2021-09-03,76600,600,0.79,76400,76700,76000,12096419,12096419,0,9.25E+11,9.25E+11,0,4.57E+14,5969782550
2021-09-06,77300,700,0.91,76800,77600,76600,12861180,12861180,0,9.93E+11,9.93E+11,0,4.61E+14,5969782550
2021-09-07,76100,-1200,-1.55,77100,77100,75900,13239401,13239401,0,1.01E+12,1.01E+12,0,4.54E+14,5969782550
2021-09-08,76300,200,0.26,76000,76400,75600,11798147,11798147,0,8.98E+11,8.98E+11,0,4.55E+14,5969782550
2021-09-09,75300,-1000,-1.31,76400,76600,75000,17600770,17600770,0,1.33E+12,1.33E+12,0,4.50E+14,5969782550
2021-09-10,75300,0,0,75300,75600,74800,10103212,10103212,0,7.60E+11,7.60E+11,0,4.50E+14,5969782550
2021-09-13,76300,1000,1.33,75200,76300,75100,11397775,11397775,0,8.65E+11,8.65E+11,0,4.55E+14,5969782550
2021-09-14,76600,300,0.39,77100,77700,76600,18167057,18167057,0,1.40E+12,1.40E+12,0,4.57E+14,5969782550
2021-09-15,77000,400,0.52,77400,77400,76400,12829128,12829128,0,9.88E+11,9.88E+11,0,4.60E+14,5969782550
2021-09-16,76100,-900,-1.17,77300,77400,76100,13067622,13067622,0,1.00E+12,1.00E+12,0,4.54E+14,5969782550
2021-09-17,77200,1100,1.45,76300,77200,75900,16289502,16289502,0,1.25E+12,1.25E+12,0,4.61E+14,5969782550
2021-09-23,77400,200,0.26,77500,77600,76800,17055590,17055590,0,1.32E+12,1.32E+12,0,4.62E+14,5969782550
2021-09-24,77300,-100,-0.13,77600,77700,77100,12247274,12247274,0,9.47E+11,9.47E+11,0,4.61E+14,5969782550
2021-09-27,77700,400,0.52,77300,77700,77000,11699798,11699798,0,9.07E+11,9.07E+11,0,4.64E+14,5969782550
2021-09-28,76300,-1400,-1.8,77700,77800,76200,15406382,15406382,0,1.18E+12,1.18E+12,0,4.55E+14,5969782550
2021-09-29,74100,-2200,-2.88,74800,75300,73800,23992458,23992458,0,1.78E+12,1.78E+12,0,4.42E+14,5969782550
2021-09-30,74100,0,0,74300,74800,73700,19919361,19919361,0,1.48E+12,1.48E+12,0,4.42E+14,5969782550
2021-10-01,73200,-900,-1.21,73900,74000,72900,15803395,15803395,0,1.16E+12,1.16E+12,0,4.37E+14,5969782550
2021-10-05,72200,-1000,-1.37,73000,73000,71400,24013921,24013921,0,1.73E+12,1.73E+12,0,4.31E+14,5969782550
2021-10-06,71300,-900,-1.25,72600,72800,71200,18956962,18956962,0,1.36E+12,1.36E+12,0,4.26E+14,5969782550
2021-10-07,71600,300,0.42,71600,72100,71300,13683532,13683532,0,9.82E+11,9.82E+11,0,4.27E+14,5969782550
2021-10-08,71500,-100,-0.14,72300,72400,71500,14043287,14043287,0,1.01E+12,1.01E+12,0,4.27E+14,5969782550
2021-10-12,69000,-2500,-3.5,70700,70900,68700,31001484,31001484,0,2.15E+12,2.15E+12,0,4.12E+14,5969782550
2021-10-13,68800,-200,-0.29,68700,69600,68300,24172015,24172015,0,1.67E+12,1.67E+12,0,4.11E+14,5969782550
2021-10-14,69400,600,0.87,69000,69800,68800,19520641,19520641,0,1.35E+12,1.35E+12,0,4.14E+14,5969782550
2021-10-15,70100,700,1.01,70200,71000,70000,18051612,18051612,0,1.27E+12,1.27E+12,0,4.18E+14,5969782550
2021-10-18,70200,100,0.14,70200,70300,69200,13486391,13486391,0,9.42E+11,9.42E+11,0,4.19E+14,5969782550
2021-10-19,70600,400,0.57,70800,71000,70400,9507991,9507991,0,6.72E+11,6.72E+11,0,4.21E+14,5969782550
2021-10-20,70300,-300,-0.42,70700,71000,70200,10151638,10151638,0,7.16E+11,7.16E+11,0,4.20E+14,5969782550
2021-10-21,70200,-100,-0.14,70300,70600,70000,10891094,10891094,0,7.66E+11,7.66E+11,0,4.19E+14,5969782550
2021-10-22,70400,200,0.28,70000,70700,70000,8395448,8395448,0,5.91E+11,5.91E+11,0,4.20E+14,5969782550
2021-10-25,70200,-200,-0.28,69900,70600,69500,10029621,10029621,0,7.03E+11,7.03E+11,0,4.19E+14,5969782550
2021-10-26,71100,900,1.28,70600,71500,70400,10528252,10528252,0,7.46E+11,7.46E+11,0,4.24E+14,5969782550
2021-10-27,70100,-1000,-1.41,71000,71000,70000,10295316,10295316,0,7.23E+11,7.23E+11,0,4.18E+14,5969782550
2021-10-28,70700,600,0.86,69500,72200,69500,20644902,20644902,0,1.46E+12,1.46E+12,0,4.22E+14,5969782550
2021-10-29,69800,-900,-1.27,71200,71600,69700,17016151,17016151,0,1.20E+12,1.20E+12,0,4.17E+14,5969782550
2021-11-01,69900,100,0.14,70200,70600,69900,11503729,11503729,0,8.08E+11,8.08E+11,0,4.17E+14,5969782550
2021-11-02,71500,1600,2.29,70800,72200,70700,16812570,16812570,0,1.20E+12,1.20E+12,0,4.27E+14,5969782550
2021-11-03,70400,-1100,-1.54,71700,71700,70100,12770428,12770428,0,9.02E+11,9.02E+11,0,4.20E+14,5969782550
2021-11-04,70600,200,0.28,71200,71600,70500,11818987,11818987,0,8.40E+11,8.40E+11,0,4.21E+14,5969782550
2021-11-05,70200,-400,-0.57,71600,71600,70200,12667743,12667743,0,8.94E+11,8.94E+11,0,4.19E+14,5969782550
2021-11-08,70600,400,0.57,70400,70600,69800,11121981,11121981,0,7.81E+11,7.81E+11,0,4.21E+14,5969782550
2021-11-09,70500,-100,-0.14,70300,71000,70100,11159589,11159589,0,7.86E+11,7.86E+11,0,4.21E+14,5969782550
2021-11-10,70200,-300,-0.43,70300,70900,70200,9422009,9422009,0,6.64E+11,6.64E+11,0,4.19E+14,5969782550
2021-11-11,69900,-300,-0.43,69900,70000,69600,11489122,11489122,0,8.02E+11,8.02E+11,0,4.17E+14,5969782550
2021-11-12,70600,700,1,70200,70900,69900,10087450,10087450,0,7.11E+11,7.11E+11,0,4.21E+14,5969782550
2021-11-15,71400,800,1.13,71700,71900,70900,12420710,12420710,0,8.89E+11,8.89E+11,0,4.26E+14,5969782550
2021-11-16,71300,-100,-0.14,71500,72000,71300,10919239,10919239,0,7.82E+11,7.82E+11,0,4.26E+14,5969782550
2021-11-17,70700,-600,-0.84,71300,71600,70600,11027606,11027606,0,7.83E+11,7.83E+11,0,4.22E+14,5969782550
2021-11-18,70200,-500,-0.71,70700,71000,70200,10144957,10144957,0,7.15E+11,7.15E+11,0,4.19E+14,5969782550
2021-11-19,71200,1000,1.42,70400,71400,70100,11954728,11954728,0,8.45E+11,8.45E+11,0,4.25E+14,5969782550
2021-11-22,74900,3700,5.2,73300,75200,73000,27506623,27506623,0,2.05E+12,2.05E+12,0,4.47E+14,5969782550
2021-11-23,75300,400,0.53,76000,76000,74500,22029195,22029195,0,1.66E+12,1.66E+12,0,4.50E+14,5969782550
2021-11-24,74800,-500,-0.66,76000,76200,74100,15652305,15652305,0,1.17E+12,1.17E+12,0,4.47E+14,5969782550
2021-11-25,73700,-1100,-1.47,75100,75100,73600,12559258,12559258,0,9.30E+11,9.30E+11,0,4.40E+14,5969782550
2021-11-26,72300,-1400,-1.9,73500,74100,72000,13002242,13002242,0,9.44E+11,9.44E+11,0,4.32E+14,5969782550
2021-11-29,72300,0,0,71700,73000,71400,16682559,16682559,0,1.21E+12,1.21E+12,0,4.32E+14,5969782550
2021-11-30,71300,-1000,-1.38,73200,73900,70500,30364841,30364841,0,2.18E+12,2.18E+12,0,4.26E+14,5969782550
2021-12-01,74400,3100,4.35,72000,74800,71600,21954856,21954856,0,1.61E+12,1.61E+12,0,4.44E+14,5969782550
2021-12-02,75800,1400,1.88,73900,75800,73800,23652940,23652940,0,1.78E+12,1.78E+12,0,4.53E+14,5969782550
2021-12-03,75600,-200,-0.26,75600,76000,74100,18330240,18330240,0,1.38E+12,1.38E+12,0,4.51E+14,5969782550
2021-12-06,76300,700,0.93,75100,76700,74900,16391250,16391250,0,1.25E+12,1.25E+12,0,4.55E+14,5969782550
2021-12-07,77400,1100,1.44,76100,77700,75600,19232453,19232453,0,1.48E+12,1.48E+12,0,4.62E+14,5969782550
2021-12-08,77400,0,0,78300,78600,77100,21558340,21558340,0,1.66E+12,1.66E+12,0,4.62E+14,5969782550
2021-12-09,78200,800,1.03,77400,78200,77000,21604528,21604528,0,1.68E+12,1.68E+12,0,4.67E+14,5969782550
2021-12-10,76900,-1300,-1.66,77400,77600,76800,9155219,9155219,0,7.06E+11,7.06E+11,0,4.59E+14,5969782550
2021-12-13,76800,-100,-0.13,77200,78300,76500,15038750,15038750,0,1.16E+12,1.16E+12,0,4.58E+14,5969782550
2021-12-14,77000,200,0.26,76500,77200,76200,10976660,10976660,0,8.41E+11,8.41E+11,0,4.60E+14,5969782550
2021-12-15,77600,600,0.78,76400,77600,76300,9584939,9584939,0,7.39E+11,7.39E+11,0,4.63E+14,5969782550
2021-12-16,77800,200,0.26,78500,78500,77400,11996128,11996128,0,9.34E+11,9.34E+11,0,4.64E+14,5969782550
2021-12-17,78000,200,0.26,76800,78000,76800,13108479,13108479,0,1.02E+12,1.02E+12,0,4.66E+14,5969782550
2021-12-20,77100,-900,-1.15,77600,77800,76800,11264375,11264375,0,8.70E+11,8.70E+11,0,4.60E+14,5969782550
2021-12-21,78100,1000,1.3,77900,78300,77500,14245298,14245298,0,1.11E+12,1.11E+12,0,4.66E+14,5969782550
2021-12-22,79400,1300,1.66,78900,79400,78800,17105892,17105892,0,1.35E+12,1.35E+12,0,4.74E+14,5969782550
2021-12-23,79900,500,0.63,79800,80000,79300,13577498,13577498,0,1.08E+12,1.08E+12,0,4.77E+14,5969782550
2021-12-24,80500,600,0.75,80200,80800,80200,12086380,12086380,0,9.74E+11,9.74E+11,0,4.81E+14,5969782550
2021-12-27,80200,-300,-0.37,80600,80600,79800,10783368,10783368,0,8.64E+11,8.64E+11,0,4.79E+14,5969782550
2021-12-28,80300,100,0.12,80200,80400,79700,18226325,18226325,0,1.46E+12,1.46E+12,0,4.79E+14,5969782550
2021-12-29,78800,-1500,-1.87,80200,80200,78500,19794795,19794795,0,1.57E+12,1.57E+12,0,4.70E+14,5969782550
2021-12-30,78300,-500,-0.63,78900,79500,78100,14236700,14236700,0,1.12E+12,1.12E+12,0,4.67E+14,5969782550
2022-01-03,78600,300,0.38,79400,79800,78200,13502112,13502112,0,1.07E+12,1.07E+12,0,4.69E+14,5969782550
2022-01-04,78700,100,0.13,78800,79200,78300,12427416,12427416,0,9.78E+11,9.78E+11,0,4.70E+14,5969782550
2022-01-05,77400,-1300,-1.65,78800,79000,76400,25470640,25470640,0,1.97E+12,1.97E+12,0,4.62E+14,5969782550
2022-01-06,76900,-500,-0.65,76700,77600,76600,12931954,12931954,0,9.96E+11,9.96E+11,0,4.59E+14,5969782550
2022-01-07,78300,1400,1.82,78100,78400,77400,15163757,15163757,0,1.18E+12,1.18E+12,0,4.67E+14,5969782550
2022-01-10,78000,-300,-0.38,78100,78100,77100,9947422,9947422,0,7.73E+11,7.73E+11,0,4.66E+14,5969782550
2022-01-11,78900,900,1.15,78400,79000,78000,13221123,13221123,0,1.04E+12,1.04E+12,0,4.71E+14,5969782550
2022-01-12,78900,0,0,79500,79600,78600,11000502,11000502,0,8.69E+11,8.69E+11,0,4.71E+14,5969782550
2022-01-13,77900,-1000,-1.27,79300,79300,77900,13889401,13889401,0,1.09E+12,1.09E+12,0,4.65E+14,5969782550
2022-01-14,77300,-600,-0.77,77700,78100,77100,10096725,10096725,0,7.82E+11,7.82E+11,0,4.61E+14,5969782550
2022-01-17,77500,200,0.26,77600,77800,76900,8785122,8785122,0,6.79E+11,6.79E+11,0,4.63E+14,5969782550
2022-01-18,77000,-500,-0.65,77600,77800,76600,9592788,9592788,0,7.40E+11,7.40E+11,0,4.60E+14,5969782550
2022-01-19,76300,-700,-0.91,76500,76900,76100,10598290,10598290,0,8.10E+11,8.10E+11,0,4.55E+14,5969782550
2022-01-20,76500,200,0.26,76200,76700,75900,9708168,9708168,0,7.41E+11,7.41E+11,0,4.57E+14,5969782550
2022-01-21,75600,-900,-1.18,75800,75800,74700,15774888,15774888,0,1.19E+12,1.19E+12,0,4.51E+14,5969782550
2022-01-24,75100,-500,-0.66,75400,75800,74700,13691134,13691134,0,1.03E+12,1.03E+12,0,4.48E+14,5969782550
2022-01-25,74000,-1100,-1.46,74800,75000,73200,17766704,17766704,0,1.31E+12,1.31E+12,0,4.42E+14,5969782550
2022-01-26,73300,-700,-0.95,73900,74400,73100,12976730,12976730,0,9.56E+11,9.56E+11,0,4.38E+14,5969782550
2022-01-27,71300,-2000,-2.73,73800,74000,71300,22274777,22274777,0,1.60E+12,1.60E+12,0,4.26E+14,5969782550
2022-01-28,73300,2000,2.81,71300,73700,71200,21367447,21367447,0,1.55E+12,1.55E+12,0,4.38E+14,5969782550
2022-02-03,73300,0,0,74900,74900,73300,17744721,17744721,0,1.31E+12,1.31E+12,0,4.38E+14,5969782550
2022-02-04,74000,700,0.95,74300,74600,73400,12730034,12730034,0,9.41E+11,9.41E+11,0,4.42E+14,5969782550
2022-02-07,73000,-1000,-1.35,73500,73600,72400,14240838,14240838,0,1.04E+12,1.04E+12,0,4.36E+14,5969782550
2022-02-08,73500,500,0.68,73800,74200,73000,11736666,11736666,0,8.64E+11,8.64E+11,0,4.39E+14,5969782550
2022-02-09,74700,1200,1.63,74300,74700,74000,9699122,9699122,0,7.22E+11,7.22E+11,0,4.46E+14,5969782550
2022-02-10,75400,700,0.94,75600,75800,74700,17746033,17746033,0,1.34E+12,1.34E+12,0,4.50E+14,5969782550
2022-02-11,74900,-500,-0.66,75000,75500,74600,12205407,12205407,0,9.15E+11,9.15E+11,0,4.47E+14,5969782550
2022-02-14,73700,-1200,-1.6,74400,74500,73100,13993255,13993255,0,1.03E+12,1.03E+12,0,4.40E+14,5969782550
2022-02-15,73700,0,0,74100,74200,73100,9320365,9320365,0,6.87E+11,6.87E+11,0,4.40E+14,5969782550
2022-02-16,74800,1100,1.49,74600,74900,74200,10767386,10767386,0,8.02E+11,8.02E+11,0,4.47E+14,5969782550
2022-02-17,75000,200,0.27,75000,75600,74500,13605382,13605382,0,1.02E+12,1.02E+12,0,4.48E+14,5969782550
2022-02-18,74300,-700,-0.93,74600,74800,73700,10122226,10122226,0,7.52E+11,7.52E+11,0,4.44E+14,5969782550
2022-02-21,74200,-100,-0.13,73200,74300,72600,10489717,10489717,0,7.70E+11,7.70E+11,0,4.43E+14,5969782550
2022-02-22,73400,-800,-1.08,73000,73400,72800,11692469,11692469,0,8.54E+11,8.54E+11,0,4.38E+14,5969782550
2022-02-23,73000,-400,-0.54,73800,73800,72800,10397964,10397964,0,7.60E+11,7.60E+11,0,4.36E+14,5969782550
2022-02-24,71500,-1500,-2.05,72300,72300,71300,15759283,15759283,0,1.13E+12,1.13E+12,0,4.27E+14,5969782550
2022-02-25,71900,400,0.56,72100,72600,71900,13168484,13168484,0,9.51E+11,9.51E+11,0,4.29E+14,5969782550
2022-02-28,72100,200,0.28,71100,72100,71000,17781783,17781783,0,1.27E+12,1.27E+12,0,4.30E+14,5969782550
2022-03-02,71700,-400,-0.55,72300,72400,71500,12481430,12481430,0,8.97E+11,8.97E+11,0,4.28E+14,5969782550
2022-03-03,72900,1200,1.67,72300,73100,72200,13232638,13232638,0,9.63E+11,9.63E+11,0,4.35E+14,5969782550
2022-03-04,71500,-1400,-1.92,72700,72700,71200,13409634,13409634,0,9.61E+11,9.61E+11,0,4.27E+14,5969782550
2022-03-07,70100,-1400,-1.96,70000,70600,69900,18617138,18617138,0,1.31E+12,1.31E+12,0,4.18E+14,5969782550
2022-03-08,69500,-600,-0.86,68800,70000,68700,15828269,15828269,0,1.10E+12,1.10E+12,0,4.15E+14,5969782550
2022-03-10,71200,1700,2.45,70800,71200,70500,21159248,21159248,0,1.50E+12,1.50E+12,0,4.25E+14,5969782550
2022-03-11,70000,-1200,-1.69,70500,70700,69700,15787655,15787655,0,1.11E+12,1.11E+12,0,4.18E+14,5969782550
2022-03-14,70200,200,0.29,70000,70200,69600,9040993,9040993,0,6.33E+11,6.33E+11,0,4.19E+14,5969782550
2022-03-15,69500,-700,-1,69800,70100,69500,10258562,10258562,0,7.16E+11,7.16E+11,0,4.15E+14,5969782550
2022-03-16,70400,900,1.29,70200,70500,69700,10175750,10175750,0,7.13E+11,7.13E+11,0,4.20E+14,5969782550
2022-03-17,71200,800,1.14,71200,71800,70900,17646315,17646315,0,1.26E+12,1.26E+12,0,4.25E+14,5969782550
2022-03-18,70700,-500,-0.7,70600,70900,70200,14410038,14410038,0,1.02E+12,1.02E+12,0,4.22E+14,5969782550
2022-03-21,69900,-800,-1.13,70900,71000,69900,11169002,11169002,0,7.84E+11,7.84E+11,0,4.17E+14,5969782550
2022-03-22,70300,400,0.57,69900,70500,69900,9402666,9402666,0,6.60E+11,6.60E+11,0,4.20E+14,5969782550
2022-03-23,70500,200,0.28,70600,71200,70300,12398025,12398025,0,8.76E+11,8.76E+11,0,4.21E+14,5969782550
2022-03-24,69800,-700,-0.99,69600,70300,69600,37943357,37943357,0,2.63E+12,2.63E+12,0,4.17E+14,5969782550
2022-03-25,69800,0,0,70100,70200,69600,12986010,12986010,0,9.06E+11,9.06E+11,0,4.17E+14,5969782550
2022-03-28,69700,-100,-0.14,69500,69900,69200,12619289,12619289,0,8.78E+11,8.78E+11,0,4.16E+14,5969782550
2022-03-29,70200,500,0.72,70000,70300,69800,13686208,13686208,0,9.59E+11,9.59E+11,0,4.19E+14,5969782550
2022-03-30,69900,-300,-0.43,70300,70500,69800,12670187,12670187,0,8.88E+11,8.88E+11,0,4.17E+14,5969782550
2022-03-31,69600,-300,-0.43,69900,70200,69600,12510366,12510366,0,8.73E+11,8.73E+11,0,4.15E+14,5969782550
2022-04-01,69100,-500,-0.72,69500,69500,69000,15916846,15916846,0,1.10E+12,1.10E+12,0,4.13E+14,5969782550
2022-04-04,69300,200,0.29,68900,69300,68600,11107905,11107905,0,7.67E+11,7.67E+11,0,4.14E+14,5969782550
2022-04-05,69200,-100,-0.14,69400,69600,69100,8467248,8467248,0,5.86E+11,5.86E+11,0,4.13E+14,5969782550
2022-04-06,68500,-700,-1.01,68600,68800,68500,15517308,15517308,0,1.06E+12,1.06E+12,0,4.09E+14,5969782550
2022-04-07,68000,-500,-0.73,68500,68500,68000,20683327,20683327,0,1.41E+12,1.41E+12,0,4.06E+14,5969782550
2022-04-08,67800,-200,-0.29,68100,68300,67700,15453191,15453191,0,1.05E+12,1.05E+12,0,4.05E+14,5969782550
2022-04-11,67900,100,0.15,67800,68100,67400,12263735,12263735,0,8.31E+11,8.31E+11,0,4.05E+14,5969782550
2022-04-12,67000,-900,-1.33,67600,67700,67000,13924389,13924389,0,9.37E+11,9.37E+11,0,4.00E+14,5969782550
2022-04-13,68700,1700,2.54,67300,69000,67200,17378619,17378619,0,1.18E+12,1.18E+12,0,4.10E+14,5969782550
2022-04-14,67500,-1200,-1.75,68700,68700,67500,16409494,16409494,0,1.11E+12,1.11E+12,0,4.03E+14,5969782550
2022-04-15,66600,-900,-1.33,67200,67300,66500,13176415,13176415,0,8.79E+11,8.79E+11,0,3.98E+14,5969782550
2022-04-18,66700,100,0.15,66500,67100,66100,10119203,10119203,0,6.75E+11,6.75E+11,0,3.98E+14,5969782550
2022-04-19,67300,600,0.9,67100,68000,67000,12959434,12959434,0,8.76E+11,8.76E+11,0,4.02E+14,5969782550
2022-04-20,67400,100,0.15,67000,67400,66500,16693293,16693293,0,1.12E+12,1.12E+12,0,4.02E+14,5969782550
2022-04-21,67700,300,0.45,67600,68300,67500,12847448,12847448,0,8.73E+11,8.73E+11,0,4.04E+14,5969782550
2022-04-22,67000,-700,-1.03,67200,67300,66700,11791478,11791478,0,7.89E+11,7.89E+11,0,4.00E+14,5969782550
2022-04-25,66300,-700,-1.04,66500,66700,66300,11016474,11016474,0,7.32E+11,7.32E+11,0,3.96E+14,5969782550
2022-04-26,66100,-200,-0.3,66400,66700,66100,12946923,12946923,0,8.58E+11,8.58E+11,0,3.95E+14,5969782550
2022-04-27,65000,-1100,-1.66,65400,65500,64900,18122084,18122084,0,1.18E+12,1.18E+12,0,3.88E+14,5969782550
2022-04-28,64800,-200,-0.31,65400,65500,64500,16895527,16895527,0,1.09E+12,1.09E+12,0,3.87E+14,5969782550
2022-04-29,67400,2600,4.01,65100,67600,65000,26190390,26190390,0,1.75E+12,1.75E+12,0,4.02E+14,5969782550
2022-05-02,67300,-100,-0.15,66600,67600,66500,14106184,14106184,0,9.46E+11,9.46E+11,0,4.02E+14,5969782550
2022-05-03,67500,200,0.3,67400,68400,67300,14168875,14168875,0,9.63E+11,9.63E+11,0,4.03E+14,5969782550
2022-05-04,67900,400,0.59,68000,68400,67500,11505248,11505248,0,7.81E+11,7.81E+11,0,4.05E+14,5969782550
2022-05-06,66500,-1400,-2.06,67000,67100,66500,14356156,14356156,0,9.57E+11,9.57E+11,0,3.97E+14,5969782550
2022-05-09,66100,-400,-0.6,66300,66900,66100,11858736,11858736,0,7.88E+11,7.88E+11,0,3.95E+14,5969782550
2022-05-10,65700,-400,-0.61,65900,66300,65300,17235605,17235605,0,1.13E+12,1.13E+12,0,3.92E+14,5969782550
2022-05-11,65700,0,0,65500,66300,65200,12330920,12330920,0,8.12E+11,8.12E+11,0,3.92E+14,5969782550
2022-05-12,64900,-800,-1.22,65200,65500,64900,16414188,16414188,0,1.07E+12,1.07E+12,0,3.87E+14,5969782550
2022-05-13,66500,1600,2.47,65300,66700,65200,14551536,14551536,0,9.62E+11,9.62E+11,0,3.97E+14,5969782550
2022-05-16,66300,-200,-0.3,67100,67400,66100,11937555,11937555,0,7.96E+11,7.96E+11,0,3.96E+14,5969782550
2022-05-17,67600,1300,1.96,66600,67900,66600,15680447,15680447,0,1.06E+12,1.06E+12,0,4.04E+14,5969782550
2022-05-18,68100,500,0.74,68300,68700,67600,16486319,16486319,0,1.12E+12,1.12E+12,0,4.07E+14,5969782550
2022-05-19,67500,-600,-0.88,66500,67600,66500,17073727,17073727,0,1.15E+12,1.15E+12,0,4.03E+14,5969782550
2022-05-20,68000,500,0.74,67800,68400,67700,12109671,12109671,0,8.24E+11,8.24E+11,0,4.06E+14,5969782550
2022-05-23,67900,-100,-0.15,68800,68800,67600,13684088,13684088,0,9.31E+11,9.31E+11,0,4.05E+14,5969782550
2022-05-24,66500,-1400,-2.06,67500,67700,66500,15482576,15482576,0,1.04E+12,1.04E+12,0,3.97E+14,5969782550
2022-05-25,66400,-100,-0.15,66700,67100,65900,15150490,15150490,0,1.01E+12,1.01E+12,0,3.96E+14,5969782550
2022-05-26,65900,-500,-0.75,66300,67200,65500,15970890,15970890,0,1.06E+12,1.06E+12,0,3.93E+14,5969782550
2022-05-27,66500,600,0.91,66700,66900,66200,11405555,11405555,0,7.59E+11,7.59E+11,0,3.97E+14,5969782550
2022-05-30,67700,1200,1.8,67500,67800,66900,14255484,14255484,0,9.61E+11,9.61E+11,0,4.04E+14,5969782550
2022-05-31,67400,-300,-0.44,67500,67500,66700,24365002,24365002,0,1.64E+12,1.64E+12,0,4.02E+14,5969782550
2022-06-02,66700,-700,-1.04,66600,67000,66400,14959443,14959443,0,9.97E+11,9.97E+11,0,3.98E+14,5969782550
2022-06-03,66800,100,0.15,67200,67300,66800,8222883,8222883,0,5.51E+11,5.51E+11,0,3.99E+14,5969782550
2022-06-07,65500,-1300,-1.95,66200,66400,65400,19355755,19355755,0,1.27E+12,1.27E+12,0,3.91E+14,5969782550
2022-06-08,65300,-200,-0.31,65400,65700,65300,12483180,12483180,0,8.17E+11,8.17E+11,0,3.90E+14,5969782550
2022-06-09,65200,-100,-0.15,65100,65200,64500,25790725,25790725,0,1.67E+12,1.67E+12,0,3.89E+14,5969782550
2022-06-10,63800,-1400,-2.15,64000,64400,63800,22193552,22193552,0,1.42E+12,1.42E+12,0,3.81E+14,5969782550
2022-06-13,62100,-1700,-2.66,62400,62800,62100,22157816,22157816,0,1.38E+12,1.38E+12,0,3.71E+14,5969782550
2022-06-14,61900,-200,-0.32,61200,62200,61100,24606419,24606419,0,1.52E+12,1.52E+12,0,3.70E+14,5969782550
2022-06-15,60700,-1200,-1.94,61300,61500,60200,26811224,26811224,0,1.63E+12,1.63E+12,0,3.62E+14,5969782550
2022-06-16,60900,200,0.33,61300,61800,60500,23394895,23394895,0,1.43E+12,1.43E+12,0,3.64E+14,5969782550
2022-06-17,59800,-1100,-1.81,59400,59900,59400,29053450,29053450,0,1.73E+12,1.73E+12,0,3.57E+14,5969782550
2022-06-20,58700,-1100,-1.84,59800,59900,58100,34111306,34111306,0,2.00E+12,2.00E+12,0,3.50E+14,5969782550
2022-06-21,58500,-200,-0.34,58700,59200,58200,25148109,25148109,0,1.48E+12,1.48E+12,0,3.49E+14,5969782550
2022-06-22,57600,-900,-1.54,59000,59100,57600,23334687,23334687,0,1.36E+12,1.36E+12,0,3.44E+14,5969782550
2022-06-23,57400,-200,-0.35,57700,58000,56800,28338608,28338608,0,1.63E+12,1.63E+12,0,3.43E+14,5969782550
2022-06-24,58400,1000,1.74,57900,59100,57700,23256103,23256103,0,1.36E+12,1.36E+12,0,3.49E+14,5969782550
2022-06-27,58800,400,0.68,59000,59900,58300,18122236,18122236,0,1.07E+12,1.07E+12,0,3.51E+14,5969782550
2022-06-28,59400,600,1.02,59200,59500,58700,13540538,13540538,0,8.00E+11,8.00E+11,0,3.55E+14,5969782550
2022-06-29,58000,-1400,-2.36,58500,58800,58000,14677138,14677138,0,8.56E+11,8.56E+11,0,3.46E+14,5969782550
2022-06-30,57000,-1000,-1.72,57200,57600,57000,18915142,18915142,0,1.08E+12,1.08E+12,0,3.40E+14,5969782550
2022-07-01,56200,-800,-1.4,56900,57500,55900,24982097,24982097,0,1.41E+12,1.41E+12,0,3.36E+14,5969782550
2022-07-04,57100,900,1.6,56100,57400,55700,17807126,17807126,0,1.01E+12,1.01E+12,0,3.41E+14,5969782550
2022-07-05,57200,100,0.18,57600,58200,57200,14216539,14216539,0,8.18E+11,8.18E+11,0,3.41E+14,5969782550
2022-07-06,56400,-800,-1.4,57300,57300,56400,16820461,16820461,0,9.56E+11,9.56E+11,0,3.37E+14,5969782550
2022-07-07,58200,1800,3.19,56400,58700,56300,21322833,21322833,0,1.23E+12,1.23E+12,0,3.47E+14,5969782550
2022-07-08,58700,500,0.86,58600,59300,58200,15339271,15339271,0,9.02E+11,9.02E+11,0,3.50E+14,5969782550
2022-07-11,58800,100,0.17,59300,59600,58700,13042624,13042624,0,7.71E+11,7.71E+11,0,3.51E+14,5969782550
2022-07-12,58100,-700,-1.19,58600,58700,58100,9336061,9336061,0,5.44E+11,5.44E+11,0,3.47E+14,5969782550
2022-07-13,58000,-100,-0.17,58300,58600,58000,10841315,10841315,0,6.32E+11,6.32E+11,0,3.46E+14,5969782550
2022-07-14,57500,-500,-0.86,57500,58200,57400,15067012,15067012,0,8.69E+11,8.69E+11,0,3.43E+14,5969782550
2022-07-15,60000,2500,4.35,58400,60000,58100,18685583,18685583,0,1.10E+12,1.10E+12,0,3.58E+14,5969782550
2022-07-18,61900,1900,3.17,60600,62000,60500,20832517,20832517,0,1.28E+12,1.28E+12,0,3.70E+14,5969782550
2022-07-19,60900,-1000,-1.62,61400,61500,60200,15248261,15248261,0,9.26E+11,9.26E+11,0,3.64E+14,5969782550
2022-07-20,60500,-400,-0.66,61800,62100,60500,16782238,16782238,0,1.03E+12,1.03E+12,0,3.61E+14,5969782550
2022-07-21,61800,1300,2.15,61100,61900,60700,12291374,12291374,0,7.55E+11,7.55E+11,0,3.69E+14,5969782550
2022-07-22,61300,-500,-0.81,61800,62200,61200,10261310,10261310,0,6.32E+11,6.32E+11,0,3.66E+14,5969782550
2022-07-25,61100,-200,-0.33,60900,61900,60800,9193681,9193681,0,5.66E+11,5.66E+11,0,3.65E+14,5969782550
2022-07-26,61700,600,0.98,60800,61900,60800,6597211,6597211,0,4.05E+11,4.05E+11,0,3.68E+14,5969782550
2022-07-27,61800,100,0.16,61300,61900,61200,7320997,7320997,0,4.50E+11,4.50E+11,0,3.69E+14,5969782550
2022-07-28,61900,100,0.16,62300,62600,61600,10745302,10745302,0,6.67E+11,6.67E+11,0,3.70E+14,5969782550
2022-07-29,61400,-500,-0.81,62400,62600,61300,15093120,15093120,0,9.33E+11,9.33E+11,0,3.67E+14,5969782550
2022-08-01,61300,-100,-0.16,61000,61700,60300,13154816,13154816,0,8.03E+11,8.03E+11,0,3.66E+14,5969782550
2022-08-02,61700,400,0.65,61200,61900,61000,13614895,13614895,0,8.38E+11,8.38E+11,0,3.68E+14,5969782550
2022-08-03,61300,-400,-0.65,61600,61600,61000,10053861,10053861,0,6.15E+11,6.15E+11,0,3.66E+14,5969782550
2022-08-04,61500,200,0.33,61700,61800,61200,9125439,9125439,0,5.62E+11,5.62E+11,0,3.67E+14,5969782550
2022-08-05,61500,0,0,61700,61900,61200,9567620,9567620,0,5.89E+11,5.89E+11,0,3.67E+14,5969782550
2022-08-08,60800,-700,-1.14,61400,61400,60600,11313150,11313150,0,6.89E+11,6.89E+11,0,3.63E+14,5969782550
2022-08-09,60000,-800,-1.32,60600,60700,59600,18251170,18251170,0,1.09E+12,1.09E+12,0,3.58E+14,5969782550
2022-08-10,59100,-900,-1.5,58900,59200,58600,18084349,18084349,0,1.07E+12,1.07E+12,0,3.53E+14,5969782550
2022-08-11,59900,800,1.35,59600,60000,59300,15141941,15141941,0,9.04E+11,9.04E+11,0,3.58E+14,5969782550
2022-08-12,60200,300,0.5,59500,60700,59400,10786658,10786658,0,6.49E+11,6.49E+11,0,3.59E+14,5969782550
2022-08-16,61000,800,1.33,60500,61600,60300,15036727,15036727,0,9.18E+11,9.18E+11,0,3.64E+14,5969782550
2022-08-17,60400,-600,-0.98,61100,61200,60300,9061518,9061518,0,5.50E+11,5.50E+11,0,3.61E+14,5969782550
2022-08-18,61500,1100,1.82,60300,61900,60000,16372754,16372754,0,9.98E+11,9.98E+11,0,3.67E+14,5969782550
2022-08-19,60900,-600,-0.98,61400,61600,60600,6923679,6923679,0,4.22E+11,4.22E+11,0,3.64E+14,5969782550
2022-08-22,60000,-900,-1.48,60300,60400,59800,8259865,8259865,0,4.96E+11,4.96E+11,0,3.58E+14,5969782550
2022-08-23,59100,-900,-1.5,59000,59600,59000,9041629,9041629,0,5.36E+11,5.36E+11,0,3.53E+14,5969782550
2022-08-24,59000,-100,-0.17,59200,59500,59000,8888486,8888486,0,5.25E+11,5.25E+11,0,3.52E+14,5969782550
2022-08-25,59700,700,1.19,59200,59700,59000,5767902,5767902,0,3.43E+11,3.43E+11,0,3.56E+14,5969782550
2022-08-26,60000,300,0.5,60300,60900,59900,9499995,9499995,0,5.73E+11,5.73E+11,0,3.58E+14,5969782550
2022-08-29,58600,-1400,-2.33,58700,58900,58600,9841329,9841329,0,5.78E+11,5.78E+11,0,3.50E+14,5969782550
2022-08-30,58800,200,0.34,58700,59000,58300,9690044,9690044,0,5.68E+11,5.68E+11,0,3.51E+14,5969782550
2022-08-31,59700,900,1.53,58200,59900,58200,14203512,14203512,0,8.41E+11,8.41E+11,0,3.56E+14,5969782550
2022-09-01,58400,-1300,-2.18,58700,58900,58300,14905777,14905777,0,8.72E+11,8.72E+11,0,3.49E+14,5969782550
2022-09-02,57500,-900,-1.54,58300,58600,57500,15040310,15040310,0,8.72E+11,8.72E+11,0,3.43E+14,5969782550
2022-09-05,57100,-400,-0.7,57400,57800,56800,11425977,11425977,0,6.54E+11,6.54E+11,0,3.41E+14,5969782550
2022-09-06,57100,0,0,57200,57600,56900,7503086,7503086,0,4.29E+11,4.29E+11,0,3.41E+14,5969782550
2022-09-07,56000,-1100,-1.93,56700,56700,55900,17384854,17384854,0,9.76E+11,9.76E+11,0,3.34E+14,5969782550
2022-09-08,55600,-400,-0.71,56200,56400,55600,18000016,18000016,0,1.01E+12,1.01E+12,0,3.32E+14,5969782550
2022-09-13,58100,2500,4.5,57000,58500,56800,17166581,17166581,0,9.91E+11,9.91E+11,0,3.47E+14,5969782550
2022-09-14,56800,-1300,-2.24,56200,57200,56100,12524961,12524961,0,7.10E+11,7.10E+11,0,3.39E+14,5969782550
2022-09-15,56000,-800,-1.41,57000,57100,56000,11664819,11664819,0,6.58E+11,6.58E+11,0,3.34E+14,5969782550
2022-09-16,56200,200,0.36,55600,56400,55500,13456503,13456503,0,7.52E+11,7.52E+11,0,3.36E+14,5969782550
2022-09-19,56400,200,0.36,56300,57000,56000,12278653,12278653,0,6.94E+11,6.94E+11,0,3.37E+14,5969782550
2022-09-20,55800,-600,-1.06,56400,57000,55800,14041465,14041465,0,7.88E+11,7.88E+11,0,3.33E+14,5969782550
2022-09-21,55300,-500,-0.9,55400,55500,55000,11863700,11863700,0,6.55E+11,6.55E+11,0,3.30E+14,5969782550
2022-09-22,54400,-900,-1.63,54600,54700,54300,12786510,12786510,0,6.96E+11,6.96E+11,0,3.25E+14,5969782550
2022-09-23,54500,100,0.18,54400,54900,54200,10555964,10555964,0,5.76E+11,5.76E+11,0,3.25E+14,5969782550
2022-09-26,53900,-600,-1.1,53700,54200,53600,15008449,15008449,0,8.07E+11,8.07E+11,0,3.22E+14,5969782550
2022-09-27,54200,300,0.56,53800,54200,53500,16631289,16631289,0,8.97E+11,8.97E+11,0,3.24E+14,5969782550
2022-09-28,52900,-1300,-2.4,53900,54400,52500,19991129,19991129,0,1.06E+12,1.06E+12,0,3.16E+14,5969782550
2022-09-29,52600,-300,-0.57,53300,53700,52600,13882080,13882080,0,7.38E+11,7.38E+11,0,3.14E+14,5969782550
2022-09-30,53100,500,0.95,52300,53600,51800,22503249,22503249,0,1.19E+12,1.19E+12,0,3.17E+14,5969782550
2022-10-04,55200,2100,3.95,55300,55400,54500,19148435,19148435,0,1.06E+12,1.06E+12,0,3.30E+14,5969782550
2022-10-05,56000,800,1.45,56900,57200,55400,22458970,22458970,0,1.26E+12,1.26E+12,0,3.34E+14,5969782550
2022-10-06,56300,300,0.54,56700,57300,56300,14944446,14944446,0,8.48E+11,8.48E+11,0,3.36E+14,5969782550
2022-10-07,56200,-100,-0.18,55900,56900,55200,16886813,16886813,0,9.49E+11,9.49E+11,0,3.36E+14,5969782550
2022-10-11,55400,-800,-1.42,54400,55700,54000,21437877,21437877,0,1.17E+12,1.17E+12,0,3.31E+14,5969782550
2022-10-12,55800,400,0.72,55700,57000,55200,18408910,18408910,0,1.03E+12,1.03E+12,0,3.33E+14,5969782550
2022-10-13,55200,-600,-1.08,55400,56100,55200,13784602,13784602,0,7.65E+11,7.65E+11,0,3.30E+14,5969782550
2022-10-14,56300,1100,1.99,56200,56500,55800,12924326,12924326,0,7.27E+11,7.27E+11,0,3.36E+14,5969782550
2022-10-17,56600,300,0.53,55800,57000,55700,13641878,13641878,0,7.70E+11,7.70E+11,0,3.38E+14,5969782550
2022-10-18,56500,-100,-0.18,56700,57100,55800,14820702,14820702,0,8.36E+11,8.36E+11,0,3.37E+14,5969782550
2022-10-19,55800,-700,-1.24,56700,56900,55700,12660652,12660652,0,7.11E+11,7.11E+11,0,3.33E+14,5969782550
2022-10-20,55500,-300,-0.54,55200,56000,55100,17107653,17107653,0,9.49E+11,9.49E+11,0,3.31E+14,5969782550
2022-10-21,55900,400,0.72,55100,56300,55100,11456060,11456060,0,6.40E+11,6.40E+11,0,3.34E+14,5969782550
2022-10-24,57500,1600,2.86,57000,57500,56700,16944503,16944503,0,9.69E+11,9.69E+11,0,3.43E+14,5969782550
2022-10-25,57700,200,0.35,57000,58600,57000,17405678,17405678,0,1.01E+12,1.01E+12,0,3.44E+14,5969782550
2022-10-26,59400,1700,2.95,58000,59600,57700,20824967,20824967,0,1.23E+12,1.23E+12,0,3.55E+14,5969782550
2022-10-27,59500,100,0.17,59700,60100,58900,21756712,21756712,0,1.30E+12,1.30E+12,0,3.55E+14,5969782550
2022-10-28,57300,-2200,-3.7,58900,59200,57200,20924937,20924937,0,1.21E+12,1.21E+12,0,3.42E+14,5969782550
2022-10-31,59400,2100,3.66,58100,59900,58000,18999514,18999514,0,1.13E+12,1.13E+12,0,3.55E+14,5969782550
2022-11-01,60000,600,1.01,59900,60300,59500,17201647,17201647,0,1.03E+12,1.03E+12,0,3.58E+14,5969782550
2022-11-02,59600,-400,-0.67,59700,60000,59300,13202919,13202919,0,7.87E+11,7.87E+11,0,3.56E+14,5969782550
2022-11-03,59200,-400,-0.67,58600,59800,58100,17492162,17492162,0,1.03E+12,1.03E+12,0,3.53E+14,5969782550
2022-11-04,59400,200,0.34,59100,59500,58400,12445841,12445841,0,7.35E+11,7.35E+11,0,3.55E+14,5969782550
2022-11-07,60200,800,1.35,59700,60300,59400,12437246,12437246,0,7.47E+11,7.47E+11,0,3.59E+14,5969782550
2022-11-08,61800,1600,2.66,60500,61900,60500,18273898,18273898,0,1.12E+12,1.12E+12,0,3.69E+14,5969782550
2022-11-09,62000,200,0.32,62000,62200,61300,14045592,14045592,0,8.70E+11,8.70E+11,0,3.70E+14,5969782550
2022-11-10,60400,-1600,-2.58,61400,61500,60400,21087633,21087633,0,1.28E+12,1.28E+12,0,3.61E+14,5969782550
2022-11-11,62900,2500,4.14,63100,63200,62300,20037163,20037163,0,1.26E+12,1.26E+12,0,3.75E+14,5969782550
2022-11-14,61900,-1000,-1.59,62900,62900,61700,15973416,15973416,0,9.93E+11,9.93E+11,0,3.70E+14,5969782550
2022-11-15,62400,500,0.81,62200,62500,61600,12310986,12310986,0,7.64E+11,7.64E+11,0,3.73E+14,5969782550
2022-11-16,62700,300,0.48,62400,62700,61700,12909260,12909260,0,8.04E+11,8.04E+11,0,3.74E+14,5969782550
2022-11-17,61400,-1300,-2.07,62000,62000,61300,13298296,13298296,0,8.19E+11,8.19E+11,0,3.67E+14,5969782550
2022-11-18,61800,400,0.65,61800,62400,61400,12236503,12236503,0,7.57E+11,7.57E+11,0,3.69E+14,5969782550
2022-11-21,61400,-400,-0.65,61400,61800,60800,9378097,9378097,0,5.74E+11,5.74E+11,0,3.67E+14,5969782550
2022-11-22,60600,-800,-1.3,60900,61200,60300,9411289,9411289,0,5.71E+11,5.71E+11,0,3.62E+14,5969782550
2022-11-23,61000,400,0.66,61200,61300,60700,8765050,8765050,0,5.35E+11,5.35E+11,0,3.64E+14,5969782550
2022-11-24,61400,400,0.66,61200,61700,60900,8125010,8125010,0,4.97E+11,4.97E+11,0,3.67E+14,5969782550
2022-11-25,61000,-400,-0.65,61400,61700,60800,6677933,6677933,0,4.08E+11,4.08E+11,0,3.64E+14,5969782550
2022-11-28,60100,-900,-1.48,60500,60500,59800,8589032,8589032,0,5.15E+11,5.15E+11,0,3.59E+14,5969782550
2022-11-29,60600,500,0.83,59900,60600,59800,7014160,7014160,0,4.22E+11,4.22E+11,0,3.62E+14,5969782550
2022-11-30,62200,1600,2.64,60400,62200,60200,19768903,19768903,0,1.22E+12,1.22E+12,0,3.71E+14,5969782550
2022-12-01,62600,400,0.64,63100,63200,62300,16631445,16631445,0,1.04E+12,1.04E+12,0,3.74E+14,5969782550
2022-12-02,60400,-2200,-3.51,62500,62500,60400,15331184,15331184,0,9.36E+11,9.36E+11,0,3.61E+14,5969782550
2022-12-05,60300,-100,-0.17,60900,61100,60000,13767787,13767787,0,8.33E+11,8.33E+11,0,3.60E+14,5969782550
2022-12-06,59200,-1100,-1.82,59800,60100,59200,13888300,13888300,0,8.27E+11,8.27E+11,0,3.53E+14,5969782550
2022-12-07,58900,-300,-0.51,58800,59600,58500,12100662,12100662,0,7.14E+11,7.14E+11,0,3.52E+14,5969782550
2022-12-08,59200,300,0.51,58700,59200,58600,12986815,12986815,0,7.66E+11,7.66E+11,0,3.53E+14,5969782550
2022-12-09,60400,1200,2.03,59300,60600,59300,10529632,10529632,0,6.34E+11,6.34E+11,0,3.61E+14,5969782550
2022-12-12,59500,-900,-1.49,59900,60000,59400,9036472,9036472,0,5.39E+11,5.39E+11,0,3.55E+14,5969782550
2022-12-13,59700,200,0.34,59600,60300,59400,9040873,9040873,0,5.40E+11,5.40E+11,0,3.56E+14,5969782550
2022-12-14,60500,800,1.34,59800,60600,59800,8207485,8207485,0,4.95E+11,4.95E+11,0,3.61E+14,5969782550
2022-12-15,59300,-1200,-1.98,59800,60200,59300,8716039,8716039,0,5.20E+11,5.20E+11,0,3.54E+14,5969782550
2022-12-16,59500,200,0.34,58300,59500,58300,13033596,13033596,0,7.70E+11,7.70E+11,0,3.55E+14,5969782550
2022-12-19,59500,0,0,59500,59900,59100,7696187,7696187,0,4.58E+11,4.58E+11,0,3.55E+14,5969782550
2022-12-20,58600,-900,-1.51,59000,59100,58500,9284761,9284761,0,5.46E+11,5.46E+11,0,3.50E+14,5969782550
2022-12-21,58000,-600,-1.02,58700,59100,58000,10356971,10356971,0,6.04E+11,6.04E+11,0,3.46E+14,5969782550
2022-12-22,59100,1100,1.9,58100,59100,58100,10720630,10720630,0,6.29E+11,6.29E+11,0,3.53E+14,5969782550
2022-12-23,58100,-1000,-1.69,58200,58400,57700,9829407,9829407,0,5.70E+11,5.70E+11,0,3.47E+14,5969782550
2022-12-26,57900,-200,-0.34,58000,58100,57700,6756411,6756411,0,3.91E+11,3.91E+11,0,3.46E+14,5969782550
2022-12-27,58100,200,0.35,58000,58400,57900,10667027,10667027,0,6.20E+11,6.20E+11,0,3.47E+14,5969782550
2022-12-28,56600,-1500,-2.58,57600,57600,56400,14665410,14665410,0,8.33E+11,8.33E+11,0,3.38E+14,5969782550
2022-12-29,55300,-1300,-2.3,56000,56200,55300,11295935,11295935,0,6.29E+11,6.29E+11,0,3.30E+14,5969782550
2023-01-02,55500,200,0.36,55500,56100,55200,10031448,10031448,0,5.58E+11,5.58E+11,0,3.31E+14,5969782550
2023-01-03,55400,-100,-0.18,55400,56000,54500,13547030,13547030,0,7.48E+11,7.48E+11,0,3.31E+14,5969782550
2023-01-04,57800,2400,4.33,55700,58000,55600,20188071,20188071,0,1.15E+12,1.15E+12,0,3.45E+14,5969782550
2023-01-05,58200,400,0.69,58200,58800,57600,15682826,15682826,0,9.12E+11,9.12E+11,0,3.47E+14,5969782550
2023-01-06,59000,800,1.37,58300,59400,57900,17334989,17334989,0,1.02E+12,1.02E+12,0,3.52E+14,5969782550
2023-01-09,60700,1700,2.88,59700,60700,59600,18640107,18640107,0,1.12E+12,1.12E+12,0,3.62E+14,5969782550
2023-01-10,60400,-300,-0.49,60200,61100,59900,14859797,14859797,0,8.99E+11,8.99E+11,0,3.61E+14,5969782550
2023-01-11,60500,100,0.17,61000,61200,60300,12310751,12310751,0,7.47E+11,7.47E+11,0,3.61E+14,5969782550
2023-01-12,60500,0,0,61100,61200,59900,16102561,16102561,0,9.72E+11,9.72E+11,0,3.61E+14,5969782550
2023-01-13,60800,300,0.5,60500,61200,60400,12510328,12510328,0,7.61E+11,7.61E+11,0,3.63E+14,5969782550
2023-01-16,61100,300,0.49,61300,61600,60800,10039972,10039972,0,6.15E+11,6.15E+11,0,3.65E+14,5969782550
2023-01-17,61000,-100,-0.16,61200,61500,60600,9831456,9831456,0,6.00E+11,6.00E+11,0,3.64E+14,5969782550
2023-01-18,60400,-600,-0.98,60700,61000,59900,11584041,11584041,0,6.99E+11,6.99E+11,0,3.61E+14,5969782550
2023-01-19,61500,1100,1.82,60500,61500,60400,12808490,12808490,0,7.82E+11,7.82E+11,0,3.67E+14,5969782550
2023-01-20,61800,300,0.49,62100,62300,61100,9646327,9646327,0,5.95E+11,5.95E+11,0,3.69E+14,5969782550
2023-01-25,63400,1600,2.59,63500,63700,63000,16822710,16822710,0,1.07E+12,1.07E+12,0,3.78E+14,5969782550
2023-01-26,63900,500,0.79,63800,63900,63300,13278277,13278277,0,8.46E+11,8.46E+11,0,3.81E+14,5969782550
2023-01-27,64600,700,1.1,64400,65000,63900,18760182,18760182,0,1.21E+12,1.21E+12,0,3.86E+14,5969782550
2023-01-30,63300,-1300,-2.01,64900,64900,63100,20995234,20995234,0,1.34E+12,1.34E+12,0,3.78E+14,5969782550
2023-01-31,61000,-2300,-3.63,63500,63700,61000,29746731,29746731,0,1.84E+12,1.84E+12,0,3.64E+14,5969782550
2023-02-01,61800,800,1.31,62600,62700,61000,18570133,18570133,0,1.15E+12,1.15E+12,0,3.69E+14,5969782550
2023-02-02,63500,1700,2.75,63200,63900,62600,23285983,23285983,0,1.47E+12,1.47E+12,0,3.79E+14,5969782550
2023-02-03,63800,300,0.47,63900,64000,63000,15194598,15194598,0,9.67E+11,9.67E+11,0,3.81E+14,5969782550
2023-02-06,61600,-2200,-3.45,62800,63000,61600,15529356,15529356,0,9.68E+11,9.68E+11,0,3.68E+14,5969782550
2023-02-07,61900,300,0.49,61900,62500,61600,14491039,14491039,0,8.99E+11,8.99E+11,0,3.70E+14,5969782550
2023-02-08,63100,1200,1.94,62800,63300,62400,12243125,12243125,0,7.70E+11,7.70E+11,0,3.77E+14,5969782550
2023-02-09,63000,-100,-0.16,63000,63300,62300,12164865,12164865,0,7.65E+11,7.65E+11,0,3.76E+14,5969782550
2023-02-10,62800,-200,-0.32,62600,63000,62400,9382576,9382576,0,5.88E+11,5.88E+11,0,3.75E+14,5969782550
2023-02-13,62900,100,0.16,62900,63000,62300,10730362,10730362,0,6.72E+11,6.72E+11,0,3.75E+14,5969782550
2023-02-14,63200,300,0.48,63600,63900,63200,9126664,9126664,0,5.80E+11,5.80E+11,0,3.77E+14,5969782550
2023-02-15,62200,-1000,-1.58,63900,63900,62000,13208103,13208103,0,8.26E+11,8.26E+11,0,3.71E+14,5969782550
2023-02-16,63700,1500,2.41,62500,63700,62400,13798831,13798831,0,8.74E+11,8.74E+11,0,3.80E+14,5969782550
2023-02-17,62600,-1100,-1.73,62900,63300,62400,10791265,10791265,0,6.78E+11,6.78E+11,0,3.74E+14,5969782550
2023-02-20,62700,100,0.16,62900,63000,61800,12908073,12908073,0,8.06E+11,8.06E+11,0,3.74E+14,5969782550
2023-02-21,62100,-600,-0.96,62700,62800,62000,7665046,7665046,0,4.77E+11,4.77E+11,0,3.71E+14,5969782550
2023-02-22,61100,-1000,-1.61,61500,61800,61000,11959088,11959088,0,7.32E+11,7.32E+11,0,3.65E+14,5969782550
2023-02-23,62000,900,1.47,61700,62500,61500,13047099,13047099,0,8.09E+11,8.09E+11,0,3.70E+14,5969782550
2023-02-24,61300,-700,-1.13,62300,62600,61300,10308143,10308143,0,6.39E+11,6.39E+11,0,3.66E+14,5969782550
2023-02-27,60500,-800,-1.31,60800,60800,60200,11155697,11155697,0,6.74E+11,6.74E+11,0,3.61E+14,5969782550
2023-02-28,60600,100,0.17,60800,61400,60500,13715861,13715861,0,8.35E+11,8.35E+11,0,3.62E+14,5969782550
2023-03-02,60800,200,0.33,60900,61800,60500,13095682,13095682,0,7.99E+11,7.99E+11,0,3.63E+14,5969782550
2023-03-03,60500,-300,-0.49,61000,61200,60500,10711405,10711405,0,6.50E+11,6.50E+11,0,3.61E+14,5969782550
2023-03-06,61500,1000,1.65,61100,61600,60800,13630602,13630602,0,8.35E+11,8.35E+11,0,3.67E+14,5969782550
2023-03-07,60700,-800,-1.3,61400,61400,60700,11473280,11473280,0,6.99E+11,6.99E+11,0,3.62E+14,5969782550
2023-03-08,60300,-400,-0.66,60100,60500,59900,14161857,14161857,0,8.52E+11,8.52E+11,0,3.60E+14,5969782550
2023-03-09,60100,-200,-0.33,60500,60800,59900,14334499,14334499,0,8.63E+11,8.63E+11,0,3.59E+14,5969782550
2023-03-10,59500,-600,-1,59500,59700,59100,11902471,11902471,0,7.06E+11,7.06E+11,0,3.55E+14,5969782550
2023-03-13,60000,500,0.84,59900,60200,59300,12779724,12779724,0,7.65E+11,7.65E+11,0,3.58E+14,5969782550
2023-03-14,59000,-1000,-1.67,59400,59500,59000,12147346,12147346,0,7.19E+11,7.19E+11,0,3.52E+14,5969782550
2023-03-15,59800,800,1.36,60000,60300,59600,10482149,10482149,0,6.28E+11,6.28E+11,0,3.57E+14,5969782550
2023-03-16,59900,100,0.17,59200,60200,59100,10611939,10611939,0,6.33E+11,6.33E+11,0,3.58E+14,5969782550
2023-03-17,61300,1400,2.34,60800,61300,60600,14090110,14090110,0,8.60E+11,8.60E+11,0,3.66E+14,5969782550
2023-03-20,60200,-1100,-1.79,61100,61200,60200,9618009,9618009,0,5.82E+11,5.82E+11,0,3.59E+14,5969782550
2023-03-21,60300,100,0.17,60500,60700,60100,8318514,8318514,0,5.02E+11,5.02E+11,0,3.60E+14,5969782550
2023-03-22,61100,800,1.33,61000,61200,60500,8978591,8978591,0,5.47E+11,5.47E+11,0,3.65E+14,5969782550
2023-03-23,62300,1200,1.96,60600,62300,60600,15381057,15381057,0,9.46E+11,9.46E+11,0,3.72E+14,5969782550
2023-03-24,63000,700,1.12,62700,63300,62300,18278602,18278602,0,1.15E+12,1.15E+12,0,3.76E+14,5969782550
2023-03-27,62100,-900,-1.43,62600,62800,62000,11039331,11039331,0,6.87E+11,6.87E+11,0,3.71E+14,5969782550
2023-03-28,62900,800,1.29,62400,62900,62100,11614118,11614118,0,7.26E+11,7.26E+11,0,3.75E+14,5969782550
2023-03-29,62700,-200,-0.32,62500,62700,62200,11216008,11216008,0,7.00E+11,7.00E+11,0,3.74E+14,5969782550
2023-03-30,63200,500,0.8,63700,63700,63100,15684377,15684377,0,9.94E+11,9.94E+11,0,3.77E+14,5969782550
2023-03-31,64000,800,1.27,64000,64000,63700,14094479,14094479,0,9.01E+11,9.01E+11,0,3.82E+14,5969782550
2023-04-03,63100,-900,-1.41,64000,64000,63000,11973133,11973133,0,7.57E+11,7.57E+11,0,3.77E+14,5969782550
2023-04-04,63600,500,0.79,63400,63800,62800,11120514,11120514,0,7.06E+11,7.06E+11,0,3.80E+14,5969782550
2023-04-05,63900,300,0.47,63700,64000,63400,9176149,9176149,0,5.85E+11,5.85E+11,0,3.81E+14,5969782550
2023-04-06,62300,-1600,-2.5,63500,63600,62300,14992747,14992747,0,9.41E+11,9.41E+11,0,3.72E+14,5969782550
2023-04-07,65000,2700,4.33,63800,65200,63800,27476120,27476120,0,1.78E+12,1.78E+12,0,3.88E+14,5969782550
2023-04-10,65700,700,1.08,64800,66300,64700,18777166,18777166,0,1.23E+12,1.23E+12,0,3.92E+14,5969782550
2023-04-11,65900,200,0.3,66200,66200,65400,16323183,16323183,0,1.07E+12,1.07E+12,0,3.93E+14,5969782550
2023-04-12,66000,100,0.15,65800,66200,65300,15021313,15021313,0,9.87E+11,9.87E+11,0,3.94E+14,5969782550
2023-04-13,66100,100,0.15,65600,66100,65400,15091022,15091022,0,9.94E+11,9.94E+11,0,3.95E+14,5969782550
2023-04-14,65100,-1000,-1.51,66600,66600,65000,16176490,16176490,0,1.06E+12,1.06E+12,0,3.89E+14,5969782550
2023-04-17,65300,200,0.31,65000,65600,64700,13486618,13486618,0,8.78E+11,8.78E+11,0,3.90E+14,5969782550
2023-04-18,65600,300,0.46,65900,66000,64800,14802060,14802060,0,9.67E+11,9.67E+11,0,3.92E+14,5969782550
2023-04-19,65500,-100,-0.15,65500,65800,65300,10255985,10255985,0,6.72E+11,6.72E+11,0,3.91E+14,5969782550
2023-04-20,65300,-200,-0.31,65100,65300,64600,9501169,9501169,0,6.18E+11,6.18E+11,0,3.90E+14,5969782550
2023-04-21,65700,400,0.61,65800,65900,65400,10538622,10538622,0,6.92E+11,6.92E+11,0,3.92E+14,5969782550
2023-04-24,65200,-500,-0.76,65300,65700,64800,12986581,12986581,0,8.47E+11,8.47E+11,0,3.89E+14,5969782550
2023-04-25,63600,-1600,-2.45,65300,65400,63400,16193271,16193271,0,1.04E+12,1.04E+12,0,3.80E+14,5969782550
2023-04-26,64100,500,0.79,63600,64300,63300,12664541,12664541,0,8.09E+11,8.09E+11,0,3.83E+14,5969782550
2023-04-27,64600,500,0.78,64100,65000,63300,14779601,14779601,0,9.48E+11,9.48E+11,0,3.86E+14,5969782550
2023-04-28,65500,900,1.39,65200,65900,65000,19699481,19699481,0,1.29E+12,1.29E+12,0,3.91E+14,5969782550
2023-05-02,65700,200,0.31,66000,66300,65100,14396948,14396948,0,9.47E+11,9.47E+11,0,3.92E+14,5969782550
2023-05-03,65400,-300,-0.46,65100,65600,64900,8876749,8876749,0,5.79E+11,5.79E+11,0,3.90E+14,5969782550
2023-05-04,65100,-300,-0.46,65600,65700,64700,9791064,9791064,0,6.37E+11,6.37E+11,0,3.89E+14,5969782550
2023-05-08,65900,800,1.23,66300,66300,65400,9405365,9405365,0,6.20E+11,6.20E+11,0,3.93E+14,5969782550
2023-05-09,65300,-600,-0.91,65800,65800,65100,9366861,9366861,0,6.12E+11,6.12E+11,0,3.90E+14,5969782550
2023-05-10,64600,-700,-1.07,65500,65500,64300,13057727,13057727,0,8.45E+11,8.45E+11,0,3.86E+14,5969782550
2023-05-11,64200,-400,-0.62,64700,65100,64200,11648905,11648905,0,7.52E+11,7.52E+11,0,3.83E+14,5969782550
2023-05-12,64100,-100,-0.16,63700,64600,63600,8693913,8693913,0,5.58E+11,5.58E+11,0,3.83E+14,5969782550
2023-05-15,64500,400,0.62,64100,64600,63900,8172021,8172021,0,5.25E+11,5.25E+11,0,3.85E+14,5969782550
2023-05-16,65400,900,1.4,65800,65900,65300,12334657,12334657,0,8.08E+11,8.08E+11,0,3.90E+14,5969782550
2023-05-17,65000,-400,-0.61,65900,65900,64800,10745504,10745504,0,7.01E+11,7.01E+11,0,3.88E+14,5969782550
2023-05-18,66200,1200,1.85,66000,66200,65700,14431704,14431704,0,9.52E+11,9.52E+11,0,3.95E+14,5969782550
2023-05-19,68400,2200,3.32,67800,68400,67500,20349345,20349345,0,1.38E+12,1.38E+12,0,4.08E+14,5969782550
2023-05-22,68500,100,0.15,68400,69000,68000,14470308,14470308,0,9.93E+11,9.93E+11,0,4.09E+14,5969782550
2023-05-23,68400,-100,-0.15,68500,68700,68100,8561643,8561643,0,5.86E+11,5.86E+11,0,4.08E+14,5969782550
2023-05-24,68500,100,0.15,68100,68700,68000,8192896,8192896,0,5.60E+11,5.60E+11,0,4.09E+14,5969782550
2023-05-25,68800,300,0.44,69900,70000,68700,14231160,14231160,0,9.85E+11,9.85E+11,0,4.11E+14,5969782550
2023-05-26,70300,1500,2.18,69800,70400,69500,19549511,19549511,0,1.37E+12,1.37E+12,0,4.20E+14,5969782550
2023-05-30,72300,2000,2.84,71300,72300,71200,27476897,27476897,0,1.98E+12,1.98E+12,0,4.32E+14,5969782550
2023-05-31,71400,-900,-1.24,72400,72500,71000,25666087,25666087,0,1.84E+12,1.84E+12,0,4.26E+14,5969782550
2023-06-01,70900,-500,-0.7,70900,71600,70600,14669296,14669296,0,1.04E+12,1.04E+12,0,4.23E+14,5969782550
2023-06-02,72200,1300,1.83,71700,72200,71600,12161798,12161798,0,8.75E+11,8.75E+11,0,4.31E+14,5969782550
2023-06-05,71700,-500,-0.69,72700,72700,71400,12686829,12686829,0,9.11E+11,9.11E+11,0,4.28E+14,5969782550
2023-06-07,71000,-700,-0.98,71300,71600,70800,14796613,14796613,0,1.05E+12,1.05E+12,0,4.24E+14,5969782550
2023-06-08,70900,-100,-0.14,70400,70900,70000,19165568,19165568,0,1.35E+12,1.35E+12,0,4.23E+14,5969782550
2023-06-09,72000,1100,1.55,71100,72300,70800,15050209,15050209,0,1.08E+12,1.08E+12,0,4.30E+14,5969782550
2023-06-12,71000,-1000,-1.39,72100,72400,70800,12064287,12064287,0,8.62E+11,8.62E+11,0,4.24E+14,5969782550
2023-06-13,72000,1000,1.41,71700,72200,71600,13227285,13227285,0,9.51E+11,9.51E+11,0,4.30E+14,5969782550
2023-06-14,71900,-100,-0.14,72100,72200,71100,12541046,12541046,0,8.98E+11,8.98E+11,0,4.29E+14,5969782550
2023-06-15,71500,-400,-0.56,72100,72300,71300,13614994,13614994,0,9.78E+11,9.78E+11,0,4.27E+14,5969782550
2023-06-16,71800,300,0.42,71800,71900,70900,15373696,15373696,0,1.10E+12,1.10E+12,0,4.29E+14,5969782550
2023-06-19,71200,-600,-0.84,71300,71700,70900,11100887,11100887,0,7.89E+11,7.89E+11,0,4.25E+14,5969782550
2023-06-20,71400,200,0.28,70700,71400,70400,11557883,11557883,0,8.21E+11,8.21E+11,0,4.26E+14,5969782550
2023-06-21,70500,-900,-1.26,70700,71200,70400,10626603,10626603,0,7.52E+11,7.52E+11,0,4.21E+14,5969782550
2023-06-22,71300,800,1.13,70200,71500,70100,11411007,11411007,0,8.11E+11,8.11E+11,0,4.26E+14,5969782550
2023-06-23,71600,300,0.42,72000,72200,71600,12329484,12329484,0,8.86E+11,8.86E+11,0,4.27E+14,5969782550
2023-06-26,72400,800,1.12,71700,72500,71500,10541901,10541901,0,7.62E+11,7.62E+11,0,4.32E+14,5969782550
2023-06-27,72600,200,0.28,72500,72600,72000,9442997,9442997,0,6.84E+11,6.84E+11,0,4.33E+14,5969782550
2023-06-28,72700,100,0.14,72600,72700,72000,8783093,8783093,0,6.36E+11,6.36E+11,0,4.34E+14,5969782550
2023-06-29,72400,-300,-0.41,73100,73400,72400,12229967,12229967,0,8.92E+11,8.92E+11,0,4.32E+14,5969782550
2023-06-30,72200,-200,-0.28,72500,72700,71700,11694765,11694765,0,8.44E+11,8.44E+11,0,4.31E+14,5969782550
2023-07-03,73000,800,1.11,72700,73200,72600,10722181,10722181,0,7.82E+11,7.82E+11,0,4.36E+14,5969782550
2023-07-04,73000,0,0,73400,73600,72900,10214350,10214350,0,7.48E+11,7.48E+11,0,4.36E+14,5969782550
2023-07-05,72000,-1000,-1.37,73000,73300,71900,12310610,12310610,0,8.90E+11,8.90E+11,0,4.30E+14,5969782550
2023-07-06,71600,-400,-0.56,71900,72400,71500,14777667,14777667,0,1.06E+12,1.06E+12,0,4.27E+14,5969782550
2023-07-07,69900,-1700,-2.37,71100,71400,69800,17308877,17308877,0,1.22E+12,1.22E+12,0,4.17E+14,5969782550
2023-07-10,69500,-400,-0.57,70000,70400,69200,11713926,11713926,0,8.17E+11,8.17E+11,0,4.15E+14,5969782550
2023-07-11,71500,2000,2.88,70200,71500,70100,12177392,12177392,0,8.64E+11,8.64E+11,0,4.27E+14,5969782550
2023-07-12,71900,400,0.56,71200,72000,71100,10375581,10375581,0,7.43E+11,7.43E+11,0,4.29E+14,5969782550
2023-07-13,71900,0,0,72400,72600,71900,14417279,14417279,0,1.04E+12,1.04E+12,0,4.29E+14,5969782550
2023-07-14,73400,1500,2.09,72500,73400,72400,15882519,15882519,0,1.16E+12,1.16E+12,0,4.38E+14,5969782550
2023-07-17,73300,-100,-0.14,73200,73500,72800,10060049,10060049,0,7.37E+11,7.37E+11,0,4.38E+14,5969782550
2023-07-18,72000,-1300,-1.77,73200,73500,72000,11697900,11697900,0,8.48E+11,8.48E+11,0,4.30E+14,5969782550
2023-07-19,71700,-300,-0.42,72700,72800,71300,10896412,10896412,0,7.82E+11,7.82E+11,0,4.28E+14,5969782550
2023-07-20,71000,-700,-0.98,71100,71500,70800,9732730,9732730,0,6.92E+11,6.92E+11,0,4.24E+14,5969782550
2023-07-21,70300,-700,-0.99,70400,70400,69400,16528926,16528926,0,1.16E+12,1.16E+12,0,4.20E+14,5969782550
2023-07-24,70400,100,0.14,70100,70900,69900,13418597,13418597,0,9.45E+11,9.45E+11,0,4.20E+14,5969782550
2023-07-25,70000,-400,-0.57,70000,70500,69800,14314945,14314945,0,1.00E+12,1.00E+12,0,4.18E+14,5969782550
2023-07-26,69800,-200,-0.29,69800,70600,68100,30016221,30016221,0,2.07E+12,2.07E+12,0,4.17E+14,5969782550
2023-07-27,71700,1900,2.72,69900,71700,69300,24261179,24261179,0,1.72E+12,1.72E+12,0,4.28E+14,5969782550
2023-07-28,70600,-1100,-1.53,71800,72400,70100,19420683,19420683,0,1.37E+12,1.37E+12,0,4.21E+14,5969782550
2023-07-31,69800,-800,-1.13,70900,71000,69800,13035420,13035420,0,9.15E+11,9.15E+11,0,4.17E+14,5969782550
2023-08-01,71100,1300,1.86,70100,71200,70000,12299254,12299254,0,8.70E+11,8.70E+11,0,4.24E+14,5969782550
2023-08-02,69900,-1200,-1.69,70700,71000,69800,13835020,13835020,0,9.73E+11,9.73E+11,0,4.17E+14,5969782550
2023-08-03,68800,-1100,-1.57,69900,70200,68500,20087090,20087090,0,1.39E+12,1.39E+12,0,4.11E+14,5969782550
2023-08-04,68300,-500,-0.73,68800,69100,68200,12360193,12360193,0,8.47E+11,8.47E+11,0,4.08E+14,5969782550
2023-08-07,68500,200,0.29,67700,69200,67600,10968505,10968505,0,7.53E+11,7.53E+11,0,4.09E+14,5969782550
2023-08-08,67600,-900,-1.31,69000,69100,67400,14664709,14664709,0,9.96E+11,9.96E+11,0,4.04E+14,5969782550
2023-08-09,68900,1300,1.92,68000,69600,67900,17259673,17259673,0,1.19E+12,1.19E+12,0,4.11E+14,5969782550
2023-08-10,68000,-900,-1.31,68300,68500,67800,10227311,10227311,0,6.95E+11,6.95E+11,0,4.06E+14,5969782550
2023-08-11,67500,-500,-0.74,68400,68800,67500,9781038,9781038,0,6.64E+11,6.64E+11,0,4.03E+14,5969782550
2023-08-14,67300,-200,-0.3,67500,67900,66900,9352343,9352343,0,6.29E+11,6.29E+11,0,4.02E+14,5969782550
2023-08-16,67000,-300,-0.45,66700,67100,66300,13174578,13174578,0,8.79E+11,8.79E+11,0,4.00E+14,5969782550
2023-08-17,66700,-300,-0.45,66300,66800,66000,10778652,10778652,0,7.16E+11,7.16E+11,0,3.98E+14,5969782550
2023-08-18,66300,-400,-0.6,66000,66700,65800,11745006,11745006,0,7.79E+11,7.79E+11,0,3.96E+14,5969782550
2023-08-21,66600,300,0.45,66600,67100,66300,9720067,9720067,0,6.47E+11,6.47E+11,0,3.98E+14,5969782550
2023-08-22,66600,0,0,67200,67700,66300,10500242,10500242,0,7.02E+11,7.02E+11,0,3.98E+14,5969782550
2023-08-23,67100,500,0.75,66700,67100,66400,9549352,9549352,0,6.38E+11,6.38E+11,0,4.01E+14,5969782550
2023-08-24,68200,1100,1.64,68300,68700,67900,15044463,15044463,0,1.03E+12,1.03E+12,0,4.07E+14,5969782550
2023-08-25,67100,-1100,-1.61,67100,67400,66900,7032462,7032462,0,4.72E+11,4.72E+11,0,4.01E+14,5969782550
2023-08-28,66800,-300,-0.45,66800,67000,66500,5824628,5824628,0,3.89E+11,3.89E+11,0,3.99E+14,5969782550
2023-08-29,66800,0,0,66900,67200,66600,9114352,9114352,0,6.09E+11,6.09E+11,0,3.99E+14,5969782550
2023-08-30,67100,300,0.45,67300,67700,67100,9181223,9181223,0,6.19E+11,6.19E+11,0,4.01E+14,5969782550
2023-08-31,66900,-200,-0.3,67100,67200,66400,15964630,15964630,0,1.07E+12,1.07E+12,0,3.99E+14,5969782550
2023-09-01,71000,4100,6.13,66800,71000,66700,29738235,29738235,0,2.06E+12,2.06E+12,0,4.24E+14,5969782550
2023-09-04,71200,200,0.28,72900,72900,70700,26286495,26286495,0,1.88E+12,1.88E+12,0,4.25E+14,5969782550
2023-09-05,70700,-500,-0.7,70900,71500,70200,12330239,12330239,0,8.71E+11,8.71E+11,0,4.22E+14,5969782550
2023-09-06,70000,-700,-0.99,70700,70800,69700,11414620,11414620,0,8.00E+11,8.00E+11,0,4.18E+14,5969782550
2023-09-07,70400,400,0.57,70000,70600,69600,13741241,13741241,0,9.64E+11,9.64E+11,0,4.20E+14,5969782550
2023-09-08,70300,-100,-0.14,70200,70300,69600,10688118,10688118,0,7.48E+11,7.48E+11,0,4.20E+14,5969782550
2023-09-11,70800,500,0.71,70400,70800,70000,11785462,11785462,0,8.30E+11,8.30E+11,0,4.23E+14,5969782550
2023-09-12,70500,-300,-0.42,70800,71000,70400,11688599,11688599,0,8.25E+11,8.25E+11,0,4.21E+14,5969782550
2023-09-13,70900,400,0.57,71100,71600,70300,15955797,15955797,0,1.13E+12,1.13E+12,0,4.23E+14,5969782550
2023-09-14,71700,800,1.13,71200,71800,70800,21041407,21041407,0,1.50E+12,1.50E+12,0,4.28E+14,5969782550
2023-09-15,72000,300,0.42,71700,72300,71400,17823512,17823512,0,1.28E+12,1.28E+12,0,4.30E+14,5969782550
2023-09-18,70200,-1800,-2.5,71300,71700,70200,16040727,16040727,0,1.13E+12,1.13E+12,0,4.19E+14,5969782550
2023-09-19,69800,-400,-0.57,70400,70800,69600,11820188,11820188,0,8.28E+11,8.28E+11,0,4.17E+14,5969782550
2023-09-20,69600,-200,-0.29,70000,70300,69500,10873015,10873015,0,7.58E+11,7.58E+11,0,4.15E+14,5969782550
2023-09-21,68900,-700,-1.01,69200,69800,68800,10796336,10796336,0,7.47E+11,7.47E+11,0,4.11E+14,5969782550
2023-09-22,68800,-100,-0.15,68300,68900,68300,9897840,9897840,0,6.79E+11,6.79E+11,0,4.11E+14,5969782550
2023-09-25,69400,600,0.87,68500,69700,68500,13582516,13582516,0,9.41E+11,9.41E+11,0,4.14E+14,5969782550
2023-09-26,68600,-800,-1.15,70000,70000,68400,13143470,13143470,0,9.04E+11,9.04E+11,0,4.10E+14,5969782550
2023-09-27,68400,-200,-0.29,68600,69100,68200,14886491,14886491,0,1.02E+12,1.02E+12,0,4.08E+14,5969782550
2023-10-04,67500,-900,-1.32,67400,67700,66700,23361149,23361149,0,1.57E+12,1.57E+12,0,4.03E+14,5969782550
2023-10-05,66700,-800,-1.19,67300,67400,66700,16108313,16108313,0,1.08E+12,1.08E+12,0,3.98E+14,5969782550
2023-10-06,66000,-700,-1.05,67100,67300,66000,14386527,14386527,0,9.56E+11,9.56E+11,0,3.94E+14,5969782550
2023-10-10,66400,400,0.61,66200,67600,66200,19889202,19889202,0,1.33E+12,1.33E+12,0,3.96E+14,5969782550
2023-10-11,68200,1800,2.71,68600,69400,67900,25209349,25209349,0,1.73E+12,1.73E+12,0,4.07E+14,5969782550
2023-10-12,68900,700,1.03,68600,69700,68200,19311380,19311380,0,1.33E+12,1.33E+12,0,4.11E+14,5969782550
2023-10-13,68000,-900,-1.31,68000,68500,67700,9724086,9724086,0,6.61E+11,6.61E+11,0,4.06E+14,5969782550
2023-10-16,67300,-700,-1.03,67900,68500,66800,12599299,12599299,0,8.49E+11,8.49E+11,0,4.02E+14,5969782550
2023-10-17,69400,2100,3.12,67700,69900,67400,17299253,17299253,0,1.19E+12,1.19E+12,0,4.14E+14,5969782550
2023-10-18,70500,1100,1.59,68900,70500,68800,16493184,16493184,0,1.15E+12,1.15E+12,0,4.21E+14,5969782550
2023-10-19,69500,-1000,-1.42,69700,70000,69400,13985012,13985012,0,9.73E+11,9.73E+11,0,4.15E+14,5969782550
2023-10-20,68800,-700,-1.01,68900,69200,68100,15204495,15204495,0,1.05E+12,1.05E+12,0,4.11E+14,5969782550
2023-10-23,68400,-400,-0.58,68700,69100,68200,11625959,11625959,0,7.96E+11,7.96E+11,0,4.08E+14,5969782550
2023-10-24,68500,100,0.15,68700,68800,67700,12791710,12791710,0,8.74E+11,8.74E+11,0,4.09E+14,5969782550
2023-10-25,68000,-500,-0.73,68800,68800,67900,10610703,10610703,0,7.24E+11,7.24E+11,0,4.06E+14,5969782550
2023-10-26,66700,-1300,-1.91,67000,67900,66700,15517624,15517624,0,1.04E+12,1.04E+12,0,3.98E+14,5969782550
2023-10-27,67300,600,0.9,67100,67300,66700,11334726,11334726,0,7.59E+11,7.59E+11,0,4.02E+14,5969782550
2023-10-30,67300,0,0,66800,67800,66700,10139270,10139270,0,6.82E+11,6.82E+11,0,4.02E+14,5969782550
2023-10-31,66900,-400,-0.59,67600,68300,66900,14488892,14488892,0,9.75E+11,9.75E+11,0,3.99E+14,5969782550
2023-11-01,68600,1700,2.54,67500,68900,67300,13775256,13775256,0,9.39E+11,9.39E+11,0,4.10E+14,5969782550
2023-11-02,69700,1100,1.6,70000,70000,69400,16350031,16350031,0,1.14E+12,1.14E+12,0,4.16E+14,5969782550
2023-11-03,69600,-100,-0.14,69700,70200,69500,10322234,10322234,0,7.20E+11,7.20E+11,0,4.15E+14,5969782550
2023-11-06,70900,1300,1.87,69800,70900,69300,22228489,22228489,0,1.56E+12,1.56E+12,0,4.23E+14,5969782550
2023-11-07,70900,0,0,70600,70900,70000,17228731,17228731,0,1.21E+12,1.21E+12,0,4.23E+14,5969782550
2023-11-08,69900,-1000,-1.41,71300,71400,69700,12901310,12901310,0,9.08E+11,9.08E+11,0,4.17E+14,5969782550
2023-11-09,70300,400,0.57,69900,70800,69600,12301373,12301373,0,8.65E+11,8.65E+11,0,4.20E+14,5969782550
2023-11-10,70500,200,0.28,70000,70500,69500,9684347,9684347,0,6.78E+11,6.78E+11,0,4.21E+14,5969782550
2023-11-13,70400,-100,-0.14,71300,71300,70300,9246919,9246919,0,6.54E+11,6.54E+11,0,4.20E+14,5969782550
2023-11-14,70800,400,0.57,71000,71100,70600,9567984,9567984,0,6.78E+11,6.78E+11,0,4.23E+14,5969782550
2023-11-15,72200,1400,1.98,71600,72200,71500,20148677,20148677,0,1.45E+12,1.45E+12,0,4.31E+14,5969782550
2023-11-16,72800,600,0.83,72500,73000,72300,15860451,15860451,0,1.15E+12,1.15E+12,0,4.35E+14,5969782550
2023-11-17,72500,-300,-0.41,72300,73000,72300,11494644,11494644,0,8.35E+11,8.35E+11,0,4.33E+14,5969782550
2023-11-20,72700,200,0.28,72100,73000,72100,10610157,10610157,0,7.71E+11,7.71E+11,0,4.34E+14,5969782550
2023-11-21,72800,100,0.14,73100,73400,72700,9712881,9712881,0,7.10E+11,7.10E+11,0,4.35E+14,5969782550
2023-11-22,72800,0,0,72200,73000,71900,11105143,11105143,0,8.04E+11,8.04E+11,0,4.35E+14,5969782550
2023-11-23,72400,-400,-0.55,73000,73200,72200,6775614,6775614,0,4.92E+11,4.92E+11,0,4.32E+14,5969782550
2023-11-24,71700,-700,-0.97,72400,72600,71700,6676685,6676685,0,4.81E+11,4.81E+11,0,4.28E+14,5969782550
2023-11-27,71300,-400,-0.56,71500,72100,71100,9113857,9113857,0,6.52E+11,6.52E+11,0,4.26E+14,5969782550
2023-11-28,72700,1400,1.96,71400,72700,71300,13283081,13283081,0,9.58E+11,9.58E+11,0,4.34E+14,5969782550
2023-11-29,72700,0,0,72400,72800,72200,9283933,9283933,0,6.73E+11,6.73E+11,0,4.34E+14,5969782550
2023-11-30,72800,100,0.14,72700,72800,72200,15783714,15783714,0,1.15E+12,1.15E+12,0,4.35E+14,5969782550
2023-12-01,72000,-800,-1.1,72400,72500,71700,9871284,9871284,0,7.11E+11,7.11E+11,0,4.30E+14,5969782550
2023-12-04,72600,600,0.83,72800,72900,72400,10229267,10229267,0,7.43E+11,7.43E+11,0,4.33E+14,5969782550
2023-12-05,71200,-1400,-1.93,72300,72400,71200,12129682,12129682,0,8.68E+11,8.68E+11,0,4.25E+14,5969782550
2023-12-06,71700,500,0.7,71800,72100,71600,8123087,8123087,0,5.84E+11,5.84E+11,0,4.28E+14,5969782550
2023-12-07,71500,-200,-0.28,71800,71900,71100,8862017,8862017,0,6.33E+11,6.33E+11,0,4.27E+14,5969782550
2023-12-08,72600,1100,1.54,72100,72800,71900,10859463,10859463,0,7.87E+11,7.87E+11,0,4.33E+14,5969782550
2023-12-11,73000,400,0.55,72800,73000,72200,9861960,9861960,0,7.17E+11,7.17E+11,0,4.36E+14,5969782550
2023-12-12,73500,500,0.68,73300,73500,73100,13758646,13758646,0,1.01E+12,1.01E+12,0,4.39E+14,5969782550
2023-12-13,72800,-700,-0.95,73300,73500,72800,13116766,13116766,0,9.60E+11,9.60E+11,0,4.35E+14,5969782550
2023-12-14,73100,300,0.41,74100,74300,72500,27567593,27567593,0,2.03E+12,2.03E+12,0,4.36E+14,5969782550
2023-12-15,73300,200,0.27,73800,74000,73200,15419815,15419815,0,1.13E+12,1.13E+12,0,4.38E+14,5969782550
2023-12-18,72900,-400,-0.55,73300,73400,72800,9690551,9690551,0,7.08E+11,7.08E+11,0,4.35E+14,5969782550
2023-12-19,73400,500,0.69,73000,73400,72800,8907632,8907632,0,6.51E+11,6.51E+11,0,4.38E+14,5969782550
2023-12-20,74800,1400,1.91,74200,74900,73800,16870156,16870156,0,1.25E+12,1.25E+12,0,4.47E+14,5969782550
2023-12-21,75000,200,0.27,74600,75000,74300,13478766,13478766,0,1.01E+12,1.01E+12,0,4.48E+14,5969782550
2023-12-22,75900,900,1.2,75800,76300,75400,14515608,14515608,0,1.10E+12,1.10E+12,0,4.53E+14,5969782550
2023-12-26,76600,700,0.92,76100,76700,75700,13164909,13164909,0,1.01E+12,1.01E+12,0,4.57E+14,5969782550
2023-12-27,78000,1400,1.83,76700,78000,76500,20651042,20651042,0,1.60E+12,1.60E+12,0,4.66E+14,5969782550
2023-12-28,78500,500,0.64,77700,78500,77500,17797536,17797536,0,1.39E+12,1.39E+12,0,4.69E+14,5969782550
2024-01-02,79600,1100,1.4,78200,79800,78200,17142847,17142847,0,1.36E+12,1.36E+12,0,4.75E+14,5969782550
2024-01-03,77000,-2600,-3.27,78500,78800,77000,21753644,21753644,0,1.69E+12,1.69E+12,0,4.60E+14,5969782550
2024-01-04,76600,-400,-0.52,76100,77300,76100,15324439,15324439,0,1.17E+12,1.17E+12,0,4.57E+14,5969782550
2024-01-05,76600,0,0,76700,77100,76400,11304316,11304316,0,8.67E+11,8.67E+11,0,4.57E+14,5969782550
2024-01-08,76500,-100,-0.13,77000,77500,76400,11088724,11088724,0,8.53E+11,8.53E+11,0,4.57E+14,5969782550
2024-01-09,74700,-1800,-2.35,77400,77700,74300,26019249,26019249,0,1.97E+12,1.97E+12,0,4.46E+14,5969782550
2024-01-10,73600,-1100,-1.47,75000,75200,73200,20259529,20259529,0,1.50E+12,1.50E+12,0,4.39E+14,5969782550
2024-01-11,73200,-400,-0.54,72900,73600,72700,57691266,57691266,0,4.21E+12,4.21E+12,0,4.37E+14,5969782550
2024-01-12,73100,-100,-0.14,73000,74100,72800,13038939,13038939,0,9.57E+11,9.57E+11,0,4.36E+14,5969782550
2024-01-15,73900,800,1.09,73200,74000,73200,13212339,13212339,0,9.73E+11,9.73E+11,0,4.41E+14,5969782550
2024-01-16,72600,-1300,-1.76,73500,73700,72500,14760415,14760415,0,1.08E+12,1.08E+12,0,4.33E+14,5969782550
2024-01-17,71000,-1600,-2.2,73100,73300,71000,22683660,22683660,0,1.63E+12,1.63E+12,0,4.24E+14,5969782550
2024-01-18,71700,700,0.99,71600,72000,70700,17853397,17853397,0,1.27E+12,1.27E+12,0,4.28E+14,5969782550
2024-01-19,74700,3000,4.18,73500,74700,73000,23363427,23363427,0,1.73E+12,1.73E+12,0,4.46E+14,5969782550
2024-01-22,75100,400,0.54,75900,76000,75000,19673375,19673375,0,1.48E+12,1.48E+12,0,4.48E+14,5969782550
2024-01-23,75200,100,0.13,75700,75800,74300,14786224,14786224,0,1.11E+12,1.11E+12,0,4.49E+14,5969782550
2024-01-24,74000,-1200,-1.6,75200,75200,73500,12860661,12860661,0,9.51E+11,9.51E+11,0,4.42E+14,5969782550
2024-01-25,74100,100,0.14,74200,74800,73700,11737747,11737747,0,8.70E+11,8.70E+11,0,4.42E+14,5969782550
2024-01-26,73400,-700,-0.94,73700,74500,73300,11160062,11160062,0,8.24E+11,8.24E+11,0,4.38E+14,5969782550
2024-01-29,74400,1000,1.36,73800,75200,73500,13976521,13976521,0,1.04E+12,1.04E+12,0,4.44E+14,5969782550
2024-01-30,74300,-100,-0.13,75000,75300,73700,12244418,12244418,0,9.10E+11,9.10E+11,0,4.44E+14,5969782550
2024-01-31,72700,-1600,-2.15,73400,74000,72500,15703560,15703560,0,1.15E+12,1.15E+12,0,4.34E+14,5969782550
2024-02-01,73600,900,1.24,73000,74200,72900,19881033,19881033,0,1.46E+12,1.46E+12,0,4.39E+14,5969782550
2024-02-02,75200,1600,2.17,74000,75200,73700,14955881,14955881,0,1.12E+12,1.12E+12,0,4.49E+14,5969782550
2024-02-05,74300,-900,-1.2,74200,74800,73500,19026021,19026021,0,1.41E+12,1.41E+12,0,4.44E+14,5969782550
2024-02-06,74400,100,0.13,74300,74700,73300,14559254,14559254,0,1.08E+12,1.08E+12,0,4.44E+14,5969782550
2024-02-07,75000,600,0.81,74600,75500,74300,16566445,16566445,0,1.24E+12,1.24E+12,0,4.48E+14,5969782550
2024-02-08,74100,-900,-1.2,75000,75200,73600,20810708,20810708,0,1.55E+12,1.55E+12,0,4.42E+14,5969782550
2024-02-13,75200,1100,1.48,74800,75200,74400,21966745,21966745,0,1.65E+12,1.65E+12,0,4.49E+14,5969782550
2024-02-14,74000,-1200,-1.6,73700,74300,73700,12434945,12434945,0,9.20E+11,9.20E+11,0,4.42E+14,5969782550
2024-02-15,73000,-1000,-1.35,74200,74400,73000,14120600,14120600,0,1.04E+12,1.04E+12,0,4.36E+14,5969782550
2024-02-16,72800,-200,-0.27,73300,73400,72500,13444781,13444781,0,9.79E+11,9.79E+11,0,4.35E+14,5969782550
2024-02-19,73800,1000,1.37,72800,73900,72800,12726404,12726404,0,9.37E+11,9.37E+11,0,4.41E+14,5969782550
2024-02-20,73300,-500,-0.68,73700,73700,72800,14681477,14681477,0,1.07E+12,1.07E+12,0,4.38E+14,5969782550
2024-02-21,73000,-300,-0.41,73400,73700,72900,11503495,11503495,0,8.42E+11,8.42E+11,0,4.36E+14,5969782550
2024-02-22,73100,100,0.14,73800,73900,72700,15208934,15208934,0,1.11E+12,1.11E+12,0,4.36E+14,5969782550
2024-02-23,72900,-200,-0.27,73600,74200,72900,16225166,16225166,0,1.19E+12,1.19E+12,0,4.35E+14,5969782550
2024-02-26,72800,-100,-0.14,72300,73200,72200,14669352,14669352,0,1.07E+12,1.07E+12,0,4.35E+14,5969782550
2024-02-27,72900,100,0.14,73100,73400,72700,13201981,13201981,0,9.63E+11,9.63E+11,0,4.35E+14,5969782550
2024-02-28,73200,300,0.41,72900,73900,72800,11795859,11795859,0,8.67E+11,8.67E+11,0,4.37E+14,5969782550
2024-02-29,73400,200,0.27,72600,73400,72000,21176403,21176403,0,1.54E+12,1.54E+12,0,4.38E+14,5969782550
2024-03-04,74900,1500,2.04,74300,75000,74000,23210474,23210474,0,1.73E+12,1.73E+12,0,4.47E+14,5969782550
2024-03-05,73700,-1200,-1.6,74600,74800,73700,19505125,19505125,0,1.45E+12,1.45E+12,0,4.40E+14,5969782550
2024-03-06,72900,-800,-1.09,73200,73500,72700,21547905,21547905,0,1.58E+12,1.58E+12,0,4.35E+14,5969782550
2024-03-07,72200,-700,-0.96,73100,73300,72200,14516963,14516963,0,1.05E+12,1.05E+12,0,4.31E+14,5969782550
2024-03-08,73300,1100,1.52,72800,73400,72600,19271349,19271349,0,1.41E+12,1.41E+12,0,4.38E+14,5969782550
2024-03-11,72400,-900,-1.23,72900,73100,72300,9740504,9740504,0,7.08E+11,7.08E+11,0,4.32E+14,5969782550
2024-03-12,73300,900,1.24,72600,73500,72100,13011654,13011654,0,9.46E+11,9.46E+11,0,4.38E+14,5969782550
2024-03-13,74100,800,1.09,73700,74100,73500,15243134,15243134,0,1.13E+12,1.13E+12,0,4.42E+14,5969782550
2024-03-14,74300,200,0.27,74400,74500,73600,22545539,22545539,0,1.67E+12,1.67E+12,0,4.44E+14,5969782550
2024-03-15,72300,-2000,-2.69,73400,73700,72300,22580555,22580555,0,1.65E+12,1.65E+12,0,4.32E+14,5969782550
2024-03-18,72800,500,0.69,72600,73000,72500,11520348,11520348,0,8.38E+11,8.38E+11,0,4.35E+14,5969782550
2024-03-19,72800,0,0,72300,73000,71700,15376066,15376066,0,1.11E+12,1.11E+12,0,4.35E+14,5969782550
2024-03-20,76900,4100,5.63,73700,77200,73400,50106297,50106297,0,3.80E+12,3.80E+12,0,4.59E+14,5969782550
2024-03-21,79300,2400,3.12,79200,79300,77700,44569799,44569799,0,3.51E+12,3.51E+12,0,4.73E+14,5969782550
2024-03-22,78900,-400,-0.5,79600,79900,77800,26724761,26724761,0,2.10E+12,2.10E+12,0,4.71E+14,5969782550
2024-03-25,78200,-700,-0.89,79600,79800,77800,18703996,18703996,0,1.47E+12,1.47E+12,0,4.67E+14,5969782550
2024-03-26,79900,1700,2.17,79700,80100,79200,30551494,30551494,0,2.44E+12,2.44E+12,0,4.77E+14,5969782550
2024-03-27,79800,-100,-0.13,79200,80000,79200,17424595,17424595,0,1.39E+12,1.39E+12,0,4.76E+14,5969782550
2024-03-28,80800,1000,1.25,79400,81000,79200,25084812,25084812,0,2.01E+12,2.01E+12,0,4.82E+14,5969782550
2024-03-29,82400,1600,1.98,81200,82500,80900,27126366,27126366,0,2.22E+12,2.22E+12,0,4.92E+14,5969782550
2024-04-01,82000,-400,-0.49,83200,83300,82000,20116513,20116513,0,1.66E+12,1.66E+12,0,4.90E+14,5969782550
2024-04-02,85000,3000,3.66,82900,85000,82900,37077944,37077944,0,3.13E+12,3.13E+12,0,5.07E+14,5969782550
2024-04-03,84100,-900,-1.06,84300,85000,83500,30493347,30493347,0,2.57E+12,2.57E+12,0,5.02E+14,5969782550
2024-04-04,85300,1200,1.43,85200,85500,84300,25248934,25248934,0,2.15E+12,2.15E+12,0,5.09E+14,5969782550
2024-04-05,84500,-800,-0.94,84500,85000,83800,18883752,18883752,0,1.59E+12,1.59E+12,0,5.04E+14,5969782550
2024-04-08,84500,0,0,85200,86000,84500,18953232,18953232,0,1.61E+12,1.61E+12,0,5.04E+14,5969782550
2024-04-09,83600,-900,-1.07,84500,84900,83100,23725956,23725956,0,1.99E+12,1.99E+12,0,4.99E+14,5969782550
2024-04-11,84100,500,0.6,83200,84700,82500,25538009,25538009,0,2.14E+12,2.14E+12,0,5.02E+14,5969782550
2024-04-12,83700,-400,-0.48,84700,84900,83200,17061770,17061770,0,1.43E+12,1.43E+12,0,5.00E+14,5969782550
2024-04-15,82200,-1500,-1.79,82900,83200,81200,26663772,26663772,0,2.19E+12,2.19E+12,0,4.91E+14,5969782550
2024-04-16,80000,-2200,-2.68,81200,81300,79400,31949845,31949845,0,2.56E+12,2.56E+12,0,4.78E+14,5969782550
2024-04-17,78900,-1100,-1.38,80700,80800,78900,22611631,22611631,0,1.80E+12,1.80E+12,0,4.71E+14,5969782550
2024-04-18,79600,700,0.89,78800,80100,78300,21370190,21370190,0,1.69E+12,1.69E+12,0,4.75E+14,5969782550
2024-04-19,77600,-2000,-2.51,78300,78700,76300,31317563,31317563,0,2.42E+12,2.42E+12,0,4.63E+14,5969782550
2024-04-22,76100,-1500,-1.93,77400,77500,75100,30469477,30469477,0,2.32E+12,2.32E+12,0,4.54E+14,5969782550
2024-04-23,75500,-600,-0.79,76400,76800,75500,18717699,18717699,0,1.42E+12,1.42E+12,0,4.51E+14,5969782550
2024-04-24,78600,3100,4.11,77500,78800,77200,22166150,22166150,0,1.73E+12,1.73E+12,0,4.69E+14,5969782550
2024-04-25,76300,-2300,-2.93,77300,77500,76300,15549134,15549134,0,1.20E+12,1.20E+12,0,4.55E+14,5969782550
2024-04-26,76700,400,0.52,77800,77900,76500,12755629,12755629,0,9.83E+11,9.83E+11,0,4.58E+14,5969782550
2024-04-29,76700,0,0,77400,77600,76200,14664474,14664474,0,1.12E+12,1.12E+12,0,4.58E+14,5969782550
2024-04-30,77500,800,1.04,77000,78500,76600,19007007,19007007,0,1.48E+12,1.48E+12,0,4.63E+14,5969782550
2024-05-02,78000,500,0.65,77600,78600,77300,18900640,18900640,0,1.48E+12,1.48E+12,0,4.66E+14,5969782550
2024-05-03,77600,-400,-0.51,79000,79000,77500,13151889,13151889,0,1.03E+12,1.03E+12,0,4.63E+14,5969782550
2024-05-07,81300,3700,4.77,79600,81300,79400,26238868,26238868,0,2.11E+12,2.11E+12,0,4.85E+14,5969782550
2024-05-08,81300,0,0,80800,81400,80500,13089576,13089576,0,1.06E+12,1.06E+12,0,4.85E+14,5969782550
2024-05-09,79700,-1600,-1.97,81100,81500,79700,18759935,18759935,0,1.51E+12,1.51E+12,0,4.76E+14,5969782550
2024-05-10,79200,-500,-0.63,80400,81100,78900,16976124,16976124,0,1.35E+12,1.35E+12,0,4.73E+14,5969782550
2024-05-13,78400,-800,-1.01,79400,79900,77600,18652344,18652344,0,1.46E+12,1.46E+12,0,4.68E+14,5969782550
2024-05-14,78300,-100,-0.13,78600,78800,77900,11763992,11763992,0,9.21E+11,9.21E+11,0,4.67E+14,5969782550
2024-05-16,78200,-100,-0.13,80200,80300,78100,20989778,20989778,0,1.66E+12,1.66E+12,0,4.67E+14,5969782550
2024-05-17,77400,-800,-1.02,78600,78800,77200,15918201,15918201,0,1.24E+12,1.24E+12,0,4.62E+14,5969782550
2024-05-20,78900,1500,1.94,78100,79100,77900,19456783,19456783,0,1.53E+12,1.53E+12,0,4.71E+14,5969782550
2024-05-21,78400,-500,-0.63,78500,79000,78200,13690583,13690583,0,1.07E+12,1.07E+12,0,4.68E+14,5969782550
2024-05-22,77700,-700,-0.89,78100,78700,77300,19521506,19521506,0,1.52E+12,1.52E+12,0,4.64E+14,5969782550
2024-05-23,78300,600,0.77,77700,79100,77100,18728087,18728087,0,1.46E+12,1.46E+12,0,4.67E+14,5969782550
2024-05-24,75900,-2400,-3.07,76800,77000,75700,27891278,27891278,0,2.13E+12,2.13E+12,0,4.53E+14,5969782550
2024-05-27,77200,1300,1.71,75300,78200,74000,43825202,43825202,0,3.31E+12,3.31E+12,0,4.61E+14,5969782550
2024-05-28,77600,400,0.52,76500,78000,76200,18539072,18539072,0,1.44E+12,1.44E+12,0,4.63E+14,5969782550
2024-05-29,75200,-2400,-3.09,77700,78200,75200,30244875,30244875,0,2.31E+12,2.31E+12,0,4.49E+14,5969782550
2024-05-30,73500,-1700,-2.26,74800,75200,73500,28551273,28551273,0,2.12E+12,2.12E+12,0,4.39E+14,5969782550
2024-05-31,73500,0,0,74500,74700,73500,26198776,26198776,0,1.94E+12,1.94E+12,0,4.39E+14,5969782550
2024-06-03,75700,2200,2.99,74400,76400,74200,15706268,15706268,0,1.19E+12,1.19E+12,0,4.52E+14,5969782550
2024-06-04,75300,-400,-0.53,74900,76100,74900,14098053,14098053,0,1.07E+12,1.07E+12,0,4.50E+14,5969782550
2024-06-05,77400,2100,2.79,78000,78000,76800,23177968,23177968,0,1.79E+12,1.79E+12,0,4.62E+14,5969782550
2024-06-07,77300,-100,-0.13,78400,78600,77100,21189349,21189349,0,1.65E+12,1.65E+12,0,4.61E+14,5969782550
2024-06-10,75700,-1600,-2.07,76100,76600,75600,14598755,14598755,0,1.11E+12,1.11E+12,0,4.52E+14,5969782550
2024-06-11,75200,-500,-0.66,75900,76000,75100,16971175,16971175,0,1.28E+12,1.28E+12,0,4.49E+14,5969782550
2024-06-12,76500,1300,1.73,75300,77100,75200,19246725,19246725,0,1.46E+12,1.46E+12,0,4.57E+14,5969782550
2024-06-13,78600,2100,2.75,78400,79000,77800,33763804,33763804,0,2.65E+12,2.65E+12,0,4.69E+14,5969782550
2024-06-14,79600,1000,1.27,79700,80500,79000,22926612,22926612,0,1.83E+12,1.83E+12,0,4.75E+14,5969782550
2024-06-17,78100,-1500,-1.88,79200,79500,78000,16123051,16123051,0,1.27E+12,1.27E+12,0,4.66E+14,5969782550
2024-06-18,79800,1700,2.18,78700,80200,78600,18207598,18207598,0,1.45E+12,1.45E+12,0,4.76E+14,5969782550
2024-06-19,81200,1400,1.75,81100,82500,80500,24168863,24168863,0,1.97E+12,1.97E+12,0,4.85E+14,5969782550
2024-06-20,81600,400,0.49,81500,82200,81200,20288913,20288913,0,1.66E+12,1.66E+12,0,4.87E+14,5969782550
2024-06-21,80000,-1600,-1.96,80700,80800,80000,17907523,17907523,0,1.44E+12,1.44E+12,0,4.78E+14,5969782550
2024-06-24,80600,600,0.75,79700,80900,79500,15454227,15454227,0,1.24E+12,1.24E+12,0,4.81E+14,5969782550
2024-06-25,80800,200,0.25,80600,81800,80100,19088458,19088458,0,1.55E+12,1.55E+12,0,4.82E+14,5969782550
2024-06-26,81300,500,0.62,80100,81400,79900,17783242,17783242,0,1.44E+12,1.44E+12,0,4.85E+14,5969782550
2024-06-27,81600,300,0.37,81300,81600,80500,11739720,11739720,0,9.53E+11,9.53E+11,0,4.87E+14,5969782550
2024-06-28,81500,-100,-0.12,81900,81900,80800,9455929,9455929,0,7.69E+11,7.69E+11,0,4.87E+14,5969782550
2024-07-01,81800,300,0.37,81500,82100,81300,11317202,11317202,0,9.25E+11,9.25E+11,0,4.88E+14,5969782550
2024-07-02,81800,0,0,82500,82600,81500,14471904,14471904,0,1.19E+12,1.19E+12,0,4.88E+14,5969782550
2024-07-03,81800,0,0,82300,82300,81000,11440328,11440328,0,9.34E+11,9.34E+11,0,4.88E+14,5969782550
2024-07-04,84600,2800,3.42,82900,84700,82400,43857229,43857229,0,3.68E+12,3.68E+12,0,5.05E+14,5969782550
2024-07-05,87100,2500,2.96,85600,87100,85200,45791193,45791193,0,3.95E+12,3.95E+12,0,5.20E+14,5969782550
2024-07-08,87400,300,0.34,87900,88600,86900,24035809,24035809,0,2.11E+12,2.11E+12,0,5.22E+14,5969782550
2024-07-09,87800,400,0.46,87800,88200,86900,21336201,21336201,0,1.87E+12,1.87E+12,0,5.24E+14,5969782550
2024-07-10,87800,0,0,87600,88000,87100,17813847,17813847,0,1.56E+12,1.56E+12,0,5.24E+14,5969782550
2024-07-11,87600,-200,-0.23,88500,88800,86700,24677608,24677608,0,2.16E+12,2.16E+12,0,5.23E+14,5969782550
2024-07-12,84400,-3200,-3.65,85900,86100,84100,26344386,26344386,0,2.23E+12,2.23E+12,0,5.04E+14,5969782550
2024-07-15,86700,2300,2.73,84700,87300,84100,25193080,25193080,0,2.15E+12,2.15E+12,0,5.18E+14,5969782550
2024-07-16,87700,1000,1.15,86900,88000,86700,16166688,16166688,0,1.41E+12,1.41E+12,0,5.24E+14,5969782550
2024-07-17,86700,-1000,-1.14,87100,88000,86400,18186490,18186490,0,1.59E+12,1.59E+12,0,5.18E+14,5969782550
2024-07-18,86900,200,0.23,83800,86900,83800,24721790,24721790,0,2.10E+12,2.10E+12,0,5.19E+14,5969782550
2024-07-19,84400,-2500,-2.88,85600,86100,84100,18569122,18569122,0,1.57E+12,1.57E+12,0,5.04E+14,5969782550
2024-07-22,83000,-1400,-1.66,84400,84900,82600,18987560,18987560,0,1.58E+12,1.58E+12,0,4.95E+14,5969782550
2024-07-23,83900,900,1.08,84200,84700,83400,15766389,15766389,0,1.33E+12,1.33E+12,0,5.01E+14,5969782550
2024-07-24,82000,-1900,-2.26,82900,83300,81900,16939083,16939083,0,1.40E+12,1.40E+12,0,4.90E+14,5969782550
2024-07-25,80400,-1600,-1.95,80400,81000,80100,20323811,20323811,0,1.63E+12,1.63E+12,0,4.80E+14,5969782550
2024-07-26,80900,500,0.62,80700,81300,80400,14508334,14508334,0,1.17E+12,1.17E+12,0,4.83E+14,5969782550
2024-07-29,81200,300,0.37,81600,82000,81100,12797136,12797136,0,1.04E+12,1.04E+12,0,4.85E+14,5969782550
2024-07-30,81000,-200,-0.25,80400,81000,80000,13169636,13169636,0,1.06E+12,1.06E+12,0,4.84E+14,5969782550
2024-07-31,83900,2900,3.58,81200,83900,80900,20744323,20744323,0,1.71E+12,1.71E+12,0,5.01E+14,5969782550
2024-08-01,83100,-800,-0.95,86000,86100,83100,20900338,20900338,0,1.76E+12,1.76E+12,0,4.96E+14,5969782550
2024-08-02,79600,-3500,-4.21,81000,81400,79500,25800275,25800275,0,2.07E+12,2.07E+12,0,4.75E+14,5969782550
2024-08-05,71400,-8200,-10.3,76700,76900,70200,54608790,54608790,0,4.03E+12,4.03E+12,0,4.26E+14,5969782550
2024-08-06,72500,1100,1.54,74900,75300,72300,47295226,47295226,0,3.48E+12,3.48E+12,0,4.33E+14,5969782550
2024-08-07,74700,2200,3.03,73000,76000,72800,32710428,32710428,0,2.44E+12,2.44E+12,0,4.46E+14,5969782550
2024-08-08,73400,-1300,-1.74,73200,73900,72500,28414729,28414729,0,2.08E+12,2.08E+12,0,4.38E+14,5969782550
2024-08-09,74700,1300,1.77,75700,75800,74200,16388222,16388222,0,1.23E+12,1.23E+12,0,4.46E+14,5969782550
2024-08-12,75500,800,1.07,75200,75900,74800,9839259,9839259,0,7.43E+11,7.43E+11,0,4.51E+14,5969782550
2024-08-13,76100,600,0.79,76500,76600,75500,10716261,10716261,0,8.15E+11,8.15E+11,0,4.54E+14,5969782550
2024-08-14,77200,1100,1.45,77400,77800,77000,13246168,13246168,0,1.02E+12,1.02E+12,0,4.61E+14,5969782550
2024-08-16,80200,3000,3.89,79400,80200,78700,22061478,22061478,0,1.75E+12,1.75E+12,0,4.79E+14,5969782550
2024-08-19,78300,-1900,-2.37,80100,80100,78000,14146565,14146565,0,1.11E+12,1.11E+12,0,4.67E+14,5969782550
2024-08-20,78900,600,0.77,79500,79800,78700,10683836,10683836,0,8.46E+11,8.46E+11,0,4.71E+14,5969782550
2024-08-21,78300,-600,-0.76,77900,78600,77800,7805598,7805598,0,6.10E+11,6.10E+11,0,4.67E+14,5969782550
2024-08-22,78300,0,0,78700,78900,77800,8149101,8149101,0,6.38E+11,6.38E+11,0,4.67E+14,5969782550
2024-08-23,77700,-600,-0.77,77700,78400,77500,9420306,9420306,0,7.33E+11,7.33E+11,0,4.64E+14,5969782550
2024-08-26,76100,-1600,-2.06,78100,78200,76000,15655938,15655938,0,1.20E+12,1.20E+12,0,4.54E+14,5969782550
2024-08-27,75800,-300,-0.39,75700,76500,75600,11130145,11130145,0,8.46E+11,8.46E+11,0,4.53E+14,5969782550
2024-08-28,76400,600,0.79,75800,76400,75400,9794514,9794514,0,7.43E+11,7.43E+11,0,4.56E+14,5969782550
2024-08-29,74000,-2400,-3.14,73600,74700,73500,16884479,16884479,0,1.25E+12,1.25E+12,0,4.42E+14,5969782550
2024-08-30,74300,300,0.41,74400,75000,74100,16358520,16358520,0,1.22E+12,1.22E+12,0,4.44E+14,5969782550
2024-09-02,74400,100,0.13,74500,74700,73500,12641376,12641376,0,9.38E+11,9.38E+11,0,4.44E+14,5969782550
2024-09-03,72500,-1900,-2.55,74100,74300,72500,16314599,16314599,0,1.20E+12,1.20E+12,0,4.33E+14,5969782550
2024-09-04,70000,-2500,-3.45,69800,71100,69800,27366563,27366563,0,1.92E+12,1.92E+12,0,4.18E+14,5969782550
2024-09-05,69000,-1000,-1.43,70100,71200,69000,25686769,25686769,0,1.80E+12,1.80E+12,0,4.12E+14,5969782550
2024-09-06,68900,-100,-0.14,69100,69700,68000,19022299,19022299,0,1.31E+12,1.31E+12,0,4.11E+14,5969782550
2024-09-09,67500,-1400,-2.03,66900,68200,66600,23263298,23263298,0,1.57E+12,1.57E+12,0,4.03E+14,5969782550
2024-09-10,66200,-1300,-1.93,67000,67300,66000,30651376,30651376,0,2.04E+12,2.04E+12,0,3.95E+14,5969782550
2024-09-11,64900,-1300,-1.96,65100,65500,64200,35809707,35809707,0,2.33E+12,2.33E+12,0,3.87E+14,5969782550
2024-09-12,66300,1400,2.16,66000,66600,65200,35884106,35884106,0,2.37E+12,2.37E+12,0,3.96E+14,5969782550
2024-09-13,64400,-1900,-2.87,65000,65500,64300,25045135,25045135,0,1.62E+12,1.62E+12,0,3.84E+14,5969782550
2024-09-19,63100,-1300,-2.02,64000,64400,62200,49402713,49402713,0,3.12E+12,3.12E+12,0,3.77E+14,5969782550
2024-09-20,63000,-100,-0.16,63800,64700,63000,32746056,32746056,0,2.09E+12,2.09E+12,0,3.76E+14,5969782550
2024-09-23,62600,-400,-0.63,62300,63500,62200,28542376,28542376,0,1.79E+12,1.79E+12,0,3.74E+14,5969782550
2024-09-24,63200,600,0.96,62800,63400,62400,26957500,26957500,0,1.70E+12,1.70E+12,0,3.77E+14,5969782550
2024-09-25,62200,-1000,-1.58,63800,64200,62200,28652438,28652438,0,1.82E+12,1.82E+12,0,3.71E+14,5969782550
2024-09-26,64700,2500,4.02,63900,64900,63700,37566015,37566015,0,2.42E+12,2.42E+12,0,3.86E+14,5969782550
2024-09-27,64200,-500,-0.77,64700,65400,64200,28433030,28433030,0,1.84E+12,1.84E+12,0,3.83E+14,5969782550
2024-09-30,61500,-2700,-4.21,64200,64300,61500,32694163,32694163,0,2.04E+12,2.04E+12,0,3.67E+14,5969782550
2024-10-02,61300,-200,-0.33,60500,61900,59900,28473536,28473536,0,1.74E+12,1.74E+12,0,3.66E+14,5969782550
2024-10-04,60600,-700,-1.14,61000,61700,60500,24247578,24247578,0,1.48E+12,1.48E+12,0,3.62E+14,5969782550
2024-10-07,61000,400,0.66,60200,61900,59500,35066533,35066533,0,2.12E+12,2.12E+12,0,3.64E+14,5969782550
2024-10-08,60300,-700,-1.15,60000,61000,59900,27411786,27411786,0,1.65E+12,1.65E+12,0,3.60E+14,5969782550
2024-10-10,58900,-1400,-2.32,60100,60200,58900,45262214,45262214,0,2.69E+12,2.69E+12,0,3.52E+14,5969782550
2024-10-11,59300,400,0.68,59100,60100,59000,29623969,29623969,0,1.77E+12,1.77E+12,0,3.54E+14,5969782550
2024-10-14,60800,1500,2.53,59500,61200,59400,20886249,20886249,0,1.26E+12,1.26E+12,0,3.63E+14,5969782550
2024-10-15,61000,200,0.33,61100,61400,60100,22715239,22715239,0,1.38E+12,1.38E+12,0,3.64E+14,5969782550
2024-10-16,59500,-1500,-2.46,59400,60000,59200,23303268,23303268,0,1.39E+12,1.39E+12,0,3.55E+14,5969782550
2024-10-17,59700,200,0.34,59400,60100,59100,23372873,23372873,0,1.39E+12,1.39E+12,0,3.56E+14,5969782550
2024-10-18,59200,-500,-0.84,59900,60100,59100,14420260,14420260,0,8.57E+11,8.57E+11,0,3.53E+14,5969782550
2024-10-21,59000,-200,-0.34,59000,59600,58500,18514905,18514905,0,1.09E+12,1.09E+12,0,3.52E+14,5969782550
2024-10-22,57700,-1300,-2.2,58800,58900,57700,27582527,27582527,0,1.60E+12,1.60E+12,0,3.44E+14,5969782550
2024-10-23,59100,1400,2.43,57500,60000,57100,27300780,27300780,0,1.60E+12,1.60E+12,0,3.53E+14,5969782550
2024-10-24,56600,-2500,-4.23,58200,58500,56600,31499922,31499922,0,1.81E+12,1.81E+12,0,3.38E+14,5969782550
2024-10-25,55900,-700,-1.24,56000,56900,55800,25829315,25829315,0,1.45E+12,1.45E+12,0,3.34E+14,5969782550
2024-10-28,58100,2200,3.94,55700,58500,55700,27775009,27775009,0,1.60E+12,1.60E+12,0,3.47E+14,5969782550
2024-10-29,59600,1500,2.58,58000,59600,57300,28369314,28369314,0,1.67E+12,1.67E+12,0,3.56E+14,5969782550
2024-10-30,59100,-500,-0.84,59100,59800,58600,19838511,19838511,0,1.17E+12,1.17E+12,0,3.53E+14,5969782550
2024-10-31,59200,100,0.17,58500,61200,58300,35809196,35809196,0,2.14E+12,2.14E+12,0,3.53E+14,5969782550
2024-11-01,58300,-900,-1.52,59000,59600,58100,19083180,19083180,0,1.12E+12,1.12E+12,0,3.48E+14,5969782550
2024-11-04,58700,400,0.69,58600,59400,58400,15586947,15586947,0,9.17E+11,9.17E+11,0,3.50E+14,5969782550
2024-11-05,57600,-1100,-1.87,57800,58100,57200,17484474,17484474,0,1.01E+12,1.01E+12,0,3.44E+14,5969782550
2024-11-06,57300,-300,-0.52,57600,58000,56300,22092218,22092218,0,1.26E+12,1.26E+12,0,3.42E+14,5969782550
2024-11-07,57500,200,0.35,56900,58100,56800,17043102,17043102,0,9.82E+11,9.82E+11,0,3.43E+14,5969782550
2024-11-08,57000,-500,-0.87,58000,58300,57000,13877396,13877396,0,8.00E+11,8.00E+11,0,3.40E+14,5969782550
2024-11-11,55000,-2000,-3.51,56700,56800,55000,29811326,29811326,0,1.65E+12,1.65E+12,0,3.28E+14,5969782550
2024-11-12,53000,-2000,-3.64,54600,54600,53000,37962881,37962881,0,2.04E+12,2.04E+12,0,3.16E+14,5969782550
2024-11-13,50600,-2400,-4.53,52000,53000,50500,52527995,52527995,0,2.70E+12,2.70E+12,0,3.02E+14,5969782550
2024-11-14,49900,-700,-1.38,50200,51800,49900,48510715,48510715,0,2.47E+12,2.47E+12,0,2.98E+14,5969782550
2024-11-15,53500,3600,7.21,50300,54200,50300,46774485,46774485,0,2.46E+12,2.46E+12,0,3.19E+14,5969782550
2024-11-18,56700,3200,5.98,57000,57500,55900,48095234,48095234,0,2.73E+12,2.73E+12,0,3.38E+14,5969782550
2024-11-19,56300,-400,-0.71,56500,57500,55900,31539632,31539632,0,1.79E+12,1.79E+12,0,3.36E+14,5969782550
2024-11-20,55300,-1000,-1.78,56100,56500,54800,20864667,20864667,0,1.16E+12,1.16E+12,0,3.30E+14,5969782550
2024-11-21,56400,1100,1.99,54900,56900,54700,19096850,19096850,0,1.07E+12,1.07E+12,0,3.37E+14,5969782550
2024-11-22,56000,-400,-0.71,56000,56700,55900,15281543,15281543,0,8.61E+11,8.61E+11,0,3.34E+14,5969782550
2024-11-25,57900,1900,3.39,57400,57900,56700,36237325,36237325,0,2.09E+12,2.09E+12,0,3.46E+14,5969782550
2024-11-26,58300,400,0.69,57900,58900,57500,23209405,23209405,0,1.35E+12,1.35E+12,0,3.48E+14,5969782550
2024-11-27,56300,-2000,-3.43,57700,57800,56000,21808387,21808387,0,1.24E+12,1.24E+12,0,3.36E+14,5969782550
2024-11-28,55500,-800,-1.42,56000,56400,55200,20001134,20001134,0,1.11E+12,1.11E+12,0,3.31E+14,5969782550
2024-11-29,54200,-1300,-2.34,55100,55300,53800,24513531,24513531,0,1.33E+12,1.33E+12,0,3.24E+14,5969782550
2024-12-02,53600,-600,-1.11,54300,54400,53100,22044867,22044867,0,1.18E+12,1.18E+12,0,3.20E+14,5969782550
2024-12-03,53600,0,0,53100,54400,53100,23374603,23374603,0,1.26E+12,1.26E+12,0,3.20E+14,5969782550
2024-12-04,53100,-500,-0.93,52000,53400,52000,29004766,29004766,0,1.53E+12,1.53E+12,0,3.17E+14,5969782550
2024-12-05,53700,600,1.13,53200,54400,53200,23588277,23588277,0,1.27E+12,1.27E+12,0,3.21E+14,5969782550
2024-12-06,54100,400,0.74,53900,54400,52700,22861874,22861874,0,1.23E+12,1.23E+12,0,3.23E+14,5969782550
2024-12-09,53400,-700,-1.29,53500,54600,53200,26227680,26227680,0,1.41E+12,1.41E+12,0,3.19E+14,5969782550
2024-12-10,54000,600,1.12,54500,54500,53700,20783970,20783970,0,1.12E+12,1.12E+12,0,3.22E+14,5969782550
2024-12-11,54000,0,0,53600,54200,53400,14565947,14565947,0,7.85E+11,7.85E+11,0,3.22E+14,5969782550
2024-12-12,55900,1900,3.52,54000,56500,53900,33476698,33476698,0,1.85E+12,1.85E+12,0,3.34E+14,5969782550
2024-12-13,56100,200,0.36,55800,56300,55500,15908823,15908823,0,8.91E+11,8.91E+11,0,3.35E+14,5969782550
2024-12-16,55600,-500,-0.89,56300,56600,55200,15277277,15277277,0,8.54E+11,8.54E+11,0,3.32E+14,5969782550
2024-12-17,54200,-1400,-2.52,54700,55200,54000,20215230,20215230,0,1.10E+12,1.10E+12,0,3.24E+14,5969782550
2024-12-18,54900,700,1.29,54100,55400,54000,13698937,13698937,0,7.52E+11,7.52E+11,0,3.28E+14,5969782550
2024-12-19,53100,-1800,-3.28,53500,53800,53100,22481925,22481925,0,1.20E+12,1.20E+12,0,3.17E+14,5969782550
2024-12-20,53000,-100,-0.19,52700,53100,51900,24674774,24674774,0,1.29E+12,1.29E+12,0,3.16E+14,5969782550
2024-12-23,53500,500,0.94,53400,54000,53300,13672650,13672650,0,7.34E+11,7.34E+11,0,3.19E+14,5969782550
2024-12-24,54400,900,1.68,53700,54500,53600,11634677,11634677,0,6.29E+11,6.29E+11,0,3.25E+14,5969782550
2024-12-26,53600,-800,-1.47,54500,54600,53500,10517075,10517075,0,5.68E+11,5.68E+11,0,3.20E+14,5969782550
2024-12-27,53700,100,0.19,53500,54100,53200,10747196,10747196,0,5.76E+11,5.76E+11,0,3.21E+14,5969782550
2024-12-30,53200,-500,-0.93,53300,54000,53100,12624702,12624702,0,6.75E+11,6.75E+11,0,3.18E+14,5969782550
2025-01-02,53400,200,0.38,52700,53600,52300,16630538,16630538,0,8.78E+11,8.78E+11,0,3.19E+14,5969782550
2025-01-03,54400,1000,1.87,52800,55100,52800,19318046,19318046,0,1.05E+12,1.05E+12,0,3.25E+14,5969782550
2025-01-06,55900,1500,2.76,54400,56200,54300,19034284,19034284,0,1.06E+12,1.06E+12,0,3.34E+14,5969782550
2025-01-07,55400,-500,-0.89,56800,57300,55400,17030235,17030235,0,9.57E+11,9.57E+11,0,3.31E+14,5969782550
2025-01-08,57300,1900,3.43,54800,57500,54700,26593553,26593553,0,1.51E+12,1.51E+12,0,3.42E+14,5969782550
2025-01-09,56100,-1200,-2.09,57600,57700,56100,24490592,24490592,0,1.39E+12,1.39E+12,0,3.35E+14,5969782550
2025-01-10,55300,-800,-1.43,56100,56500,55200,16059223,16059223,0,8.93E+11,8.93E+11,0,3.30E+14,5969782550
2025-01-13,54100,-1200,-2.17,54600,55000,54100,16868600,16868600,0,9.17E+11,9.17E+11,0,3.23E+14,5969782550
2025-01-14,53900,-200,-0.37,54200,54600,53700,17465926,17465926,0,9.45E+11,9.45E+11,0,3.22E+14,5969782550
2025-01-15,53700,-200,-0.37,54100,54700,53500,18625025,18625025,0,1.01E+12,1.01E+12,0,3.21E+14,5969782550
2025-01-16,54300,600,1.12,54200,55000,54100,18627298,18627298,0,1.01E+12,1.01E+12,0,3.24E+14,5969782550
2025-01-17,53700,-600,-1.1,53800,54100,53200,18805344,18805344,0,1.01E+12,1.01E+12,0,3.21E+14,5969782550
2025-01-20,53400,-300,-0.56,53600,53900,53300,11822531,11822531,0,6.33E+11,6.33E+11,0,3.19E+14,5969782550
2025-01-21,53500,100,0.19,53700,54300,53300,13535702,13535702,0,7.27E+11,7.27E+11,0,3.19E+14,5969782550
2025-01-22,54300,800,1.5,53400,54400,53100,18341991,18341991,0,9.84E+11,9.84E+11,0,3.24E+14,5969782550
2025-01-23,53700,-600,-1.1,53700,54100,53500,15588067,15588067,0,8.37E+11,8.37E+11,0,3.21E+14,5969782550
2025-01-24,53700,0,0,53600,53800,53200,11867631,11867631,0,6.36E+11,6.36E+11,0,3.21E+14,5969782550
2025-01-31,52400,-1300,-2.42,52200,53000,51700,42186279,42186279,0,2.21E+12,2.21E+12,0,3.13E+14,5969782550
2025-02-03,51000,-1400,-2.67,51100,51400,50800,32344897,32344897,0,1.65E+12,1.65E+12,0,3.04E+14,5969782550
2025-02-04,52700,1700,3.33,51600,53600,51500,27214851,27214851,0,1.44E+12,1.44E+12,0,3.15E+14,5969782550
2025-02-05,52900,200,0.38,53600,53800,52800,15974885,15974885,0,8.49E+11,8.49E+11,0,3.16E+14,5969782550
2025-02-06,54000,1100,2.08,53400,54000,53200,16466025,16466025,0,8.82E+11,8.82E+11,0,3.22E+14,5969782550
2025-02-07,53700,-300,-0.56,53900,54200,53600,14476866,14476866,0,7.80E+11,7.80E+11,0,3.21E+14,5969782550
2025-02-10,55600,1900,3.54,53000,55900,52900,27577591,27577591,0,1.51E+12,1.51E+12,0,3.32E+14,5969782550
2025-02-11,55700,100,0.18,55500,56300,55000,24596196,24596196,0,1.37E+12,1.37E+12,0,3.33E+14,5969782550
2025-02-12,55800,100,0.18,55100,55900,54500,26428596,26428596,0,1.46E+12,1.46E+12,0,3.33E+14,5969782550
2025-02-13,55800,0,0,56100,56400,55600,22448377,22448377,0,1.26E+12,1.26E+12,0,3.33E+14,5969782550
2025-02-14,56000,200,0.36,56000,57300,56000,23979779,23979779,0,1.35E+12,1.35E+12,0,3.34E+14,5969782550
2025-02-17,56000,0,0,56100,56500,55700,11916027,11916027,0,6.67E+11,6.67E+11,0,3.34E+14,5969782550
2025-02-18,56900,900,1.61,56200,57200,55900,22131007,22131007,0,1.25E+12,1.25E+12,0,3.40E+14,5969782550
2025-02-19,58700,1800,3.16,57400,58900,57300,25395151,25395151,0,1.48E+12,1.48E+12,0,3.50E+14,5969782550
2025-02-20,58400,-300,-0.51,59100,59100,58100,21589059,21589059,0,1.26E+12,1.26E+12,0,3.49E+14,5969782550
2025-02-21,58200,-200,-0.34,58400,58500,57100,22198428,22198428,0,1.28E+12,1.28E+12,0,3.47E+14,5969782550
2025-02-24,57300,-900,-1.55,57300,57700,57200,14138471,14138471,0,8.11E+11,8.11E+11,0,3.42E+14,5969782550
2025-02-25,57200,-100,-0.17,56600,57800,56500,14625181,14625181,0,8.37E+11,8.37E+11,0,3.41E+14,5969782550
2025-02-26,56600,-600,-1.05,57000,57100,56100,18117091,18117091,0,1.02E+12,1.02E+12,0,3.38E+14,5969782550
2025-02-27,56300,-300,-0.53,56500,57100,56200,14975356,14975356,0,8.47E+11,8.47E+11,0,3.36E+14,5969782550
2025-02-28,54500,-1800,-3.2,55400,55700,54500,28036698,28036698,0,1.54E+12,1.54E+12,0,3.25E+14,5969782550
2025-03-04,54500,0,0,53900,55000,53800,18553933,18553933,0,1.01E+12,1.01E+12,0,3.25E+14,5969782550
2025-03-05,54000,-500,-0.92,55100,55400,54000,16578817,16578817,0,9.03E+11,9.03E+11,0,3.22E+14,5969782550
2025-03-06,54300,300,0.56,54100,54500,54000,12258101,12258101,0,6.65E+11,6.65E+11,0,3.21E+14,5919637922
2025-03-07,53700,-600,-1.1,53500,54200,53400,14274992,14274992,0,7.68E+11,7.68E+11,0,3.18E+14,5919637922
2025-03-10,53700,0,0,53500,54800,53500,12921670,12921670,0,6.99E+11,6.99E+11,0,3.18E+14,5919637922
2025-03-11,53600,-100,-0.19,52500,54100,52500,17740891,17740891,0,9.44E+11,9.44E+11,0,3.17E+14,5919637922
2025-03-12,54900,1300,2.43,53800,55300,53600,17973221,17973221,0,9.83E+11,9.83E+11,0,3.25E+14,5919637922
2025-03-13,54700,-200,-0.36,55800,55900,54200,24132151,24132151,0,1.33E+12,1.33E+12,0,3.24E+14,5919637922
2025-03-14,54700,0,0,54500,55100,54400,10845154,10845154,0,5.94E+11,5.94E+11,0,3.24E+14,5919637922
2025-03-17,57600,2900,5.3,55500,57800,55400,35559021,35559021,0,2.04E+12,2.04E+12,0,3.41E+14,5919637922
2025-03-18,57600,0,0,58800,59000,57300,28138594,28138594,0,1.64E+12,1.64E+12,0,3.41E+14,5919637922
2025-03-19,58500,900,1.56,57400,59200,57400,29421759,29421759,0,1.73E+12,1.73E+12,0,3.46E+14,5919637922
2025-03-20,60200,1700,2.91,59200,60300,58500,34989004,34989004,0,2.09E+12,2.09E+12,0,3.56E+14,5919637922
2025-03-21,61700,1500,2.49,60900,61700,60400,40155612,40155612,0,2.46E+12,2.46E+12,0,3.65E+14,5919637922
2025-03-24,60500,-1200,-1.94,61200,61600,60500,14088094,14088094,0,8.60E+11,8.60E+11,0,3.58E+14,5919637922
2025-03-25,59800,-700,-1.16,60900,61100,59500,17259455,17259455,0,1.04E+12,1.04E+12,0,3.54E+14,5919637922
2025-03-26,61400,1600,2.68,59800,61400,59700,16431645,16431645,0,1.00E+12,1.00E+12,0,3.63E+14,5919637922
2025-03-27,61800,400,0.65,60900,62000,60800,20389790,20389790,0,1.26E+12,1.26E+12,0,3.66E+14,5919637922
2025-03-28,60200,-1600,-2.59,60700,61100,60000,16282514,16282514,0,9.84E+11,9.84E+11,0,3.56E+14,5919637922
2025-03-31,57800,-2400,-3.99,59500,59700,57800,17633494,17633494,0,1.03E+12,1.03E+12,0,3.42E+14,5919637922
2025-04-01,58800,1000,1.73,58700,59600,57900,13841706,13841706,0,8.14E+11,8.14E+11,0,3.48E+14,5919637922
2025-04-02,58800,0,0,58800,59400,58300,14402297,14402297,0,8.48E+11,8.48E+11,0,3.48E+14,5919637922
2025-04-03,57600,-1200,-2.04,56900,57800,56900,19508076,19508076,0,1.12E+12,1.12E+12,0,3.41E+14,5919637922
2025-04-04,56100,-1500,-2.6,56200,58200,55700,23527139,23527139,0,1.33E+12,1.33E+12,0,3.32E+14,5919637922
2025-04-07,53200,-2900,-5.17,53300,54100,53100,31998883,31998883,0,1.71E+12,1.71E+12,0,3.15E+14,5919637922
2025-04-08,53500,300,0.56,55000,55300,53300,25532845,25532845,0,1.38E+12,1.38E+12,0,3.17E+14,5919637922
2025-04-09,53000,-500,-0.93,53300,54300,52900,20576960,20576960,0,1.10E+12,1.10E+12,0,3.14E+14,5919637922
2025-04-10,56400,3400,6.42,56600,56700,55000,22948172,22948172,0,1.29E+12,1.29E+12,0,3.34E+14,5919637922
2025-04-11,55200,-1200,-2.13,55600,55700,54800,13930480,13930480,0,7.69E+11,7.69E+11,0,3.27E+14,5919637922
2025-04-14,56200,1000,1.81,56300,56700,55800,12852613,12852613,0,7.22E+11,7.22E+11,0,3.33E+14,5919637922
2025-04-15,56600,400,0.71,56300,57100,56200,8998640,8998640,0,5.10E+11,5.10E+11,0,3.35E+14,5919637922
2025-04-16,54700,-1900,-3.36,56000,56200,54500,14437025,14437025,0,7.96E+11,7.96E+11,0,3.24E+14,5919637922
2025-04-17,55100,400,0.73,54700,55300,54500,10867069,10867069,0,5.98E+11,5.98E+11,0,3.26E+14,5919637922
2025-04-18,55300,200,0.36,55300,55600,54900,5848342,5848342,0,3.23E+11,3.23E+11,0,3.27E+14,5919637922
2025-04-21,55400,100,0.18,55200,56000,55100,5941847,5941847,0,3.29E+11,3.29E+11,0,3.28E+14,5919637922
2025-04-22,55000,-400,-0.72,54900,55500,54700,9532469,9532469,0,5.25E+11,5.25E+11,0,3.26E+14,5919637922
2025-04-23,55700,700,1.27,56000,56100,55500,11148692,11148692,0,6.22E+11,6.22E+11,0,3.30E+14,5919637922
2025-04-24,55700,0,0,55600,55800,55200,10580377,10580377,0,5.87E+11,5.87E+11,0,3.30E+14,5919637922
2025-04-25,55700,0,0,56400,56400,55600,12183303,12183303,0,6.82E+11,6.82E+11,0,3.30E+14,5919637922
2025-04-28,55800,100,0.18,55800,55900,55500,9341518,9341518,0,5.20E+11,5.20E+11,0,3.30E+14,5919637922
2025-04-29,55800,0,0,55700,56500,55600,10295518,10295518,0,5.77E+11,5.77E+11,0,3.30E+14,5919637922
2025-04-30,55500,-300,-0.54,55900,56000,55300,13014189,13014189,0,7.23E+11,7.23E+11,0,3.29E+14,5919637922
2025-05-02,54300,-1200,-2.16,55000,55500,54200,22454204,22454204,0,1.23E+12,1.23E+12,0,3.21E+14,5919637922
2025-05-07,54600,300,0.55,54500,55000,54300,17136991,17136991,0,9.35E+11,9.35E+11,0,3.23E+14,5919637922
2025-05-08,54600,0,0,55100,55500,54500,16320532,16320532,0,8.94E+11,8.94E+11,0,3.23E+14,5919637922
2025-05-09,54800,200,0.37,54700,55000,54400,7814322,7814322,0,4.28E+11,4.28E+11,0,3.24E+14,5919637922
2025-05-12,57600,2800,5.11,55200,57600,55000,15414702,15414702,0,8.66E+11,8.66E+11,0,3.41E+14,5919637922
2025-05-13,56900,-700,-1.22,57700,58200,56800,16842801,16842801,0,9.65E+11,9.65E+11,0,3.37E+14,5919637922
2025-05-14,57400,500,0.88,57500,57900,57000,12468089,12468089,0,7.16E+11,7.16E+11,0,3.40E+14,5919637922
2025-05-15,57300,-100,-0.17,57400,58600,57100,13139736,13139736,0,7.58E+11,7.58E+11,0,3.39E+14,5919637922
2025-05-16,56800,-500,-0.87,57400,57500,56700,10385352,10385352,0,5.91E+11,5.91E+11,0,3.36E+14,5919637922
2025-05-19,55800,-1000,-1.76,56400,56400,55500,9802105,9802105,0,5.47E+11,5.47E+11,0,3.30E+14,5919637922
2025-05-20,55900,100,0.18,56200,56700,55700,9080577,9080577,0,5.09E+11,5.09E+11,0,3.31E+14,5919637922
2025-05-21,55700,-200,-0.36,56200,56600,55700,7794181,7794181,0,4.37E+11,4.37E+11,0,3.30E+14,5919637922
2025-05-22,54700,-1000,-1.8,55300,55500,54500,15254278,15254278,0,8.37E+11,8.37E+11,0,3.24E+14,5919637922
2025-05-23,54200,-500,-0.91,55000,55200,54100,11247115,11247115,0,6.13E+11,6.13E+11,0,3.21E+14,5919637922
2025-05-26,54700,500,0.92,53900,55000,53700,10901337,10901337,0,5.92E+11,5.92E+11,0,3.24E+14,5919637922
2025-05-27,53900,-800,-1.46,54200,54500,53800,13439520,13439520,0,7.26E+11,7.26E+11,0,3.19E+14,5919637922
2025-05-28,55900,2000,3.71,54300,56100,54200,17516283,17516283,0,9.73E+11,9.73E+11,0,3.31E+14,5919637922
2025-05-29,56100,200,0.36,56200,56400,55600,12936810,12936810,0,7.25E+11,7.25E+11,0,3.32E+14,5919637922
2025-05-30,56200,100,0.18,56200,57200,55800,26219683,26219683,0,1.48E+12,1.48E+12,0,3.33E+14,5919637922
2025-06-02,56800,600,1.07,56300,57300,56200,12870515,12870515,0,7.30E+11,7.30E+11,0,3.36E+14,5919637922
2025-06-04,57800,1000,1.76,57200,57900,56800,19649983,19649983,0,1.13E+12,1.13E+12,0,3.42E+14,5919637922
2025-06-05,59100,1300,2.25,58100,59900,57900,23266027,23266027,0,1.37E+12,1.37E+12,0,3.50E+14,5919637922
2025-06-09,59800,700,1.18,60400,60400,59500,19609659,19609659,0,1.18E+12,1.18E+12,0,3.54E+14,5919637922
2025-06-10,59200,-600,-1,60000,60100,58800,15305760,15305760,0,9.07E+11,9.07E+11,0,3.50E+14,5919637922
2025-06-11,59900,700,1.18,59500,60100,59400,13610734,13610734,0,8.14E+11,8.14E+11,0,3.55E+14,5919637922
2025-06-12,59500,-400,-0.67,59700,60000,59300,17755115,17755115,0,1.06E+12,1.06E+12,0,3.52E+14,5919637922
2025-06-13,58300,-1200,-2.02,60200,60200,57700,20705979,20705979,0,1.21E+12,1.21E+12,0,3.45E+14,5919637922
2025-06-16,57200,-1100,-1.89,58000,58100,56900,22200872,22200872,0,1.27E+12,1.27E+12,0,3.39E+14,5919637922
2025-06-17,58100,900,1.57,57800,59800,57400,28637003,28637003,0,1.68E+12,1.68E+12,0,3.44E+14,5919637922
2025-06-18,59800,1700,2.93,58000,59800,57900,17620705,17620705,0,1.04E+12,1.04E+12,0,3.54E+14,5919637922
2025-06-19,59200,-600,-1,60500,60600,59000,16876278,16876278,0,1.00E+12,1.00E+12,0,3.50E+14,5919637922
2025-06-20,59500,300,0.51,59400,59800,59100,18072251,18072251,0,1.07E+12,1.07E+12,0,3.52E+14,5919637922
2025-06-23,58000,-1500,-2.52,58400,58500,57600,16551694,16551694,0,9.60E+11,9.60E+11,0,3.43E+14,5919637922
2025-06-24,60500,2500,4.31,59400,60600,59300,23737899,23737899,0,1.43E+12,1.43E+12,0,3.58E+14,5919637922
2025-06-25,61300,800,1.32,61500,61600,60300,23933612,23933612,0,1.46E+12,1.46E+12,0,3.63E+14,5919637922
2025-06-26,60200,-1100,-1.79,61300,61300,59900,19402300,19402300,0,1.17E+12,1.17E+12,0,3.56E+14,5919637922
2025-06-27,60800,600,1,60100,61600,60000,17340470,17340470,0,1.05E+12,1.05E+12,0,3.60E+14,5919637922
2025-06-30,59800,-1000,-1.64,61200,61200,59800,17110294,17110294,0,1.03E+12,1.03E+12,0,3.54E+14,5919637922
2025-07-01,60200,400,0.67,60400,61100,60200,13650991,13650991,0,8.27E+11,8.27E+11,0,3.56E+14,5919637922
2025-07-02,60800,600,1,60200,60900,59800,15047951,15047951,0,9.09E+11,9.09E+11,0,3.60E+14,5919637922
2025-07-03,63800,3000,4.93,61300,63800,61100,32040639,32040639,0,2.01E+12,2.01E+12,0,3.78E+14,5919637922
2025-07-04,63300,-500,-0.78,64700,64700,63000,23748959,23748959,0,1.51E+12,1.51E+12,0,3.75E+14,5919637922
2025-07-07,61700,-1600,-2.53,62900,63300,61700,17164708,17164708,0,1.07E+12,1.07E+12,0,3.65E+14,5919637922
2025-07-08,61400,-300,-0.49,61600,62400,61000,20213724,20213724,0,1.24E+12,1.24E+12,0,3.63E+14,5919637922
2025-07-09,60400,-1000,-1.63,61400,61400,60200,17533415,17533415,0,1.06E+12,1.06E+12,0,3.58E+14,5919637922
2025-07-10,61000,600,0.99,60600,61200,60400,14768473,14768473,0,8.99E+11,8.99E+11,0,3.61E+14,5919637922
2025-07-11,62600,1600,2.62,61300,62800,61200,19140650,19140650,0,1.19E+12,1.19E+12,0,3.71E+14,5919637922
2025-07-14,62500,-100,-0.16,62300,62600,61800,13563846,13563846,0,8.44E+11,8.44E+11,0,3.70E+14,5919637922
2025-07-15,63700,1200,1.92,62300,63800,62000,18442202,18442202,0,1.16E+12,1.16E+12,0,3.77E+14,5919637922
2025-07-16,64700,1000,1.57,63700,64700,63100,23042660,23042660,0,1.48E+12,1.48E+12,0,3.83E+14,5919637922
2025-07-17,66700,2000,3.09,65900,66800,64400,39448683,39448683,0,2.60E+12,2.60E+12,0,3.95E+14,5919637922
2025-07-18,67100,400,0.6,67000,67800,66300,23951531,23951531,0,1.61E+12,1.61E+12,0,3.97E+14,5919637922
2025-07-21,67800,700,1.04,67400,68800,67200,17723148,17723148,0,1.20E+12,1.20E+12,0,4.01E+14,5919637922
2025-07-22,66000,-1800,-2.65,68100,68500,65600,20829006,20829006,0,1.39E+12,1.39E+12,0,3.91E+14,5919637922
2025-07-23,66400,400,0.61,66200,66500,64900,15687058,15687058,0,1.03E+12,1.03E+12,0,3.93E+14,5919637922
2025-07-24,66000,-400,-0.6,66500,66800,65900,12660193,12660193,0,8.40E+11,8.40E+11,0,3.91E+14,5919637922
2025-07-25,65900,-100,-0.15,65700,66300,65500,8080910,8080910,0,5.33E+11,5.33E+11,0,3.90E+14,5919637922
2025-07-28,70400,4500,6.83,68200,70400,67200,35332500,35332500,0,2.43E+12,2.43E+12,0,4.17E+14,5919637922
2025-07-29,70600,200,0.28,70800,70800,68800,28190940,28190940,0,1.98E+12,1.98E+12,0,4.18E+14,5919637922
2025-07-30,72600,2000,2.83,71000,73700,70600,34761444,34761444,0,2.52E+12,2.52E+12,0,4.30E+14,5919637922
2025-07-31,71400,-1200,-1.65,73000,74000,71000,26568072,26568072,0,1.91E+12,1.91E+12,0,4.23E+14,5919637922
2025-08-01,68900,-2500,-3.5,70200,72000,68800,24038534,24038534,0,1.68E+12,1.68E+12,0,4.08E+14,5919637922
2025-08-04,69700,800,1.16,69500,70200,68700,14780072,14780072,0,1.03E+12,1.03E+12,0,4.13E+14,5919637922
2025-08-05,69900,200,0.29,71000,71500,69700,14392903,14392903,0,1.01E+12,1.01E+12,0,4.14E+14,5919637922
2025-08-06,68800,-1100,-1.57,69200,69400,68300,12542415,12542415,0,8.63E+11,8.63E+11,0,4.07E+14,5919637922
2025-08-07,70500,1700,2.47,70800,71000,69700,15008213,15008213,0,1.06E+12,1.06E+12,0,4.17E+14,5919637922
2025-08-08,71800,1300,1.84,71000,72400,70700,22241128,22241128,0,1.59E+12,1.59E+12,0,4.25E+14,5919637922
2025-08-11,71000,-800,-1.11,72000,72100,70800,11354253,11354253,0,8.08E+11,8.08E+11,0,4.20E+14,5919637922
2025-08-12,71100,100,0.14,71100,72400,71100,15797656,15797656,0,1.13E+12,1.13E+12,0,4.21E+14,5919637922
2025-08-13,71900,800,1.13,71900,72100,71400,12305742,12305742,0,8.83E+11,8.83E+11,0,4.26E+14,5919637922
2025-08-14,71600,-300,-0.42,71900,71900,71200,11946122,11946122,0,8.55E+11,8.55E+11,0,4.24E+14,5919637922
2025-08-18,70000,-1600,-2.23,71100,71200,70000,13595591,13595591,0,9.57E+11,9.57E+11,0,4.14E+14,5919637922
2025-08-19,70000,0,0,70400,70700,69700,10533082,10533082,0,7.39E+11,7.39E+11,0,4.14E+14,5919637922
2025-08-20,70500,500,0.71,70100,70700,69400,17445516,17445516,0,1.22E+12,1.22E+12,0,4.17E+14,5919637922
2025-08-21,70600,100,0.14,71500,71900,70600,18843833,18843833,0,1.35E+12,1.35E+12,0,4.18E+14,5919637922
2025-08-22,71400,800,1.13,71700,71800,70800,9277432,9277432,0,6.62E+11,6.62E+11,0,4.23E+14,5919637922
2025-08-25,71500,100,0.14,71700,71800,71000,10345178,10345178,0,7.38E+11,7.38E+11,0,4.23E+14,5919637922
2025-08-26,70300,-1200,-1.68,70800,71100,70300,14712519,14712519,0,1.04E+12,1.04E+12,0,4.16E+14,5919637922
2025-08-27,70600,300,0.43,70100,70900,69800,10523405,10523405,0,7.41E+11,7.41E+11,0,4.18E+14,5919637922
2025-08-28,69600,-1000,-1.42,70100,70400,69600,11578024,11578024,0,8.10E+11,8.10E+11,0,4.12E+14,5919637922
2025-08-29,69700,100,0.14,70100,70500,69700,11682267,11682267,0,8.17E+11,8.17E+11,0,4.13E+14,5919637922
2025-09-01,67600,-2100,-3.01,68400,68600,67500,12002343,12002343,0,8.16E+11,8.16E+11,0,4.00E+14,5919637922
2025-09-02,69100,1500,2.22,67800,69500,67800,10604028,10604028,0,7.32E+11,7.32E+11,0,4.09E+14,5919637922
2025-09-03,69800,700,1.01,69200,69800,68800,10283009,10283009,0,7.15E+11,7.15E+11,0,4.13E+14,5919637922
2025-09-04,70100,300,0.43,69500,70100,69300,12284414,12284414,0,8.55E+11,8.55E+11,0,4.15E+14,5919637922
2025-09-05,69500,-600,-0.86,70300,70400,69500,11526724,11526724,0,8.05E+11,8.05E+11,0,4.11E+14,5919637922
2025-09-08,70100,600,0.86,69800,70500,69600,9263135,9263135,0,6.49E+11,6.49E+11,0,4.15E+14,5919637922
2025-09-09,71500,1400,2,70100,71500,70000,14870245,14870245,0,1.06E+12,1.06E+12,0,4.23E+14,5919637922
2025-09-10,72600,1100,1.54,71800,72800,71600,21928565,21928565,0,1.59E+12,1.59E+12,0,4.30E+14,5919637922
2025-09-11,73400,800,1.1,73200,73600,72100,20793501,20793501,0,1.52E+12,1.52E+12,0,4.35E+14,5919637922
2025-09-12,75400,2000,2.72,74600,75600,74200,28219678,28219678,0,2.12E+12,2.12E+12,0,4.46E+14,5919637922
2025-09-15,76500,1100,1.46,77200,77600,75900,19908805,19908805,0,1.53E+12,1.53E+12,0,4.53E+14,5919637922
2025-09-16,79400,2900,3.79,76900,79500,76700,28218265,28218265,0,2.21E+12,2.21E+12,0,4.70E+14,5919637922
2025-09-17,78200,-1200,-1.51,79100,79100,77100,20856317,20856317,0,1.63E+12,1.63E+12,0,4.63E+14,5919637922
2025-09-18,80500,2300,2.94,79100,80500,78600,25619035,25619035,0,2.05E+12,2.05E+12,0,4.77E+14,5919637922
2025-09-19,79700,-800,-0.99,81100,81200,79600,20898386,20898386,0,1.67E+12,1.67E+12,0,4.72E+14,5919637922
2025-09-22,83500,3800,4.77,81500,84000,81100,27529656,27529656,0,2.29E+12,2.29E+12,0,4.94E+14,5919637922
2025-09-23,84700,1200,1.44,85800,85900,83600,23610263,23610263,0,2.00E+12,2.00E+12,0,5.01E+14,5919637922
2025-09-24,85400,700,0.83,84200,85500,83700,18300997,18300997,0,1.55E+12,1.55E+12,0,5.06E+14,5919637922
2025-09-25,86100,700,0.82,84400,86200,84100,19665151,19665151,0,1.68E+12,1.68E+12,0,5.10E+14,5919637922
2025-09-26,83300,-2800,-3.25,85000,85300,82400,24071193,24071193,0,2.01E+12,2.01E+12,0,4.93E+14,5919637922
2025-09-29,84200,900,1.08,83300,85000,83200,13069094,13069094,0,1.10E+12,1.10E+12,0,4.98E+14,5919637922
2025-09-30,83900,-300,-0.36,84600,84900,83400,16319061,16319061,0,1.37E+12,1.37E+12,0,4.97E+14,5919637922
2025-10-01,86000,2100,2.5,84900,86200,84700,22039361,22039361,0,1.89E+12,1.89E+12,0,5.09E+14,5919637922
2025-10-02,89000,3000,3.49,89300,90300,88700,49883028,49883028,0,4.47E+12,4.47E+12,0,5.27E+14,5919637922
2025-10-10,94400,5400,6.07,94000,94500,92700,35269748,35269748,0,3.31E+12,3.31E+12,0,5.59E+14,5919637922
2025-10-13,93300,-1100,-1.17,91300,93400,90700,23883308,23883308,0,2.20E+12,2.20E+12,0,5.52E+14,5919637922
2025-10-14,91600,-1700,-1.82,95300,96000,90200,35545235,35545235,0,3.31E+12,3.31E+12,0,5.42E+14,5919637922
2025-10-15,95000,3400,3.71,92300,95300,92100,21050111,21050111,0,1.98E+12,1.98E+12,0,5.62E+14,5919637922
2025-10-16,97700,2700,2.84,95300,97700,95000,28141060,28141060,0,2.73E+12,2.73E+12,0,5.78E+14,5919637922
2025-10-17,97900,200,0.2,97200,99100,96700,22730809,22730809,0,2.23E+12,2.23E+12,0,5.80E+14,5919637922
2025-10-20,98100,200,0.2,97900,98300,96000,17589756,17589756,0,1.72E+12,1.72E+12,0,5.81E+14,5919637922
2025-10-21,97500,-600,-0.61,98500,99900,97300,22803830,22803830,0,2.25E+12,2.25E+12,0,5.77E+14,5919637922
2025-10-22,98600,1100,1.13,97100,98600,95500,15937611,15937611,0,1.55E+12,1.55E+12,0,5.84E+14,5919637922
2025-10-23,96500,-2100,-2.13,96800,98500,96300,18488581,18488581,0,1.80E+12,1.80E+12,0,5.71E+14,5919637922
2025-10-24,98800,2300,2.38,97900,99000,97700,18801925,18801925,0,1.85E+12,1.85E+12,0,5.85E+14,5919637922
2025-10-27,102000,3200,3.24,101300,102000,100600,22169970,22169970,0,2.25E+12,2.25E+12,0,6.04E+14,5919637922
2025-10-28,99500,-2500,-2.45,100900,101000,99100,20002282,20002282,0,1.99E+12,1.99E+12,0,5.89E+14,5919637922
2025-10-29,100500,1000,1.01,100200,101000,99100,20899788,20899788,0,2.09E+12,2.09E+12,0,5.95E+14,5919637922
2025-10-30,104100,3600,3.58,102400,105800,102000,34570017,34570017,0,3.59E+12,3.59E+12,0,6.16E+14,5919637922
2025-10-31,107500,3400,3.27,105000,108600,103300,54824564,54824564,0,5.74E+12,5.74E+12,0,6.36E+14,5919637922
2025-11-03,111100,3600,3.35,106900,111500,106500,30110066,30110066,0,3.30E+12,3.30E+12,0,6.58E+14,5919637922
2025-11-04,104900,-6200,-5.58,111800,112400,104900,30450281,30450281,0,3.29E+12,3.29E+12,0,6.21E+14,5919637922
2025-11-05,100600,-4300,-4.1,101000,102000,96700,44843020,44843020,0,4.47E+12,4.47E+12,0,5.96E+14,5919637922
2025-11-06,99200,-1400,-1.39,103700,103800,98800,28655689,28655689,0,2.88E+12,2.88E+12,0,5.87E+14,5919637922
2025-11-07,97900,-1300,-1.31,96400,100300,96300,22908083,22908083,0,2.25E+12,2.25E+12,0,5.80E+14,5919637922
2025-11-10,100600,2700,2.76,98600,101000,97900,23842327,23842327,0,2.38E+12,2.38E+12,0,5.96E+14,5919637922
2025-11-11,103500,2900,2.88,103700,106000,102000,27742542,27742542,0,2.89E+12,2.89E+12,0,6.13E+14,5919637922
2025-11-12,103100,-400,-0.39,103000,103900,101600,19413497,19413497,0,2.00E+12,2.00E+12,0,6.10E+14,5919637922
2025-11-13,102800,-300,-0.29,102500,104200,102300,20838741,20838741,0,2.15E+12,2.15E+12,0,6.09E+14,5919637922
2025-11-14,97200,-5600,-5.45,99000,99600,97200,21806342,21806342,0,2.15E+12,2.15E+12,0,5.75E+14,5919637922
2025-11-17,100600,3400,3.5,99800,101000,99500,17192584,17192584,0,1.72E+12,1.72E+12,0,5.96E+14,5919637922
2025-11-18,97800,-2800,-2.78,99800,100900,97500,18684068,18684068,0,1.84E+12,1.84E+12,0,5.79E+14,5919637922
2025-11-19,96500,-1300,-1.33,97100,97500,94600,18993346,18993346,0,1.79E+12,1.79E+12,0,5.71E+14,5919637922
2025-11-20,100600,4100,4.25,100900,102900,99500,25360435,25360435,0,2.57E+12,2.57E+12,0,5.96E+14,5919637922
2025-11-21,94800,-5800,-5.77,95600,96800,94500,23103574,23103574,0,2.20E+12,2.20E+12,0,5.61E+14,5919637922
2025-11-24,96700,1900,2,97800,99000,96200,29831172,29831172,0,2.91E+12,2.91E+12,0,5.72E+14,5919637922
2025-11-25,99300,2600,2.69,101400,101400,97800,16110054,16110054,0,1.60E+12,1.60E+12,0,5.88E+14,5919637922
2025-11-26,102800,3500,3.52,100500,102900,99300,21314975,21314975,0,2.16E+12,2.16E+12,0,6.09E+14,5919637922
2025-11-27,103500,700,0.68,104100,105500,102700,16453004,16453004,0,1.71E+12,1.71E+12,0,6.13E+14,5919637922
2025-11-28,100500,-3000,-2.9,103800,103800,100500,15292277,15292277,0,1.55E+12,1.55E+12,0,5.95E+14,5919637922
2025-12-01,100800,300,0.3,102000,102800,99900,10905526,10905526,0,1.10E+12,1.10E+12,0,5.97E+14,5919637922
2025-12-02,103400,2600,2.58,101200,103500,101000,13649487,13649487,0,1.40E+12,1.40E+12,0,6.12E+14,5919637922
2025-12-03,104500,1100,1.06,104700,105500,104000,14697927,14697927,0,1.54E+12,1.54E+12,0,6.19E+14,5919637922
2025-12-04,105100,600,0.57,103900,105100,103200,11931145,11931145,0,1.24E+12,1.24E+12,0,6.22E+14,5919637922
2025-12-05,108400,3300,3.14,105300,108400,104600,19755571,19755571,0,2.11E+12,2.11E+12,0,6.42E+14,5919637922
2025-12-08,109500,1100,1.01,109700,110000,108000,15527762,15527762,0,1.70E+12,1.70E+12,0,6.48E+14,5919637922
2025-12-09,108400,-1100,-1,108900,109400,107300,13671800,13671800,0,1.48E+12,1.48E+12,0,6.42E+14,5919637922
2025-12-10,108000,-400,-0.37,108300,109800,107400,12365092,12365092,0,1.34E+12,1.34E+12,0,6.39E+14,5919637922
2025-12-11,107300,-700,-0.65,109200,110500,107300,22994507,22994507,0,2.49E+12,2.49E+12,0,6.35E+14,5919637922
2025-12-12,108900,1600,1.49,107100,108900,106800,14210314,14210314,0,1.54E+12,1.54E+12,0,6.45E+14,5919637922
2025-12-15,104800,-4100,-3.76,105300,105800,104600,20594654,20594654,0,2.17E+12,2.17E+12,0,6.20E+14,5919637922
2025-12-16,102800,-2000,-1.91,104900,105600,102700,18852079,18852079,0,1.96E+12,1.96E+12,0,6.09E+14,5919637922
2025-12-17,107900,5100,4.96,103500,108100,103400,22297611,22297611,0,2.36E+12,2.36E+12,0,6.39E+14,5919637922
2025-12-18,107600,-300,-0.28,106400,108200,105700,20445631,20445631,0,2.19E+12,2.19E+12,0,6.37E+14,5919637922
2025-12-19,106300,-1300,-1.21,109700,109700,106200,25917098,25917098,0,2.78E+12,2.78E+12,0,6.29E+14,5919637922
2025-12-22,110500,4200,3.95,109700,110500,109300,24859171,24859171,0,2.73E+12,2.73E+12,0,6.54E+14,5919637922
2025-12-23,111500,1000,0.9,110900,112500,110400,20419187,20419187,0,2.28E+12,2.28E+12,0,6.60E+14,5919637922
2025-12-24,111100,-400,-0.36,112400,112400,110900,12492939,12492939,0,1.39E+12,1.39E+12,0,6.58E+14,5919637922
2025-12-26,117000,5900,5.31,112400,117000,112400,34018174,34018174,0,3.93E+12,3.93E+12,0,6.93E+14,5919637922
2025-12-29,119500,2500,2.14,119400,119700,118200,19676004,19676004,0,2.34E+12,2.34E+12,0,7.07E+14,5919637922
2025-12-30,119900,400,0.33,119100,121200,118700,19746349,19746349,0,2.38E+12,2.38E+12,0,7.10E+14,5919637922
2026-01-02,128500,8600,7.17,120200,128500,120200,30463279,30463279,0,3.81E+12,3.81E+12,0,7.61E+14,5919637922
2026-01-05,138100,9600,7.47,134600,138600,133600,42863376,42863376,0,5.84E+12,5.84E+12,0,8.18E+14,5919637922
2026-01-06,138900,800,0.58,135300,139300,132700,45321341,45321341,0,6.16E+12,6.16E+12,0,8.22E+14,5919637922
2026-01-07,141000,2100,1.51,143500,144400,137600,46317413,46317413,0,6.55E+12,6.55E+12,0,8.35E+14,5919637922
2026-01-08,138800,-2200,-1.56,138300,144500,138300,41449329,41449329,0,5.84E+12,5.84E+12,0,8.22E+14,5919637922
2026-01-09,139000,200,0.14,136000,140700,135200,29520566,29520566,0,4.07E+12,4.07E+12,0,8.23E+14,5919637922
2026-01-12,138800,-200,-0.14,141000,142000,136900,26271134,26271134,0,3.67E+12,3.67E+12,0,8.22E+14,5919637922
2026-01-13,137600,-1200,-0.86,139800,140200,136900,22384699,22384699,0,3.10E+12,3.10E+12,0,8.15E+14,5919637922
2026-01-14,140300,2700,1.96,137000,140300,136800,18444394,18444394,0,2.57E+12,2.57E+12,0,8.31E+14,5919637922
2026-01-15,143900,3600,2.57,139000,144000,138300,24701126,24701126,0,3.50E+12,3.50E+12,0,8.52E+14,5919637922
2026-01-16,148900,5000,3.47,145300,149500,144300,30000219,30000219,0,4.44E+12,4.44E+12,0,8.81E+14,5919637922
2026-01-19,149300,400,0.27,147200,150600,146600,22762497,22762497,0,3.38E+12,3.38E+12,0,8.84E+14,5919637922
2026-01-20,145200,-4100,-2.75,148500,149300,143900,24059218,24059218,0,3.51E+12,3.51E+12,0,8.60E+14,5919637922
2026-01-21,149500,4300,2.96,141900,149800,141800,31703610,31703610,0,4.68E+12,4.68E+12,0,8.85E+14,5919637922
2026-01-22,152300,2800,1.87,155000,157000,150800,32073624,32073624,0,4.95E+12,4.95E+12,0,9.02E+14,5919637922
2026-01-23,152100,-200,-0.13,154700,156000,150100,25407497,25407497,0,3.90E+12,3.90E+12,0,9.00E+14,5919637922
2026-01-26,152100,0,0,154900,156400,151500,20561689,20561689,0,3.15E+12,3.15E+12,0,9.00E+14,5919637922
2026-01-27,159500,7400,4.87,150500,159500,149200,29423670,29423670,0,4.57E+12,4.57E+12,0,9.44E+14,5919637922
2026-01-28,162400,2900,1.82,162600,163300,160200,29456431,29456431,0,4.77E+12,4.77E+12,0,9.61E+14,5919637922
2026-01-29,160700,-1700,-1.05,166200,166600,157100,36087223,36087223,0,5.83E+12,5.83E+12,0,9.51E+14,5919637922
2026-01-30,160500,-200,-0.12,160100,166500,160100,40557267,40557267,0,6.59E+12,6.59E+12,0,9.50E+14,5919637922
2026-02-02,150400,-10100,-6.29,155700,159600,150400,39748369,39748369,0,6.14E+12,6.14E+12,0,8.90E+14,5919637922
2026-02-03,167500,17100,11.37,157900,167500,157200,36529813,36529813,0,5.93E+12,5.93E+12,0,9.92E+14,5919637922
2026-02-04,169100,1600,0.96,163500,169400,163100,29943042,29943042,0,4.99E+12,4.99E+12,0,1.00E+15,5919637922
2026-02-05,159300,-9800,-5.8,162000,164000,158500,38435228,38435228,0,6.20E+12,6.20E+12,0,9.43E+14,5919637922
2026-02-06,158600,-700,-0.44,154100,160300,151600,36358081,36358081,0,5.66E+12,5.66E+12,0,9.39E+14,5919637922
2026-02-09,166400,7800,4.92,168600,168700,165000,25098971,25098971,0,4.19E+12,4.19E+12,0,9.85E+14,5919637922
2026-02-10,165800,-600,-0.36,167400,168100,165500,19369566,19369566,0,3.23E+12,3.23E+12,0,9.81E+14,5919637922
2026-02-11,167800,2000,1.21,164000,168600,162000,22760242,22760242,0,3.78E+12,3.78E+12,0,9.93E+14,5919637922
2026-02-12,178600,10800,6.44,171200,179600,170100,41296011,41296011,0,7.28E+12,7.28E+12,0,1.06E+15,5919637922
2026-02-13,181200,2600,1.46,179500,184400,178900,34454192,34454192,0,6.26E+12,6.26E+12,0,1.07E+15,5919637922
2026-02-19,190000,8800,4.86,188000,190900,187100,27049388,27049388,0,5.11E+12,5.11E+12,0,1.12E+15,5919637922
2026-02-20,190100,100,0.05,190000,190300,188600,24213880,24213880,0,4.59E+12,4.59E+12,0,1.13E+15,5919637922
2026-02-23,193000,2900,1.53,194400,197600,190500,26364684,26364684,0,5.11E+12,5.11E+12,0,1.14E+15,5919637922
2026-02-24,200000,7000,3.63,193000,200000,192000,28060617,28060617,0,5.54E+12,5.54E+12,0,1.18E+15,5919637922
2026-02-25,203500,3500,1.75,202500,206000,201000,26987996,26987996,0,5.47E+12,5.47E+12,0,1.20E+15,5919637922
2026-02-26,218000,14500,7.13,206500,219000,206000,30095763,30095763,0,6.45E+12,6.45E+12,0,1.29E+15,5919637922
2026-02-27,216500,-1500,-0.69,210000,223000,210000,51774768,51774768,0,1.12E+13,1.12E+13,0,1.28E+15,5919637922
2026-03-03,195100,-21400,-9.88,209500,212500,195100,54879010,54879010,0,1.12E+13,1.12E+13,0,1.15E+15,5919637922
2026-03-04,172200,-22900,-11.74,184200,195900,171900,89427954,89427954,0,1.62E+13,1.62E+13,0,1.02E+15,5919637922
2026-03-05,191600,19400,11.27,195000,199700,188100,53959129,53959129,0,1.05E+13,1.05E+13,0,1.13E+15,5919637922
2026-03-06,188200,-3400,-1.77,186100,189700,181000,29522650,29522650,0,5.50E+12,5.50E+12,0,1.11E+15,5919637922
2026-03-09,173500,-14700,-7.81,173500,175500,167300,43066020,43066020,0,7.38E+12,7.38E+12,0,1.03E+15,5919637922
2026-03-10,187900,14400,8.3,187600,191500,184300,33530170,33530170,0,6.30E+12,6.30E+12,0,1.11E+15,5919637922
2026-03-11,190000,2100,1.12,193000,194800,187700,24311356,24311356,0,4.67E+12,4.67E+12,0,1.12E+15,5919637922
2026-03-12,187900,-2100,-1.11,186600,190000,185900,20440753,20440753,0,3.83E+12,3.83E+12,0,1.11E+15,5919637922
2026-03-13,183500,-4400,-2.34,180000,186200,179900,19566331,19566331,0,3.59E+12,3.59E+12,0,1.09E+15,5919637922
2026-03-16,188700,5200,2.83,184600,189000,183600,19747901,19747901,0,3.68E+12,3.68E+12,0,1.12E+15,5919637922
2026-03-17,193900,5200,2.76,198000,198000,193100,20300082,20300082,0,3.98E+12,3.98E+12,0,1.15E+15,5919637922
2026-03-18,208500,14600,7.53,200500,209000,199700,25148481,25148481,0,5.15E+12,5.15E+12,0,1.23E+15,5919637922
2026-03-19,200500,-8000,-3.84,199900,205000,199600,19884483,19884483,0,4.00E+12,4.00E+12,0,1.19E+15,5919637922
2026-03-20,199400,-1100,-0.55,202000,202500,199000,35279762,35279762,0,7.02E+12,7.02E+12,0,1.18E+15,5919637922
2026-03-23,186300,-13100,-6.57,190500,191200,186300,30268173,30268173,0,5.71E+12,5.71E+12,0,1.10E+15,5919637922
2026-03-24,189700,3400,1.83,195500,196000,185500,25458914,25458914,0,4.84E+12,4.84E+12,0,1.12E+15,5919637922
2026-03-25,189000,-700,-0.37,193700,196400,189000,22995904,22995904,0,4.44E+12,4.44E+12,0,1.12E+15,5919637922
2026-03-26,180100,-8900,-4.71,185500,185900,178900,32074131,32074131,0,5.84E+12,5.84E+12,0,1.07E+15,5919637922
2026-03-27,179700,-400,-0.22,172100,181700,172000,29138966,29138966,0,5.12E+12,5.12E+12,0,1.06E+15,5919637922
2026-03-30,176300,-3400,-1.89,171000,176650,170600,22269147,22269147,0,3.88E+12,3.88E+12,0,1.04E+15,5919637922
2026-03-31,167200,-9100,-5.16,170000,174700,167000,38659593,38659593,0,6.55E+12,6.55E+12,0,9.90E+14,5919637922
2026-04-01,189600,22400,13.4,179000,190800,178000,32390251,32390251,0,5.98E+12,5.98E+12,0,1.12E+15,5919637922
2026-04-02,178400,-11200,-5.91,192600,193600,175000,38615231,38615231,0,7.05E+12,7.05E+12,0,1.06E+15,5919637922
2026-04-03,186200,7800,4.37,184200,187200,182700,20194447,20194447,0,3.74E+12,3.74E+12,0,1.10E+15,5919637922
2026-04-06,193100,6900,3.71,190900,194600,190100,20635958,20635958,0,3.97E+12,3.97E+12,0,1.14E+15,5919637922
2026-04-07,196500,3400,1.76,202000,202500,192400,30848053,30848053,0,6.06E+12,6.06E+12,0,1.16E+15,5919637922
2026-04-08,210500,14000,7.12,214000,214500,207500,35890973,35890973,0,7.57E+12,7.57E+12,0,1.25E+15,5919637922
2026-04-09,204000,-6500,-3.09,207000,207500,202000,42320839,42320839,0,8.66E+12,8.66E+12,0,1.21E+15,5919637922
2026-04-10,206000,2000,0.98,208500,211000,205500,18244459,18244459,0,3.79E+12,3.79E+12,0,1.22E+15,5919637922
2026-04-13,201000,-5000,-2.43,198200,203000,198200,19603415,19603415,0,3.94E+12,3.94E+12,0,1.19E+15,5919637922
2026-04-14,206500,5500,2.74,208000,210000,205500,23672078,23672078,0,4.92E+12,4.92E+12,0,1.21E+15,5846278608
2026-04-15,211000,4500,2.18,215000,215500,210000,24092884,24092884,0,5.15E+12,5.15E+12,0,1.23E+15,5846278608
2026-04-16,217500,6500,3.08,212000,218000,210500,21499788,21499788,0,4.64E+12,4.64E+12,0,1.27E+15,5846278608
2026-04-17,216000,-1500,-0.69,217000,218000,215000,18079322,18079322,0,3.91E+12,3.91E+12,0,1.26E+15,5846278608
2026-04-20,214500,-1500,-0.69,214500,219000,213000,17107741,17107741,0,3.69E+12,3.69E+12,0,1.25E+15,5846278608
2026-04-21,219000,4500,2.1,218000,220000,216000,16752132,16752132,0,3.66E+12,3.66E+12,0,1.28E+15,5846278608
2026-04-22,217500,-1500,-0.68,218500,222500,215500,16823480,16823480,0,3.67E+12,3.67E+12,0,1.27E+15,5846278608
2026-04-23,224500,7000,3.22,223000,229500,216000,34525485,34525485,0,7.74E+12,7.74E+12,0,1.31E+15,5846278608
2026-04-24,219500,-5000,-2.23,224000,225000,216500,19626666,19626666,0,4.31E+12,4.31E+12,0,1.28E+15,5846278608
2026-04-27,224500,5000,2.28,220000,226000,218500,22870374,22870374,0,5.11E+12,5.11E+12,0,1.31E+15,5846278608
2026-04-28,222000,-2500,-1.11,224000,226000,221500,18444490,18444490,0,4.11E+12,4.11E+12,0,1.30E+15,5846278608
2026-04-29,226000,4000,1.8,219500,228000,218500,20363756,20363756,0,4.54E+12,4.54E+12,0,1.32E+15,5846278608
2026-04-30,220500,-5500,-2.43,229000,230000,220500,22161975,22161975,0,4.98E+12,4.98E+12,0,1.29E+15,5846278608
2026-05-04,232500,12000,5.44,228000,232500,224000,32920816,32920816,0,7.53E+12,7.53E+12,0,1.36E+15,5846278608
2026-05-06,266000,33500,14.41,254000,270000,251000,53097996,53097996,0,1.39E+13,1.39E+13,0,1.56E+15,5846278608
2026-05-07,271500,5500,2.07,272000,277000,260000,41404687,41404687,0,1.11E+13,1.11E+13,0,1.59E+15,5846278608
2026-05-08,268500,-3000,-1.1,260000,270000,260000,25875880,25875880,0,6.86E+12,6.86E+12,0,1.57E+15,5846278608
2026-05-11,285500,17000,6.33,284500,288500,280000,36031094,36031094,0,1.03E+13,1.03E+13,0,1.67E+15,5846278608
2026-05-12,279000,-6500,-2.28,290000,291500,266000,41211149,41211149,0,1.15E+13,1.15E+13,0,1.63E+15,5846278608
2026-05-13,284000,5000,1.79,264000,285500,262000,35540134,35540134,0,9.80E+12,9.80E+12,0,1.66E+15,5846278608
2026-05-14,296000,12000,4.23,282000,299500,282000,39314752,39314752,0,1.15E+13,1.15E+13,0,1.73E+15,5846278608
2026-05-15,270500,-25500,-8.61,291000,296500,266000,38075487,38075487,0,1.07E+13,1.07E+13,0,1.58E+15,5846278608
2026-05-18,281000,10500,3.88,269500,288500,262000,33555214,33555214,0,9.32E+12,9.32E+12,0,1.64E+15,5846278608
2026-05-19,275500,-5500,-1.96,274000,281500,266000,30767569,30767569,0,8.43E+12,8.43E+12,0,1.61E+15,5846278608
2026-05-20,276000,500,0.18,278000,282500,263500,35662077,35662077,0,9.74E+12,9.74E+12,0,1.61E+15,5846278608
2026-05-21,299500,23500,8.51,291000,299500,287000,36168689,36168689,0,1.07E+13,1.07E+13,0,1.75E+15,5846278608
2026-05-22,292500,-7000,-2.34,300000,300500,292000,18395274,18395274,0,5.42E+12,5.42E+12,0,1.71E+15,5846278608
2026-05-26,299000,6500,2.22,298000,302000,297500,23441371,23441371,0,7.03E+12,7.03E+12,0,1.75E+15,5846278608
2026-05-27,307000,8000,2.68,321500,323000,306000,33916688,33916688,0,1.07E+13,1.07E+13,0,1.79E+15,5846278608
2026-05-28,299500,-7500,-2.44,305000,306500,287500,30195334,30195334,0,9.01E+12,9.01E+12,0,1.75E+15,5846278608
2026-05-29,317000,17500,5.84,309500,319000,305500,37241537,37241537,0,1.17E+13,1.17E+13,0,1.85E+15,5846278608
2026-06-01,349000,32000,10.09,319500,354500,319500,45052488,45052488,0,1.54E+13,1.54E+13,0,2.04E+15,5846278608
2026-06-02,360500,11500,3.3,360500,370000,342000,44720282,44720282,0,1.59E+13,1.59E+13,0,2.11E+15,5846278608
2026-06-04,351500,-9000,-2.5,349000,366000,348000,34771037,34771037,0,1.23E+13,1.23E+13,0,2.05E+15,5846278608
2026-06-05,329000,-22500,-6.4,333500,343000,325000,33725012,33725012,0,1.12E+13,1.12E+13,0,1.92E+15,5846278608
2026-06-08,295500,-33500,-10.18,293000,315500,292500,38929682,38929682,0,1.18E+13,1.18E+13,0,1.73E+15,5846278608
2026-06-09,322000,26500,8.97,310000,324000,300000,30124249,30124249,0,9.42E+12,9.42E+12,0,1.88E+15,5846278608
2026-06-10,302500,-19500,-6.06,311000,314500,295250,27050362,27050362,0,8.22E+12,8.22E+12,0,1.77E+15,5846278608
2026-06-11,299000,-3500,-1.16,290500,306500,287500,31420307,31420307,0,9.36E+12,9.36E+12,0,1.75E+15,5846278608
2026-06-12,322500,23500,7.86,326000,339000,320000,31006148,31006148,0,1.02E+13,1.02E+13,0,1.89E+15,5846278608
2026-06-15,337000,14500,4.5,342500,344500,334000,21500067,21500067,0,7.27E+12,7.27E+12,0,1.97E+15,5846278608
2026-06-16,343000,6000,1.78,343000,345500,332500,17548685,17548685,0,5.97E+12,5.97E+12,0,2.01E+15,5846278608
2026-06-17,346500,3500,1.02,332000,348000,331500,18134051,18134051,0,6.15E+12,6.15E+12,0,2.03E+15,5846278608
2026-06-18,362500,16000,4.62,345000,363000,344500,32764450,32764450,0,1.16E+13,1.16E+13,0,2.12E+15,5846278608
2026-06-19,354000,-8500,-2.34,372500,374500,346250,43284898,43284898,0,1.56E+13,1.56E+13,0,2.07E+15,5846278608
2026-06-22,353500,-500,-0.14,343000,363000,342000,24330451,24330451,0,8.59E+12,8.59E+12,0,2.07E+15,5846278608
2026-06-23,310000,-43500,-12.31,347500,353000,310000,41266630,41266630,0,1.37E+13,1.37E+13,0,1.81E+15,5846278608
2026-06-24,340500,30500,9.84,314000,341000,314000,47809959,47809959,0,1.58E+13,1.58E+13,0,1.99E+15,5846278608
2026-06-25,358500,18000,5.29,359500,362500,352000,36157158,36157158,0,1.30E+13,1.30E+13,0,2.10E+15,5846278608
2026-06-26,339500,-19000,-5.3,354000,356500,321500,39735951,39735951,0,1.34E+13,1.34E+13,0,1.98E+15,5846278608
2026-06-29,323000,-16500,-4.86,331000,335500,316000,35436521,35436521,0,1.15E+13,1.15E+13,0,1.89E+15,5846278608
2026-06-30,334000,11000,3.41,323500,343000,321000,29237216,29237216,0,9.72E+12,9.72E+12,0,1.95E+15,5846278608
2026-07-01,314500,-19500,-5.84,334500,339000,311500,24968382,24968382,0,8.02E+12,8.02E+12,0,1.84E+15,5846278608
2026-07-02,286000,-28500,-9.06,290000,304000,281500,38905074,38905074,0,1.14E+13,1.14E+13,0,1.67E+15,5846278608
2026-07-03,309500,23500,8.22,288500,313000,283500,31520538,31520538,0,9.45E+12,9.45E+12,0,1.81E+15,5846278608
2026-07-06,318000,8500,2.75,320000,325000,303000,23872879,23872879,0,7.52E+12,7.52E+12,0,1.86E+15,5846278608
2026-07-07,296000,-22000,-6.92,307000,310000,286000,32421032,32421032,0,9.58E+12,9.58E+12,0,1.73E+15,5846278608
2026-07-08,277500,-18500,-6.25,285500,300000,273500,33525758,33525758,0,9.56E+12,9.56E+12,0,1.62E+15,5846278608
2026-07-09,278000,500,0.18,288500,291500,267500,29703616,29703616,0,8.32E+12,8.32E+12,0,1.63E+15,5846278608
2026-07-10,285000,7000,2.52,291000,298000,282000,20088811,20088811,0,5.82E+12,5.82E+12,0,1.67E+15,5846278608
2026-07-13,254500,-30500,-10.7,285000,292500,253000,31882652,31882652,0,8.46E+12,8.46E+12,0,1.49E+15,5846278608
2026-07-14,263000,8500,3.34,255000,270000,247000,40086496,40086496,0,1.04E+13,1.04E+13,0,1.54E+15,5846278608
2026-07-15,279500,16500,6.27,283500,284500,273000,24873414,24873414,0,6.95E+12,6.95E+12,0,1.63E+15,5846278608
2026-07-16,255000,-24500,-8.77,264500,265500,252500,27001478,27001478,0,6.94E+12,6.94E+12,0,1.49E+15,5846278608
2026-07-20,244000,-11000,-4.31,241000,257500,240000,26804038,26804038,0,6.61E+12,6.61E+12,0,1.43E+15,5846278608
2026-07-21,259000,15000,6.15,247000,263500,243000,20386896,20386896,0,5.22E+12,5.22E+12,0,1.51E+15,5846278608
2026-07-22,260500,1500,0.58,276000,276000,260000,22292003,22292003,0,6.02E+12,6.02E+12,0,1.52E+15,5846278608
2026-07-23,270000,9500,3.65,269000,273000,263000,16011816,16011816,0,4.31E+12,4.31E+12,0,1.58E+15,5846278608
2026-07-24,249500,-20500,-7.59,266000,266500,247000,26175580,26175580,0,6.63E+12,6.63E+12,0,1.46E+15,5846278608
2026-07-27,254000,4500,1.8,257000,258500,246000,23296044,23296044,0,5.86E+12,5.86E+12,0,1.48E+15,5846278608
2026-07-28,220000,-34000,-13.39,238500,240000,218500,41639623,41639623,0,9.40E+12,9.40E+12,0,1.29E+15,5846278608
2026-07-29,208500,-11500,-5.23,226500,234000,189200,65555523,65555523,0,1.37E+13,1.37E+13,0,1.22E+15,5846278608
2026-07-30,207000,-1500,-0.72,214000,226000,202000,46694193,46694193,0,9.92E+12,9.92E+12,0,1.21E+15,5846278608
2026-07-31,262500,55500,26.81,257000,267000,243000,58478873,58478873,0,1.49E+13,1.49E+13,0,1.53E+15,5846278608
2026-08-03,239500,-23000,-8.76,248000,249500,238000,27825493,27825493,0,6.74E+12,6.74E+12,0,1.40E+15,5846278608
2026-08-04,240000,500,0.21,244500,244500,228000,29433821,29433821,0,6.92E+12,6.92E+12,0,1.40E+15,5846278608
2026-08-05,246000,6000,2.5,254000,254500,244000,22577128,22577128,0,5.61E+12,5.61E+12,0,1.44E+15,5846278608
2026-08-06,230500,-15500,-6.3,241500,246000,228000,26101823,26101823,0,6.09E+12,6.09E+12,0,1.35E+15,5846278608
2026-08-07,231000,500,0.22,235000,239500,229000,20546010,20546010,0,4.79E+12,4.79E+12,0,1.35E+15,5846278608
2026-08-10,230000,-1000,-0.43,236000,238500,228500,16327805,16327805,0,3.78E+12,3.78E+12,0,1.34E+15,5846278608
2026-08-11,239500,9500,4.13,229500,243000,227500,23310969,23310969,0,5.54E+12,5.54E+12,0,1.40E+15,5846278608
2026-08-12,255500,16000,6.68,243500,260500,241000,27102479,27102479,0,6.87E+12,6.87E+12,0,1.49E+15,5846278608
2026-08-13,268000,12500,4.89,267500,271000,262500,35530867,35530867,0,9.52E+12,9.52E+12,0,1.57E+15,5846278608
2026-08-14,274500,6500,2.43,275000,275500,266000,21669476,21669476,0,5.87E+12,5.87E+12,0,1.60E+15,5846278608
2026-08-18,268500,-6000,-2.19,283000,288000,265000,24464621,24464621,0,6.74E+12,6.74E+12,0,1.57E+15,5846278608
2026-08-19,247500,-21000,-7.82,251500,254500,246500,22788552,22788552,0,5.68E+12,5.68E+12,0,1.45E+15,5846278608
2026-08-20,271000,23500,9.49,257000,273000,252500,26095919,26095919,0,6.96E+12,6.96E+12,0,1.58E+15,5846278608
2026-08-21,281500,10500,3.87,267000,285000,266000,27746471,27746471,0,7.70E+12,7.70E+12,0,1.65E+15,5846278608
2026-08-24,257000,-24500,-8.7,271500,272000,255000,32451940,32451940,0,8.46E+12,8.46E+12,0,1.50E+15,5846278608
2026-08-25,257000,0,0,249000,258000,245000,21617407,21617407,0,5.45E+12,5.45E+12,0,1.50E+15,5846278608
2026-08-26,261500,4500,1.75,256500,266500,255500,19532523,19532523,0,5.11E+12,5.11E+12,0,1.53E+15,5846278608
2026-08-27,266000,4500,1.72,270000,271000,262500,16829395,16829395,0,4.49E+12,4.49E+12,0,1.56E+15,5846278608
2026-08-28,257000,-9000,-3.38,262500,266000,256000,15106746,15106746,0,3.93E+12,3.93E+12,0,1.50E+15,5846278608
2026-08-31,260000,3000,1.17,249000,260000,246000,18270969,18270969,0,4.65E+12,4.65E+12,0,1.52E+15,5846278608
2026-09-01,261000,1000,0.38,256500,262500,254000,15319615,15319615,0,3.98E+12,3.98E+12,0,1.53E+15,5846278608
2026-09-02,250500,-10500,-4.02,252000,255500,249500,15176841,15176841,0,3.83E+12,3.83E+12,0,1.46E+15,5846278608
2026-09-03,250000,-500,-0.2,254000,255000,243000,13756022,13756022,0,3.45E+12,3.45E+12,0,1.46E+15,5846278608
2026-09-04,255500,5500,2.2,254000,259000,252500,14031862,14031862,0,3.59E+12,3.59E+12,0,1.49E+15,5846278608
2026-09-07,270000,14500,5.68,267000,270000,264000,18314016,18314016,0,4.90E+12,4.90E+12,0,1.58E+15,5846278608
2026-09-08,269500,-500,-0.19,272000,279000,269000,22716517,22716517,0,6.24E+12,6.24E+12,0,1.58E+15,5846278608
2026-09-09,269500,0,0,269500,275000,267500,16370962,16370962,0,4.44E+12,4.44E+12,0,1.58E+15,5846278608
2026-09-10,269000,-500,-0.19,269000,270500,263500,22517075,22517075,0,6.03E+12,6.03E+12,0,1.57E+15,5846278608
2026-09-11,259500,-9500,-3.53,258000,261500,256500,13939111,13939111,0,3.61E+12,3.61E+12,0,1.52E+15,5846278608
2026-09-14,249000,-10500,-4.05,249500,254500,248500,17776098,16582678,1193420,4.45E+12,4.16E+12,2.96E+11,1.46E+15,5846278608
2026-09-15,250500,1500,0.6,248000,252000,247500,5874508,5874508,0,1.47E+12,1.47E+12,0,1.46E+15,5846278608
