DATE,observed,trend,seasonal,resid
2018-05-04,51900.0,51500.884675194706,283.4140249099831,115.70129989531415
2018-05-07,52425.0,52022.634164112715,-158.04950749930168,560.4153433865868
2018-05-08,52600.0,51754.29216638387,303.9236714286354,541.7841621874904
2018-05-09,50900.0,51479.39341513767,-402.3111703972308,-177.08224474043527
2018-05-10,51600.0,51195.130550041664,-14.730938814409036,419.600388772742
2018-05-11,51300.0,50899.79532253271,237.34826557616753,162.85641189112357
2018-05-14,50100.0,50530.185648753344,-111.68036996183145,-318.50527879151196
2018-05-15,49200.0,50192.621747748606,161.61843394661804,-1154.240181695226
2018-05-16,49850.0,49950.109032959954,-152.78588365722743,52.67685069727304
2018-05-17,49400.0,49924.131471559835,-117.5937561444529,-406.537715415383
2018-05-18,49500.0,50123.88114923864,194.17207314995053,-818.0532223885893
2018-05-21,50000.0,50436.414797437516,-63.43393003240608,-372.98086740510917
2018-05-22,50900.0,50807.755311718014,32.14804564106878,60.09664264091407
2018-05-23,51800.0,51207.985954959,52.810647175184286,539.2033978658219
2018-05-24,51400.0,51520.61618343905,-205.72942191208037,85.11323847302992
2018-05-25,52700.0,51703.819322525094,100.16783618846924,896.012841286436
2018-05-28,52300.0,51731.6691430725,-2.7541496905111984,571.0850066180137
2018-05-29,51300.0,51623.659699602285,-49.04355720333132,-274.61614239895425
2018-05-30,49500.0,51453.07478707197,237.5108067214872,-2190.585593793461
2018-05-31,50700.0,51277.59922322336,-261.60504875861295,-315.99417446475127
2018-06-01,51300.0,51131.20741251769,27.103563446049982,141.6890240362627
2018-06-04,51100.0,51021.41301792578,45.41588229566956,33.1710997785558
2018-06-05,51300.0,50886.57190859407,23.482059032371836,389.9460323735548
2018-06-06,50950.0,50695.600581849045,210.40033397632178,43.999084174633026
2018-06-07,50600.0,50417.108365538625,-155.61404731406702,338.5056817754448
2018-06-08,49650.0,50053.19580700044,-44.64562677214312,-358.5501802282961
2018-06-11,49900.0,49621.047971927204,-114.67667952412725,393.62870759692305
2018-06-12,49400.0,49159.56968637247,75.13014522396392,165.30016840356257
2018-06-13,48800.0,48689.70890210627,173.95800283238896,-63.6669049386619
2018-06-14,48200.0,48228.05429230431,-1.7398056016256476,-26.314486702685826
2018-06-15,47650.0,47787.5935455125,-49.219540075190096,-88.37400543731201
2018-06-18,46600.0,47429.98666136094,-319.78685924465447,-510.1998021162872
2018-06-19,47000.0,47190.65914470328,55.6707783097872,-246.32992301306513
2018-06-20,47000.0,47056.62417705417,314.12591130089186,-370.75008835506014
2018-06-21,47050.0,47013.87599271315,60.403746178618796,-24.27973889176792
2018-06-22,47250.0,47042.774760922875,25.13341728116338,182.09182179596246
2018-06-25,46650.0,47068.757092262655,-492.4859341737845,73.72884191112826
2018-06-26,47000.0,47034.56785445877,37.767946275326906,-72.33580073410121
2018-06-27,47950.0,46913.68263406538,347.51885740733564,688.7985085272885
2018-06-28,46800.0,46737.89776807934,12.431230915866301,49.67100100479729
2018-06-29,46650.0,46541.690449653936,77.94575999381036,30.363790352254
2018-07-02,45550.0,46347.42228663936,-476.49308012726806,-320.9292065120899
2018-07-03,46150.0,46162.3434702698,36.70393473763647,-49.047405007433554
2018-07-04,46250.0,46027.7178004367,328.0035393259367,-105.72133976264013
2018-07-05,45950.0,45970.320497652094,-53.68275817245471,33.362260520363634
2018-07-06,44900.0,45948.76108101971,207.3150931764089,-1256.0761741961178
2018-07-09,45600.0,45919.734668063276,-366.36737829190616,46.63271022863046
2018-07-10,46300.0,45923.46632185456,-71.59022731307219,448.1239054585094
2018-07-11,46000.0,45970.34819053889,140.50426412763142,-110.85245466652123
2018-07-12,45500.0,46024.7983891093,-1.7707065027471156,-523.0276826065528
2018-07-13,46500.0,46086.343770243424,319.7918584930691,93.86437126350938
2018-07-16,46050.0,46196.677743644366,-223.42920465430097,76.75146100993152
2018-07-17,45850.0,46360.74722704644,-182.46336744752315,-328.283859598916
2018-07-18,46550.0,46505.39202452615,-27.137717164322297,71.7456926381783
2018-07-19,46900.0,46580.1648961997,16.315187370877076,303.5199164294245
2018-07-20,47450.0,46609.761537204184,393.6542165906038,446.58424620520964
2018-07-23,46500.0,46629.046778438715,-151.1631711303614,22.116392691648798
2018-07-24,46150.0,46622.32293410069,-232.86487278363649,-239.45806131705467
2018-07-25,46150.0,46590.20400824628,28.021152878587205,-468.2251611248648
2018-07-26,46900.0,46550.650713307106,77.18137978765367,272.16790690524067
2018-07-27,46900.0,46520.11835507877,200.83409185384636,179.04755306738662
2018-07-30,46500.0,46463.034520655805,-193.0387184967005,230.004197840899
2018-07-31,46250.0,46360.02437977826,-89.1463160133698,-20.878063764888793
2018-08-01,46550.0,46240.006441802456,139.3303903893973,170.66316780814668
2018-08-02,45550.0,46170.09007063341,136.8453729865313,-756.9354436199355
2018-08-03,45750.0,46159.957541062824,-72.99384977937231,-336.96369128345395
2018-08-06,45800.0,46187.39117788452,-283.9292561940343,-103.46192169049027
2018-08-07,46700.0,46195.964713348425,76.55757434151175,427.4777123100648
2018-08-08,46800.0,46152.77169325145,304.73345775108726,342.4948489974631
2018-08-09,46900.0,46005.49895213954,109.97055212585526,784.5304957346016
2018-08-10,45400.0,45733.7246767354,-249.96807980882585,-83.75659692657791
2018-08-13,45050.0,45376.58679274301,-393.06059287898654,66.47380013598013
2018-08-14,45150.0,45021.48552061573,88.74740249966278,39.76707688460738
2018-08-15,44700.0,44738.42316028888,347.6624250531909,-386.0855853420726
2018-08-16,44250.0,44577.21719475144,212.13798837298341,-539.3551831244258
2018-08-17,44100.0,44587.43900019673,-154.9686556200511,-332.47034457667905
2018-08-20,43850.0,44773.32585175509,-381.68593681858727,-541.6399149365025
2018-08-21,44800.0,45078.11085817018,-5.885132195451986,-272.22572597472754
2018-08-22,46100.0,45441.597443209444,139.28648499283054,519.1160717977255
2018-08-23,46200.0,45813.85224597211,169.01847265015675,217.1292813777327
2018-08-24,46150.0,46159.595063635745,204.56574831974345,-214.1608119554876
2018-08-27,46300.0,46467.24660384026,-298.09178802289125,130.8451841826245
2018-08-28,46550.0,46746.596108998696,-55.69642399316147,-140.89968500553368
2018-08-29,46800.0,47019.18328731927,-66.88515395383254,-152.29813336543884
2018-08-30,47650.0,47250.46782939818,5.149674623008616,394.38249597881077
2018-08-31,48450.0,47364.12607306528,435.7461414493794,650.1277854853397
2018-09-03,47450.0,47353.03515190843,-164.60578207110734,261.57063016267784
2018-09-04,47650.0,47230.938041130634,-79.82609670355498,498.88805557291926
2018-09-05,46600.0,46931.4734748794,-261.872688189287,-69.60078669011273
2018-09-06,46100.0,46487.48441141183,-92.48219157769248,-295.0022198341394
2018-09-07,44900.0,46007.78642057724,571.552960470773,-1679.339381048012
2018-09-10,45500.0,45579.1793790765,-108.13585390176047,28.956474825259647
2018-09-11,45050.0,45279.40024561588,-97.98194908113007,-131.41829653474997
2018-09-12,44550.0,45152.854962316655,-304.5747040438256,-298.28025827282545
2018-09-13,44050.0,45171.494207706855,-30.283121370313246,-1091.2110863365451
2018-09-14,45850.0,45310.99177569286,514.9929539401893,24.015270366944605
2018-09-17,45150.0,45597.83817303926,-77.95898736149843,-369.8791856777607
2018-09-18,45500.0,45967.47448520833,-132.36238371081737,-335.11210149751423
2018-09-19,46150.0,46340.28407984761,-197.93499060664993,7.650910759039107
2018-09-20,47250.0,46704.136199688684,22.41941460001479,523.4443857113001
2018-09-21,47400.0,47031.70845189612,240.15597964897498,128.1355684549053
2018-09-24,47450.0,47249.72305847137,-26.24193485903404,226.51887638766493
2018-09-25,47466.666666666664,47293.50491779188,-91.38716941154617,264.5489182863312
2018-09-26,47483.333333333336,47173.151160213114,-24.794288928832344,334.9764620490532
2018-09-27,47500.0,46928.195975850955,2.96408524997819,568.8399388990656
2018-09-28,46450.0,46579.0571037076,-7.148749495349485,-121.90835421225347
2018-10-01,46350.0,46169.57195519361,44.71622815602073,135.7118166503642
2018-10-02,45700.0,45765.391011527456,43.591743788188836,-108.98275531564286
2018-10-03,45200.0,45425.61330872109,224.2356788182571,-449.84898753934976
2018-10-04,44700.0,45177.28044143696,-344.56386134894535,-132.7165800880175
2018-10-05,44700.0,44994.74360340396,-50.55620741121083,-244.18739599274704
2018-10-08,44950.0,44826.599808997344,113.81235487955131,9.58783612310799
2018-10-09,45125.0,44647.08713655613,103.87081395958516,374.0420494842838
2018-10-10,45300.0,44443.34442203798,325.5033000915557,531.1522778704602
2018-10-11,43100.0,44226.752452304274,-659.4676586599979,-467.28479364427767
2018-10-12,44000.0,44025.84440518556,123.51528877190555,-149.35969395747088
2018-10-15,43800.0,43871.99479489473,112.699627980407,-184.69442287513812
2018-10-16,43600.0,43764.64313923393,126.26452540583,-290.9076646397589
2018-10-17,44150.0,43688.86771827358,305.9471524899934,155.18512923642993
2018-10-18,44050.0,43579.42493439459,-857.7855830933764,1328.3606486987846
2018-10-19,43900.0,43401.34530268567,427.49397686530284,71.16072044902103
2018-10-22,43550.0,43173.248672900656,64.2957501210409,312.4555769783037
2018-10-23,43050.0,42939.795051196284,69.64235266785779,40.562596135860076
2018-10-24,42550.0,42688.555105574196,141.29432998221782,-279.84943555641075
2018-10-25,41000.0,42427.90071076604,-810.1624380806368,-617.7382726854048
2018-10-26,41000.0,42241.89831710347,536.7085812362452,-1778.6068983397126
2018-10-29,41400.0,42250.2549063481,160.8614061026081,-1011.1163124507075
2018-10-30,42350.0,42443.230585903424,29.621599879654944,-122.85218578307831
2018-10-31,42400.0,42712.586078956665,-56.663206037506654,-255.92287291916
2018-11-01,42150.0,42975.01983004533,-671.8270892783163,-153.19274076700822
2018-11-02,44150.0,43262.9970533136,507.9732129477391,379.02973373865825
2018-11-05,43800.0,43559.4286293175,227.1738195857709,13.39755109672842
2018-11-06,43750.0,43812.39761490543,-15.534292596112618,-46.863322309312935
2018-11-07,44000.0,44022.526100193005,-205.39851807073117,182.87241787772655
2018-11-08,44050.0,44191.17044730228,-367.0559198566094,225.88547255433514
2018-11-09,44300.0,44318.98989761236,344.9747666100702,-363.9646642224325
2018-11-12,45200.0,44383.017010486656,276.32336539655853,540.6596241167863
2018-11-13,44500.0,44366.06327541695,-49.24529630577837,183.18202088883118
2018-11-14,44100.0,44253.677109554934,-239.59944193912668,85.9223323841943
2018-11-15,44250.0,44036.63479623486,-102.11394930539078,315.47915307053336
2018-11-16,44000.0,43725.886146661935,3.8480572907590513,270.26579604730796
2018-11-19,43650.0,43386.36537319469,298.5538488414907,-34.919222036180145
2018-11-20,42800.0,43067.16353711653,28.717199879447534,-295.88073699598317
2018-11-21,42100.0,42802.34211304007,-165.56460033485587,-536.7775127052082
2018-11-22,42450.0,42648.537314801484,-1.1843966612108403,-197.35291814027005
2018-11-23,42400.0,42630.10177533642,-183.22388065129059,-46.87789468513074
2018-11-26,42600.0,42691.720251688734,230.8022854138019,-322.52253710253717
2018-11-27,43050.0,42744.34840546642,98.08958430619327,207.56201022738242
2018-11-28,43150.0,42769.4404087888,-47.05038393484709,427.6099751460424
2018-11-29,43150.0,42718.61692510084,-35.42467814263071,466.80775304179406
2018-11-30,41850.0,42527.33315233304,-246.53273726461953,-430.800415068421
2018-12-03,43250.0,42196.447999865915,83.16092937992411,970.3910707541581
2018-12-04,42150.0,41823.04737832628,118.90587779944062,208.04674387427804
2018-12-05,41450.0,41444.76031536923,152.8047184782516,-147.56503384748066
2018-12-06,40500.0,41089.42841018288,-22.548804191911067,-566.8796059909728
2018-12-07,40950.0,40773.3995892992,-299.96229521421134,476.5627059150065
2018-12-10,40200.0,40505.13484935241,59.1695714037824,-364.30442075619794
2018-12-11,40250.0,40251.838321372714,71.97416761051606,-73.81248898323247
2018-12-12,40450.0,39991.56923130634,201.21542092979288,257.215347763864
2018-12-13,40000.0,39724.94417534745,-82.3234487183173,357.3792733708615
2018-12-14,38950.0,39486.50154504675,-171.33311810212217,-365.16842694462684
2018-12-17,39150.0,39257.88543050779,27.310983831999298,-135.19641433979268
2018-12-18,38900.0,39054.01001222361,32.85576003136857,-186.86577225497604
2018-12-19,39100.0,38908.515357700744,184.14013139659514,7.34451090265793
2018-12-20,38650.0,38811.5791979949,-147.3132445889095,-14.26595340599306
2018-12-21,38650.0,38718.678727979044,-112.52532534676854,43.84659736772301
2018-12-24,38800.0,38638.757052531844,89.16062718251979,72.08232028563361
2018-12-25,38575.0,38588.80387452649,1.076831887270508,-14.880706413765438
2018-12-26,38350.0,38566.07480481956,197.56712063334254,-413.6419254529028
2018-12-27,38250.0,38563.594611365246,-233.88641815106672,-79.70819321418094
2018-12-28,38700.0,38563.87593200532,-61.67646190346837,197.8005298981443
2018-12-31,38730.0,38541.03939158922,118.89874444776339,70.06186396301928
2019-01-01,38740.0,38495.58789922246,-64.22010728671461,308.6322080642567
2019-01-02,38750.0,38442.82929511668,177.58744822571654,129.5832566576064
2019-01-03,37600.0,38407.98269579181,-215.3626543634639,-592.6200414283448
2019-01-04,37450.0,38469.77965743026,68.21539469913333,-1087.995052129394
2019-01-07,38750.0,38679.357086280645,60.94085536835585,9.702058351002051
2019-01-08,38100.0,39012.50870148171,-125.84224405931334,-786.6664574223978
2019-01-09,39600.0,39379.5577684422,164.4880344306343,55.954197127161024
2019-01-10,39800.0,39771.43941336926,-170.77350763895387,199.33409426968865
2019-01-11,40500.0,40197.75935190573,118.88053717104157,183.36011092322588
2019-01-14,40050.0,40634.0047709005,61.116255792879485,-645.1210266933776
2019-01-15,41100.0,41046.51524163957,-244.809171574956,298.29392993538204
2019-01-16,41450.0,41439.008168950175,155.0689111959814,-144.0770801461549
2019-01-17,41950.0,41769.854235609804,-149.35054124505413,329.4963056352499
2019-01-18,42300.0,42026.871572773714,200.52808772608788,72.60033950019715
2019-01-21,42750.0,42301.90362347367,8.727724085091822,439.36865244124056
2019-01-22,42150.0,42730.98221281166,-210.3527837218033,-370.6294290898513
2019-01-23,42000.0,43288.125528647426,176.6383397339807,-1464.7638683814075
2019-01-24,43050.0,43915.98748914088,-96.17735520692155,-769.8101339339628
2019-01-25,44750.0,44539.394006465875,99.01693599926728,111.58905753486033
2019-01-28,45050.0,45073.08303015809,-20.69423332064088,-2.38879683745472
2019-01-29,45500.0,45469.530966222825,-108.66646500235001,139.13549877952755
2019-01-30,46400.0,45803.32588037885,201.9594570369778,394.7146625841706
2019-01-31,46150.0,46056.75366085277,30.229995682585272,63.01634346463834
2019-02-01,46350.0,46190.9764239393,-127.95864312645881,286.98221918716445
2019-02-04,46275.0,46209.033666561176,-180.09878521141079,246.0651186502364
2019-02-05,46250.0,46126.27387986727,-55.35536556709086,179.0814856998186
2019-02-06,46225.0,45992.17349456849,266.3965177451844,-33.570012313670304
2019-02-07,46200.0,45869.0314842147,273.02348197069,57.94503381461254
2019-02-08,44800.0,45803.34209390406,-235.3658245532501,-767.9762693508092
2019-02-11,45000.0,45818.23452553645,-239.5966696065617,-578.6378559298901
2019-02-12,46050.0,45908.02542900549,-74.18181979198384,216.15639078649838
2019-02-13,46200.0,46044.803511034974,247.76463567238125,-92.56814670735184
2019-02-14,47500.0,46184.9817278927,289.48113368056795,1025.5371384267346
2019-02-15,46050.0,46312.3730794642,-250.38605640585706,-11.987023058347404
2019-02-18,46200.0,46423.84359934368,-152.0760642319957,-71.76753511168499
2019-02-19,45950.0,46540.60881146622,-102.7445840852271,-487.8642273809892
2019-02-20,46900.0,46654.903774788116,222.28579756536487,22.810427646516473
2019-02-21,46950.0,46772.89358335731,186.5664156749421,-9.459999032253108
2019-02-22,47150.0,46836.7479145805,-170.68364089646434,483.9357263159691
2019-02-25,47350.0,46756.785106122436,-48.750968576928614,641.96586245449
2019-02-26,46750.0,46504.445102645346,-87.18343412005265,332.7383314747058
2019-02-27,46750.0,46121.06916116772,134.38538741365076,494.5454514186349
2019-02-28,45100.0,45663.13381720808,36.929413050303836,-600.0632302583836
2019-03-01,45037.5,45201.837752440006,-69.8790712172426,-94.45868122276443
2019-03-04,44850.0,44810.65803664651,-27.21397882466676,66.55594217815087
2019-03-05,44250.0,44514.12864681324,44.86372517630527,-308.99237198954506
2019-03-06,44000.0,44309.5799600366,15.59263827679989,-325.172598313402
2019-03-07,44450.0,44174.01808735272,29.82900044252592,246.15291220475046
2019-03-08,43800.0,44091.58359451078,-13.020414224645362,-278.56318028613896
2019-03-11,43650.0,44043.50376015587,-97.12258857653894,-296.3811715793345
2019-03-12,44650.0,44015.20417838433,72.39457807019998,562.4012435454715
2019-03-13,43850.0,43996.301685417115,-110.9707675753726,-35.3309178417403
2019-03-14,43850.0,43989.12820720449,191.58872377715565,-330.7169309816454
2019-03-15,44200.0,43996.03415723172,-48.96293545551201,252.92877822379523
2019-03-18,43700.0,44049.32565880498,-144.82009044656388,-204.50556835841417
2019-03-19,43900.0,44178.414923391385,65.74667545022739,-344.1615988416088
2019-03-20,44050.0,44412.4197477637,-55.927313293786845,-306.4924344699102
2019-03-21,45850.0,44707.79217934211,208.24288135410785,933.9649393037835
2019-03-22,46550.0,45003.77394785,-72.39562379688267,1618.6216759468807
2019-03-25,45500.0,45187.16481079803,-157.0655169725971,469.90070617456513
2019-03-26,45250.0,45218.22130470077,-23.629123751473195,55.407819050706166
2019-03-27,45350.0,45171.579822993466,55.58846019154232,122.83171681498789
2019-03-28,44850.0,45181.412511838724,169.61849822228754,-501.0310100610077
2019-03-29,44650.0,45291.81454562445,-73.35559756148096,-568.4589480629729
2019-04-01,45050.0,45517.03406331565,-87.69290444804653,-379.34115886760264
2019-04-02,45750.0,45828.77102005947,-14.622324947185682,-64.1486951122788
2019-04-03,46600.0,46155.556991896075,180.91912039645138,263.5238877074735
2019-04-04,46950.0,46419.51887606658,-45.636597182366174,576.1177211157919
2019-04-05,46850.0,46588.149841087215,-133.79735477603464,395.64751368881844
2019-04-08,46650.0,46664.01787395826,-41.11953706714225,27.10166310887871
2019-04-09,46650.0,46683.881716442054,102.02196039958662,-135.90367684164084
2019-04-10,46700.0,46692.9743947299,234.896056886263,-227.8704516161597
2019-04-11,46250.0,46724.52940772937,-240.69942708874544,-233.8299806406285
2019-04-12,46850.0,46761.24529382208,-129.55552164816845,218.31022782608488
2019-04-15,47050.0,46737.157630221074,80.28815023364498,232.55421954527992
2019-04-16,47250.0,46607.26258501209,166.55718064080156,476.1802343471063
2019-04-17,47050.0,46366.55350662675,152.22821244945732,531.2182809237929
2019-04-18,45600.0,46041.2767696041,-360.25320493608746,-81.02356466800848
2019-04-19,45300.0,45687.44386761654,-193.05075547229632,-194.3931121442438
2019-04-22,45350.0,45376.05959645473,227.88481591815008,-253.94441237288265
2019-04-23,45200.0,45172.37116692663,246.63963143280455,-219.010798359428
2019-04-24,44750.0,45112.25905768204,152.87024593092679,-515.1293036129646
2019-04-25,44650.0,45159.7999844281,-402.7149219430953,-107.08506248500635
2019-04-26,44850.0,45275.995363619004,-227.00391715324523,-198.99144646575587
2019-04-29,46150.0,45429.01846228162,230.6898120387268,490.29172567964997
2019-04-30,45850.0,45557.130842783095,282.3284075132676,10.54074970363581
2019-05-01,45875.0,45568.38352086282,175.85791406674159,130.758565070435
2019-05-02,45900.0,45434.2702177001,-477.1397820573667,942.8695643572719
2019-05-03,45300.0,45165.95510473805,-244.145657467282,378.1905527292329
2019-05-06,44962.5,44796.336563119636,166.85032301240085,-0.6868861320399446
2019-05-07,44850.0,44363.97235694111,333.94577315625406,152.0818699026422
2019-05-08,44250.0,43918.66019969295,299.47214887963827,31.867651427412056
2019-05-09,42450.0,43478.58090808428,-477.6299197893318,-550.9509882949496
2019-05-10,42900.0,43065.705788118044,-279.57660439024914,113.87081627220323
2019-05-13,42650.0,42712.09323762661,12.605180777427364,-74.69841840403387
2019-05-14,42650.0,42435.44667053258,378.8306227013207,-164.27729323390668
2019-05-15,42550.0,42251.380366061996,392.7560306094145,-94.13639667141251
2019-05-16,41550.0,42178.20235800164,-412.0779546835016,-216.1244033181356
2019-05-17,41200.0,42227.67480336581,-305.75941490935014,-721.9153884564585
2019-05-20,42000.0,42361.34007151299,-11.608034936363069,-349.73203657662816
2019-05-21,43150.0,42546.109031740394,294.2243143766922,309.66665388291585
2019-05-22,43500.0,42717.94897324859,279.25290401911474,502.7981227322962
2019-05-23,43850.0,42805.99533595787,-266.1613425127782,1310.1660065549077
2019-05-24,42700.0,42785.55953992862,-358.33181091705814,272.77227098844014
2019-05-27,42650.0,42695.259076927825,104.18771057719725,-149.446787505025
2019-05-28,42550.0,42630.94909889315,194.0482454368515,-274.9973443300041
2019-05-29,41800.0,42661.99237911497,192.20976040619666,-1054.2021395211705
2019-05-30,42550.0,42782.15235321045,-130.30908728837858,-101.84326592207071
2019-05-31,42500.0,42997.285344583695,-291.69766268044174,-205.58768190325645
2019-06-03,43800.0,43269.789533652474,179.3186360717936,350.8918302757302
2019-06-04,43450.0,43554.032822050074,98.80530236282482,-202.83812441289774
2019-06-05,43900.0,43832.45714819219,109.58418198444794,-42.04133017663844
2019-06-06,44050.0,44084.033546233084,-131.93332698858046,97.8997807554988
2019-06-07,44200.0,44268.249110006196,-194.56247339131457,126.31336338511755
2019-06-10,44800.0,44369.477360404766,123.86218044771931,306.6604591475116
2019-06-11,44850.0,44383.96497819551,-12.227238264112582,478.2622600686009
2019-06-12,44600.0,44337.21979515573,124.75725623460976,138.02294860965776
2019-06-13,43750.0,44292.37018098687,-66.78420104547898,-475.58597994139564
2019-06-14,44000.0,44315.86929936973,-26.244514087401356,-289.62478528232896
2019-06-17,43900.0,44441.605567462386,7.481400550803267,-549.0869680131873
2019-06-18,44350.0,44663.73948879368,-58.11190390467496,-255.62758488900727
2019-06-19,45350.0,44938.078471741464,29.666454310565506,382.25507394797023
2019-06-20,45500.0,45211.81588125986,45.03274099756294,243.15137774257164
2019-06-21,45700.0,45455.15486777475,158.73414460613552,86.11098761911853
2019-06-24,45500.0,45662.068196891334,-92.97580216534472,-69.0923947259871
2019-06-25,45600.0,45845.40328687353,-142.48709719498754,-102.91618967854447
2019-06-26,45700.0,46025.641416360886,-145.20793319680536,-180.43348316408083
2019-06-27,46500.0,46176.57851404394,194.885094802858,128.53639115320402
2019-06-28,47000.0,46255.37696829866,250.88565945410764,493.737372247233
2019-07-01,46600.0,46251.80663561382,-82.11806967399949,430.3114340601751
2019-07-02,46250.0,46162.27445695981,-141.3848776411536,229.11042068134702
2019-07-03,45400.0,45991.98493410642,-319.35610823262346,-272.62882587379136
2019-07-04,46000.0,45776.04748513299,183.67818041803244,40.274334448971786
2019-07-05,45650.0,45623.193106890925,251.36773452361533,-224.56084141453903
2019-07-08,44400.0,45590.54386109561,42.84031665601647,-1233.3841777516282
2019-07-09,45100.0,45661.16990502946,22.619748305209576,-583.789653334672
2019-07-10,45550.0,45804.540244495125,-420.63781684793804,166.09757235280995
2019-07-11,46200.0,45999.63401604634,65.69834482449869,134.66763912916213
2019-07-12,46300.0,46175.39215492711,182.6433042659105,-58.03545919302269
2019-07-15,46450.0,46294.14618624427,42.59674264437669,113.25707111135853
2019-07-16,46850.0,46382.55166663805,164.41744481290337,303.0308885490449
2019-07-17,46050.0,46490.561220100906,-423.957178440544,-16.6040416603646
2019-07-18,46100.0,46605.79307823643,23.631534097283286,-529.424612333707
2019-07-19,46800.0,46696.53312299729,193.53543192095265,-90.06855491823808
2019-07-22,47200.0,46787.593764041565,1.1029101257136418,411.30332583271957
2019-07-23,47300.0,46872.49993716346,271.90491016525766,155.59515267128154
2019-07-24,46400.0,46885.79547687134,-403.6656553022018,-82.12982156913495
2019-07-25,47200.0,46796.03694798903,-54.5304174109764,458.49346942194825
2019-07-26,47150.0,46609.40101079667,227.34793837857902,313.25105082475056
2019-07-29,46100.0,46346.99804280319,-6.902805075758273,-240.09523772743705
2019-07-30,46550.0,46001.71512723524,179.0698495466293,369.2150232181302
2019-07-31,45350.0,45581.667776323324,-305.42870816180397,73.76093183847843
2019-08-01,45200.0,45125.47422005956,-62.058872742839334,136.5846526832829
2019-08-02,44950.0,44662.55095321022,213.43656653723792,74.01248025253881
2019-08-05,43950.0,44202.075950488026,-35.762897197710515,-216.31305329031602
2019-08-06,43500.0,43797.73684605316,45.26629062797673,-343.00313668113813
2019-08-07,43200.0,43505.321039112816,-95.96052918692826,-209.3605099258857
2019-08-08,42650.0,43323.97848620063,-55.18969381940869,-618.7887923812159
2019-08-09,43150.0,43265.97574769694,130.19617035584395,-246.1719180527798
2019-08-12,43700.0,43322.71993923715,-94.38761212844257,471.6676728912935
2019-08-13,43000.0,43446.20241175694,12.726525820767002,-458.928937577708
2019-08-14,43700.0,43582.660195411234,116.04297768954339,1.2968268992262892
2019-08-15,43800.0,43720.25132957448,-118.50517113156354,198.2538415570816
2019-08-16,43900.0,43858.7129252076,46.4637213472491,-5.176646554849867
2019-08-19,43600.0,43984.455066028364,-125.54302542896271,-258.91204059940355
2019-08-20,44450.0,44046.7246974987,13.94453746483915,389.3307650364586
2019-08-21,44500.0,44059.22997459935,189.8241860037909,250.9458393968598
2019-08-22,44050.0,44060.44409220689,-95.18177219852683,84.73767999163829
2019-08-23,43950.0,44034.91307320559,64.2115357998025,-149.12460900539736
2019-08-26,43600.0,43960.514390295495,-165.02701136049126,-195.4873789350022
2019-08-27,44050.0,43890.50662997106,17.635329147595375,141.8580408813432
2019-08-28,44150.0,43854.1027397535,107.1061653275828,188.79109491891722
2019-08-29,43400.0,43836.324253079365,-35.930109643980806,-400.39414343538374
2019-08-30,44000.0,43864.820799509165,99.63827392682944,35.54092656400462
2019-09-02,43800.0,44050.096281279104,-100.63484267026843,-149.46143860883603
2019-09-03,43250.0,44437.09125282974,-65.1492049586135,-1121.9420478711254
2019-09-04,44100.0,44971.41692454254,-0.7479759316121246,-870.6689486109244
2019-09-05,45700.0,45560.201708535686,47.72498431303315,92.07330715128046
2019-09-06,46300.0,46102.21680663881,138.84073194451892,58.942461416670994
2019-09-09,46900.0,46500.43765665315,-5.792939935773642,405.35528328262444
2019-09-10,47000.0,46781.896602824374,-194.34675988973044,412.45015706535924
2019-09-11,47150.0,46964.85055083445,-175.74123547965436,360.89068464520096
2019-09-12,47140.0,47070.198539858255,205.15512527852962,-135.3536651367831
2019-09-13,47130.0,47176.25973395727,95.10712780094113,-141.36686175820796
2019-09-16,47100.0,47369.28503192191,93.57282850669299,-362.85786042860127
2019-09-17,46900.0,47673.638113477944,-85.63144400830515,-688.0066694696361
2019-09-18,47700.0,48059.133540334806,-250.52798925739367,-108.60555107740947
2019-09-19,49150.0,48460.6795573197,210.7757860991695,478.54465658112895
2019-09-20,49200.0,48808.77192274014,-31.046896828619207,422.27497408848285
2019-09-23,49300.0,49037.43388594693,102.83240435011655,159.73370970295218
2019-09-24,49500.0,49115.818561868036,109.63825309157077,274.5431850403911
2019-09-25,48900.0,49084.14341447968,-300.5968085845244,116.45339410484303
2019-09-26,49200.0,48982.526455603314,85.47694167965881,131.99660271703033
2019-09-27,48400.0,48815.137380212494,-95.39711861482216,-319.74026159767527
2019-09-30,49050.0,48607.612334164776,91.0033514536719,351.38431438155385
2019-10-01,48850.0,48417.910895006404,296.4707695508029,135.61833544279216
2019-10-02,47600.0,48267.38457834925,-201.6974039494928,-465.68717439975444
2019-10-03,47800.0,48182.41876162264,-86.30505032979116,-296.11371129284817
2019-10-04,48000.0,48172.597765190614,-214.86606289644783,42.26829770583572
2019-10-07,47750.0,48263.84558496931,80.55270744266585,-594.3982924119773
2019-10-08,48900.0,48462.980621607305,374.60012082369985,62.41925756899582
2019-10-09,48725.0,48732.966056959885,4.106975318948427,-12.073032278836763
2019-10-10,48550.0,49032.93569321768,-180.02900798771321,-302.90668522996566
2019-10-11,49150.0,49354.2621639824,-278.60445360988604,74.34228962748602
2019-10-14,50000.0,49671.613425787924,-0.3353220035316369,328.7218962156112
2019-10-15,50100.0,49945.97326414558,348.6128813233653,-194.58614546894387
2019-10-16,50700.0,50155.11584480031,153.14405608104303,391.74009911864414
2019-10-17,50500.0,50326.7667646672,-248.62978069984248,421.8630160326429
2019-10-18,49900.0,50486.240894909104,-283.99458072503813,-302.2463141840635
2019-10-21,50300.0,50625.27813322982,82.81443721557507,-408.0925704453912
2019-10-22,51200.0,50736.52282688542,301.47542215835875,162.001750956224
2019-10-23,51200.0,50848.51675531069,162.2582602886457,189.22498440066556
2019-10-24,50700.0,50943.30469239489,-252.75511920678503,9.450426811890793
2019-10-25,50900.0,50967.508107850466,-327.26762022447247,259.75951237400295
2019-10-28,51300.0,50941.65677846591,126.7466786958987,231.59654283818963
2019-10-29,51100.0,50958.42563800442,287.9822277837927,-146.4078657882128
2019-10-30,50400.0,51070.82733152096,110.20185289938084,-781.0291844203384
2019-10-31,50400.0,51266.36910450356,-206.23832153787038,-660.1307829656871
2019-11-01,51200.0,51544.03497866072,-262.028399336524,-82.00657932419563
2019-11-04,52300.0,51891.564067038475,150.65000938972912,257.7859235717988
2019-11-05,52700.0,52195.99946240382,289.9501358483011,214.05040174787428
2019-11-06,53300.0,52385.41619832266,-61.33913108043623,975.9229327577777
2019-11-07,52900.0,52475.290297432846,-253.3019590980592,678.0116616652158
2019-11-08,52100.0,52505.654384786336,-165.5521043003466,-240.10228048598947
2019-11-11,51600.0,52529.15873263417,198.3311153817108,-1127.4898480158809
2019-11-12,52600.0,52585.21801107283,341.0603138296176,-326.27832490245055
2019-11-13,52500.0,52708.39133763737,-85.73639944380136,-122.65493819356925
2019-11-14,52800.0,52860.576610402466,-220.81381159468867,160.2372011922198
2019-11-15,53700.0,52920.15291017682,-161.7265681159845,941.5736579391669
2019-11-18,53500.0,52843.37380185558,149.85994266032094,506.76625548410084
2019-11-19,53500.0,52631.752216556786,315.97051819699647,552.2772652462154
2019-11-20,52000.0,52336.867698511145,-117.42794804900433,-219.43975046213745
2019-11-21,51000.0,52053.10260561189,-204.39102950480046,-848.7115761070963
2019-11-22,51600.0,51833.9094526177,-105.4016851811335,-128.50776743656752
2019-11-25,51800.0,51661.17555312964,215.2830601710109,-76.45861330064508
2019-11-26,51800.0,51485.145196442754,248.38676864742214,66.46803490982711
2019-11-27,52200.0,51260.44247247429,-208.15004343055398,1147.7075709562632
2019-11-28,51300.0,50964.16738787279,-183.03515837005244,518.8677704972652
2019-11-29,50300.0,50635.59977875228,-70.54957769598934,-265.0502010562923
2019-12-02,50400.0,50335.37613424744,226.23097834148606,-161.60711258892843
2019-12-03,49900.0,50143.33330360923,20.956431849908114,-264.2897354591405
2019-12-04,49450.0,50121.36417242323,-205.13903576613433,-466.22513665709266
2019-12-05,49500.0,50304.43540398889,31.83517205166936,-836.2705760405588
2019-12-06,50400.0,50659.29241240129,107.99877341011154,-367.2911858114021
2019-12-09,51200.0,51134.67049576492,185.17468338179515,-119.84517914671596
2019-12-10,51500.0,51684.2073477746,-232.06704214477313,47.85969437017047
2019-12-11,51900.0,52258.51640954316,-248.9550547690688,-109.56135477409407
2019-12-12,53300.0,52788.95658823893,117.38471126908676,393.65870049198566
2019-12-13,54700.0,53392.435252830925,312.9725557555485,994.5921914135251
2019-12-16,54700.0,54167.52550668307,136.6617707320413,395.8127225848875
2019-12-17,56700.0,54880.27460887867,-333.6653850213172,2153.3907761426453
2019-12-18,56300.0,55344.147990364705,-266.19599664511145,1222.0480062804054
2019-12-19,56000.0,55520.76398831926,84.8901864534923,394.3458252272467
2019-12-20,56000.0,55564.98717483735,511.9004589592387,-76.88763379658485
2019-12-23,55500.0,55533.944603185846,60.386369118934944,-94.3309723047787
2019-12-24,55000.0,55511.8704457157,-373.1009322835454,-138.76951343215478
2019-12-25,55200.0,55534.45280406277,-207.93860364413376,-126.51420041863457
2019-12-26,55400.0,55598.781247888444,53.97473324165859,-252.75598113010346
2019-12-27,56500.0,55660.88075544177,521.4562297146886,317.6630148435361
2019-12-30,55800.0,55680.87051346102,-2.1446341153521944,121.27412065432873
2019-12-31,55600.0,55654.09366916877,-370.11193581921907,316.0182666504552
2020-01-01,55400.0,55604.87113126988,-354.7221545212707,149.8510232513945
2020-01-02,55200.0,55600.42089046494,79.6907603281084,-480.1116507930492
2020-01-03,55500.0,55773.4573448645,571.8916504429852,-845.3489953074895
2020-01-06,55500.0,56178.853720219675,84.32398464763185,-763.1777048673102
2020-01-07,55800.0,56770.39014719859,-226.34841842865075,-744.0417287699383
2020-01-08,56800.0,57446.3340200532,-647.9704931534588,1.6364731002613553
2020-01-09,58600.0,58120.94449563119,266.9838171798211,212.07168718898902
2020-01-10,59500.0,58735.83851048453,640.348305908264,123.81318360720616
2020-01-13,60000.0,59258.95839258856,-39.53333821137832,780.574945622815
2020-01-14,60000.0,59674.52415066861,-372.5665757094397,698.0424250408323
2020-01-15,59000.0,59958.190546792655,-756.2317525499242,-201.95879424273153
2020-01-16,60700.0,60114.50136731067,616.3387168024633,-30.84008411313698
2020-01-17,61300.0,60160.06303586634,753.5126792814284,386.42428485223354
2020-01-20,62400.0,60135.60945536871,-156.71601781179126,2421.106562443085
2020-01-21,61400.0,60074.99124316554,-522.2937895736936,1847.302546408151
2020-01-22,62300.0,59886.94637152844,-733.415614630323,3146.469243101885
2020-01-23,60800.0,59714.821882997,827.8494364315982,257.3286805714015
2020-01-24,60400.0,59656.18993636471,696.8671337708683,46.942929864424514
2020-01-27,59200.0,59636.682723195554,-286.1488628849285,-150.53386031062837
2020-01-28,58800.0,59608.48076040182,-637.1743125325775,-171.30644786924677
2020-01-29,59100.0,59569.208601464656,-549.7055124840906,80.49691101943608
2020-01-30,57200.0,59563.69200682403,884.5493561822736,-3248.241363006302
2020-01-31,56400.0,59634.10827741023,648.5937987818912,-3882.702076192123
2020-02-03,57200.0,59702.18636599772,-475.49053960728617,-2026.6958263904307
2020-02-04,58900.0,59852.26479053482,-705.5040015761612,-246.76078895865794
2020-02-05,59500.0,59939.020330431515,-235.1781394825688,-203.84219094894797
2020-02-06,61100.0,60027.41244213722,845.8759105706981,226.7116472920825
2020-02-07,60400.0,60114.09244301381,587.5274171661216,-301.6198601799333
2020-02-10,59700.0,60192.383988218644,-806.4343293027194,314.0503410840756
2020-02-11,59900.0,60269.494815462676,-519.7022715261517,150.2074560634719
2020-02-12,60500.0,60332.64140523554,181.8059643601027,-14.447369595640339
2020-02-13,60700.0,60354.69102564313,723.2047815372845,-377.89580718041543
2020-02-14,61800.0,60256.32877906085,500.51806738384,1043.1531535553077
2020-02-17,61500.0,60064.36585087171,-1127.8573152020545,2563.491464330342
2020-02-18,59800.0,59755.895888534906,-491.69980576907477,535.8039172341669
2020-02-19,60200.0,59439.20985630114,539.296000653689,221.49414304517268
2020-02-20,60000.0,59178.09848153692,865.4105624903481,-43.50904402726883
2020-02-21,59200.0,59000.18093963563,403.9066260148741,-204.08756565050862
2020-02-24,56800.0,58826.681357062975,-1499.5170678183108,-527.1642892446616
2020-02-25,57900.0,58586.43771102734,-604.2616706690968,-82.17604035824479
2020-02-26,56500.0,57818.233504502576,917.4028555532732,-2235.636360055847
2020-02-27,55900.0,57473.2140556729,1034.7749401209228,-2607.9889957938212
2020-02-28,54200.0,56831.63409618597,234.4375669912775,-2866.071663177245
2020-03-02,55000.0,56500.25326616888,-1555.1058654382537,54.85259926936851
2020-03-03,55400.0,56436.238830476876,-1005.963495564904,-30.275334911973914
2020-03-04,57400.0,56439.02979481315,1250.6650782356892,-289.6948730488366
2020-03-05,57800.0,56248.436659136474,1116.0521879282583,435.5111529352653
2020-03-06,56500.0,54407.681816919314,-7.493408784981192,2099.8115918656695
2020-03-09,54200.0,53454.65878088947,-1326.0407744562112,2071.3819935667416
2020-03-10,54600.0,51510.64031424825,-890.1391038731232,3979.4987896248713
2020-03-11,52100.0,50426.740786014416,1277.5013948506303,395.757819134953
2020-03-12,50800.0,50177.69098847827,870.6414192950717,-248.3324077733414
2020-03-13,49950.0,50140.713857269264,-138.29916322364247,-52.4146940456194
2020-03-16,48900.0,50083.294836859866,-971.1414311682173,-212.15340569164982
2020-03-17,47300.0,50001.653844561144,-800.8165193489056,-1900.83732521224
2020-03-18,45600.0,49783.40914511022,1165.2120961040885,-5348.621241214307
2020-03-19,42950.0,48849.55175014306,352.0898081666156,-6251.641558309675
2020-03-20,45400.0,47948.70855505478,168.75173280902308,-2717.4602878638034
2020-03-23,42500.0,47803.65732169242,-623.9609568940509,-4679.696364798372
2020-03-24,46950.0,47835.75211774441,-822.0196315936194,-63.732486150787736
2020-03-25,48650.0,47882.94224095944,804.1584639069634,-37.10070486640325
2020-03-26,47800.0,47921.69339502943,53.622861755386936,-175.31625678481942
2020-03-27,48300.0,47947.78713657851,292.9188876098392,59.293975811648124
2020-03-30,47850.0,47970.204456453976,-376.8673817535992,256.66292529962084
2020-03-31,47750.0,48025.99032502891,-265.20151057455155,-10.788814454361273
2020-04-01,45800.0,48205.43514577753,313.1044644332965,-2718.5396102108207
2020-04-02,46800.0,48521.858033005825,-120.77234242783706,-1601.0856905779874
2020-04-03,47000.0,48639.96095696664,344.03833175280886,-1983.999288719453
2020-04-06,48700.0,48954.98302377176,-223.98871269811235,-30.994311073649442
2020-04-07,49600.0,49009.03229607291,-42.00130782316104,632.9690117502541
2020-04-08,48600.0,48996.70557638335,32.22127754163171,-428.9268539249824
2020-04-09,49100.0,48962.55739831131,-90.38132233698705,227.82392402567348
2020-04-10,49250.0,48935.99569909385,182.1483714042938,131.85592950185674
2020-04-13,48300.0,48924.02433248082,-95.87502409209468,-528.1493083887253
2020-04-14,49000.0,48946.23303608766,64.01376489434898,-10.246800982007699
2020-04-15,49000.0,49023.155985166275,-83.75993809449542,60.60395292822068
2020-04-16,49000.0,49156.06400045344,4.335891418846606,-160.39989187229367
2020-04-17,51400.0,49327.0323105546,35.169282474548574,2037.7984069708546
2020-04-20,50100.0,49482.53687362797,-82.20943627195082,699.6725626439802
2020-04-21,49250.0,49599.524132186976,20.69527123626755,-370.21940342324524
2020-04-22,49850.0,49676.398622454006,109.14553124166383,64.45584630432859
2020-04-23,49850.0,49721.24599399001,43.84663449731913,84.9073715126724
2020-04-24,49350.0,49755.98564371348,-82.44820908165315,-323.53743463182764
2020-04-27,49850.0,49781.57864517442,-73.23860098621475,141.65995581179595
2020-04-28,50100.0,49757.922121339645,-85.25539822112489,427.33327688147983
2020-04-29,50000.0,49671.94964343936,242.62510828427006,85.42524827636953
2020-04-30,49700.0,49535.565357924475,52.58532813186046,111.8493139436614
2020-05-01,49400.0,49352.37000633936,-123.09439196623738,170.72438562687603
2020-05-04,48500.0,49164.36054401995,-99.47025600614427,-564.8902880138121
2020-05-05,48850.0,49006.08620253198,-155.44323593778572,-0.6429665941977873
2020-05-06,49200.0,48868.11347382835,364.00927418684745,-32.12274801520107
2020-05-07,48800.0,48741.070444235214,90.82954623509988,-31.89999047031597
2020-05-08,48800.0,48617.63064533516,-153.0596387046444,335.42899336948904
2020-05-11,48400.0,48475.1759733921,-153.8500659877042,78.67409259560372
2020-05-12,47900.0,48350.87431050044,-252.66314045105418,-198.21117004938424
2020-05-13,48550.0,48284.13167948831,465.645512186892,-199.77719167520263
2020-05-14,48000.0,48276.53073242766,180.43032784648483,-456.961060274145
2020-05-15,47850.0,48396.824178040035,-226.8134037848366,-320.01077425519907
2020-05-18,48800.0,48643.455747332824,-161.37821465072548,317.9224673178978
2020-05-19,50300.0,48908.44255294631,-386.7332310084884,1778.290678062178
2020-05-20,50000.0,49131.42848929513,527.3464785323051,341.2250321725587
2020-05-21,49950.0,49296.50094551744,252.11790525971884,401.3811492228415
2020-05-22,48750.0,49385.01070815777,-223.89818720804698,-411.1125209497259
2020-05-25,48850.0,49467.04023467014,-197.78092305038462,-419.25931161975313
2020-05-26,49250.0,49630.31980794839,-516.2664178057578,135.94660985736846
2020-05-27,49900.0,49928.13014403606,584.7127357437719,-612.8428797798333
2020-05-28,50400.0,50342.41024446474,269.33996950878804,-211.75021397352975
2020-05-29,50700.0,50864.590648661484,53.267542865959,-217.8581915274408
2020-06-01,51200.0,51527.99279648501,-281.16133423907536,-46.83146224592929
2020-06-02,51400.0,52318.47054349647,-536.1611367587105,-382.3094067377606
2020-06-03,54500.0,53139.78112972274,452.3254937901985,907.8933764870599
2020-06-04,54600.0,53907.028027537715,139.37926862345574,553.5927038388254
2020-06-05,55500.0,54533.88402037362,334.2287816577107,631.8871979686737
2020-06-08,54900.0,54873.785724995265,-260.0513228702472,286.26559787498263
2020-06-09,55500.0,54970.962639934485,-598.5736658261274,1127.611025891645
2020-06-10,55400.0,54904.79976640616,368.8839448042906,126.31628878954507
2020-06-11,54300.0,54509.875962703176,-12.033235245016755,-197.8427274581627
2020-06-12,52300.0,53817.05317546329,559.938844335176,-2076.9920197984684
2020-06-15,49900.0,53341.37873618735,-234.13021095315722,-3207.2485252341867
2020-06-16,52100.0,52654.88804464947,-539.8093679220176,-15.078676727454877
2020-06-17,52200.0,52354.89923424581,250.06968126253008,-404.9689155083397
2020-06-18,52300.0,52264.14049924945,-170.62506271331097,206.4845634638623
2020-06-19,52900.0,52250.95347211389,700.9043413392418,-51.85781345313444
2020-06-22,52000.0,52256.31541470581,-230.54519237907763,-25.770222326733347
2020-06-23,51400.0,52297.13162675303,-376.91539234006,-520.2162344129683
2020-06-24,52900.0,52359.55011620127,78.78174242174906,461.66814137697656
2020-06-25,51900.0,52454.94184481011,-214.96329918247167,-339.97854562764405
2020-06-26,53300.0,52556.4628569239,597.1008119006024,146.43633117550053
2020-06-29,52400.0,52665.73761640279,-212.4859993474135,-53.25161705537175
2020-06-30,52800.0,52770.29356171249,-156.27323443532177,185.9796727228313
2020-07-01,52600.0,52875.52543188089,97.32756252283568,-372.8529944037218
2020-07-02,52900.0,52967.056632732885,-265.817775025243,198.76114229235827
2020-07-03,53600.0,53034.82555335339,316.02116631475076,249.15328033186233
2020-07-06,55000.0,53076.84928470366,-180.65320316456777,2103.803918460908
2020-07-07,53400.0,53091.30626354472,123.68216224222678,185.01157421305106
2020-07-08,53000.0,53102.62528927273,143.12342395185732,-245.74871322458785
2020-07-09,52800.0,53152.045911282905,-324.98386193342475,-27.06204934947891
2020-07-10,52700.0,53276.22800503976,45.567757122220186,-621.7957621619789
2020-07-13,53400.0,53467.34691917809,-137.39126756416636,70.04434838607995
2020-07-14,53800.0,53709.59150422501,375.20295698322315,-284.7944612082356
2020-07-15,54700.0,53950.1552395247,222.93616674899746,526.908593726308
2020-07-16,53800.0,54180.4888442832,-411.8783766093381,31.38953232613858
2020-07-17,54400.0,54360.09959160585,-134.85518186684718,174.75559026099654
2020-07-20,54200.0,54459.118282183554,-45.90568590569076,-213.2125962778664
2020-07-21,55300.0,54494.372980831096,346.93063308598875,458.6963860829128
2020-07-22,54700.0,54544.37940640074,135.10560733609293,20.514986263166065
2020-07-23,54100.0,54597.239994391086,-260.6556623544899,-236.5843320365966
2020-07-24,54200.0,54629.01457395163,-79.22889405246018,-349.78567989917065
2020-07-27,55600.0,54728.7767809288,-111.01151211616393,982.2347311873673
2020-07-28,58600.0,55875.05680849544,261.2851380134092,2463.658053491148
2020-07-29,59000.0,56213.66782437504,38.296713608808886,2748.035462016145
2020-07-30,59000.0,57018.396989057626,-44.81931017206864,2026.4223211144417
2020-07-31,57900.0,57232.318935453295,-103.03899921679547,770.7200637635033
2020-08-03,56800.0,57288.49224918229,-113.8683079621266,-374.6239412201612
2020-08-04,57300.0,57345.919293439954,156.39057299899451,-202.3098664389472
2020-08-05,56900.0,57422.83578084695,4.530394079632522,-527.3661749265812
2020-08-06,58000.0,57547.57013376378,199.23792125259232,253.19194498362776
2020-08-07,57500.0,57755.536597187835,-180.27128207688224,-75.26531511095527
2020-08-10,57800.0,57982.51438798636,-160.2522258027146,-22.26216218364425
2020-08-11,58200.0,58165.960653169015,96.5707047407036,-62.5313579097201
2020-08-12,59000.0,58287.849974654186,84.65808350950115,627.4919418363133
2020-08-13,58700.0,58345.854573413395,220.9270351151747,133.21839147143328
2020-08-14,58000.0,58317.21967087175,-376.1669649230741,58.94729405132239
2020-08-17,58300.0,58199.23981874232,-131.34299746438663,232.10317872207088
2020-08-18,58400.0,57934.26384740001,260.93933566418355,204.79681693580642
2020-08-19,57800.0,57546.01212033374,341.30542698746075,-87.31754732120316
2020-08-20,55400.0,57095.72865771557,8.707132664638419,-1704.4357903802083
2020-08-21,55900.0,56658.18074781896,-556.2545441205933,-201.92620369836368
2020-08-24,56100.0,56309.12115431761,-209.72650852593674,0.6053542083245702
2020-08-25,56400.0,56118.77222564824,491.30012989528507,-210.0723555435252
2020-08-26,56400.0,56045.147961987714,341.4134284294816,13.438609582801291
2020-08-27,55600.0,55994.11376183576,-114.10642576702531,-280.00733606873837
2020-08-28,55400.0,55972.69614458097,-663.9500088231287,91.25386424215685
2020-08-31,54000.0,56052.38598767003,-207.66782582116667,-1844.7181618488612
2020-09-01,54200.0,56238.69195273615,658.7455580378719,-2697.437510774027
2020-09-02,54400.0,56384.04584415545,333.7499826806121,-2317.79582683606
2020-09-03,56400.0,56826.94097332383,-198.17537795864456,-228.7655953651847
2020-09-04,55600.0,57161.4392100461,-635.604452683235,-925.8347573628635
2020-09-07,56500.0,57522.46865043829,-167.8730904096211,-854.5955600286688
2020-09-08,58700.0,57964.70017564494,662.143227614085,73.15659674097697
2020-09-09,58400.0,58493.23359634504,331.4428655368176,-424.6764618818561
2020-09-10,59200.0,59013.826567274686,-194.4258958444037,380.59932856971864
2020-09-11,59000.0,59468.67207340496,-554.7746141435953,86.10254073863325
2020-09-14,60400.0,59813.36899955879,-116.01945731634186,702.650457757547
2020-09-15,61000.0,59990.844014636175,495.22145888966116,513.9345264741642
2020-09-16,61000.0,59962.774375257206,277.25083055969895,759.9747941830938
2020-09-17,59500.0,59754.72859716364,-209.12206383304843,-45.60653333058872
2020-09-18,59300.0,59416.9329858935,-376.82440717003965,259.8914212765376
2020-09-21,59200.0,59045.063145616594,77.37225002003055,77.56460436337511
2020-09-22,58200.0,58712.093532900624,180.97433231176004,-693.0678652123825
2020-09-23,58600.0,58440.624139348605,282.2874972729537,-122.91163662156032
2020-09-24,57800.0,58246.55442401422,-211.17474240191012,-235.37968161230674
2020-09-25,57900.0,58152.79305334744,-215.53508679171605,-37.25796655572776
2020-09-28,58200.0,58161.822734510206,77.71576567789657,-39.53850018810044
2020-09-29,58200.0,58227.26995804356,9.511892645979183,-36.78185068953462
2020-09-30,58283.333333333336,58326.26539702085,301.0908081730945,-344.0228718606086
2020-10-01,58366.666666666664,58455.506007592645,-192.725792556047,103.88645163006731
2020-10-02,58450.0,58643.815687212926,-231.5968770358578,37.78118982293381
2020-10-05,58700.0,58894.44891749517,-2.1246911682943086,-192.3242263268694
2020-10-06,59000.0,59179.786879670966,112.79292333649474,-292.5798030074584
2020-10-07,59900.0,59473.52685523878,341.8167828603573,84.65636190086661
2020-10-08,59700.0,59772.726349525525,-187.96835663818464,115.24200711266167
2020-10-09,59875.0,60045.05101928398,-316.4252906429149,146.37427135893813
2020-10-12,60400.0,60232.14319249631,-44.89721940810166,212.75402691178897
2020-10-13,60900.0,60307.131615390615,264.6908039691691,328.1775806402147
2020-10-14,60900.0,60311.57388866786,367.89823495932944,220.5278763728129
2020-10-15,60000.0,60301.97433653478,-273.96704071610463,-28.007295818679268
2020-10-16,59500.0,60300.47814284118,-293.42457806662304,-507.05356477455643
2020-10-19,60000.0,60304.86156234551,-10.369824556426485,-294.4917377890815
2020-10-20,60900.0,60322.30423916521,361.83761178421577,215.85814905057487
2020-10-21,60900.0,60348.82241501649,249.94639370950838,301.23119127400423
2020-10-22,60100.0,60312.49797067144,-424.2108386195119,211.71286794807384
2020-10-23,60200.0,60149.74458688777,-62.509096697899054,112.76450981012749
2020-10-26,60400.0,59897.676195906875,-51.8188132845483,554.1426173776708
2020-10-27,59800.0,59636.30522854302,348.30314585975674,-184.608374402771
2020-10-28,59000.0,59319.69502491627,100.78176425629223,-420.47678917256417
2020-10-29,58100.0,58951.79245835671,-563.609884698334,-288.18257365837053
2020-10-30,56600.0,58653.784292876815,218.58198827843663,-2272.3662811552495
2020-11-02,57400.0,58518.229365985055,-57.53623142758856,-1060.693134557463
2020-11-03,58800.0,58619.077974010856,389.84463517799503,-208.92260918884858
2020-11-04,58500.0,58882.713957386586,-73.75606268992787,-308.9578946966576
2020-11-05,60300.0,59193.244040294216,-771.2259759444075,1877.9819356501903
2020-11-06,60100.0,59683.58653705861,407.89419332843045,8.51926961295976
2020-11-09,60200.0,60343.03185113238,71.0605164803045,-214.09236761268403
2020-11-10,60200.0,60928.63209260703,568.6714422676896,-1297.3035348747217
2020-11-11,61300.0,61377.797079222844,-242.67722151190966,164.88014228906832
2020-11-12,61000.0,62034.39017567089,-1010.3591652801591,-24.031010390724987
2020-11-13,63200.0,62884.84961352274,380.0431601915401,-64.89277371428034
2020-11-16,66300.0,63644.210996714304,393.4531408810658,2262.335862404623
2020-11-17,65700.0,64354.182746115584,716.2705987792041,629.5466551052086
2020-11-18,64800.0,65151.065947349925,-414.03931469061274,62.97336734068813
2020-11-19,64600.0,65813.05550330952,-1139.139464060666,-73.91603924885567
2020-11-20,64700.0,66203.2167168797,279.6966329440069,-1782.913349823706
2020-11-23,67500.0,66543.98718734707,738.1651822773222,217.84763037560333
2020-11-24,67700.0,66932.19799261421,608.6671132308779,159.13489415490767
2020-11-25,66600.0,67209.55388087062,-511.2011286949829,-98.35275217563321
2020-11-26,68000.0,67414.0453261896,-1072.103077312715,1658.0577511231095
2020-11-27,68200.0,67881.39722381184,200.89876098625922,117.70401520190353
2020-11-30,66700.0,68752.49488509787,900.2637062386144,-2952.758591336489
2020-12-01,67800.0,69713.17243122024,267.1998181286691,-2180.3722493489186
2020-12-02,69500.0,70465.0076997211,-279.0784205755492,-685.9292791455518
2020-12-03,69700.0,71013.38213118236,-856.4245629971607,-456.9575681852002
2020-12-04,71500.0,71378.17976860201,104.14979984372492,17.670431554259267
2020-12-07,72900.0,71784.87873440691,718.3340485211694,396.78721707192017
2020-12-08,71700.0,72293.60999384349,11.184825764722314,-604.7948196082143
2020-12-09,73900.0,72761.02599092806,69.63229925925368,1069.3417098126956
2020-12-10,72900.0,73136.36896304594,-550.854616054857,314.4856530089164
2020-12-11,73400.0,73393.45805662687,-99.61594082609474,106.15788419923047
2020-12-14,73800.0,73516.5870678664,384.9442513655362,-101.53131923194451
2020-12-15,73800.0,73519.3262900725,-214.97663927982035,495.6503492073243
2020-12-16,73800.0,73493.28198140564,411.3653048491508,-104.6472862547962
2020-12-17,73300.0,73464.29963716357,-196.5239301586031,32.22429299502983
2020-12-18,73000.0,73557.266409792,-238.25430763013998,-319.0121021618688
2020-12-21,73000.0,74192.46420523553,133.803054684387,-1326.267259919914
2020-12-22,72300.0,75548.7168477295,-344.15910248997096,-2904.5577452395373
2020-12-23,73900.0,76302.18186342187,515.0741898525096,-2917.256053274381
2020-12-24,77800.0,77940.10985977591,9.143828391669945,-149.2536881675769
2020-12-25,78025.0,78616.80664558525,-285.2651947521233,-306.5414508331305
2020-12-28,78700.0,79134.88907427627,127.50996297873162,-562.3990372550033
2020-12-29,78300.0,79727.86703500441,-438.31894114791567,-989.5480938565015
2020-12-30,81000.0,80448.58972271894,428.5807462859961,122.82953099506267
2020-12-31,81400.0,81146.85815684771,140.67307295851535,112.46877019378007
2021-01-01,81800.0,81682.49864431293,-351.9511602185399,469.45251590560656
2021-01-04,83000.0,82279.21060581408,505.53557953070674,215.2538146552106
2021-01-05,83900.0,83589.57605097939,-787.8577164787789,1098.2816654993949
2021-01-06,82200.0,85952.88177200881,210.2144854854367,-3963.096257494253
2021-01-07,82900.0,87195.74070099613,205.10468888412692,-4500.8453898802545
2021-01-08,88800.0,88854.98241428145,-500.76337019211155,445.7809559106681
2021-01-11,91000.0,89426.42825162258,1302.4618417108468,271.10990666657744
2021-01-12,90600.0,89404.13040180375,-672.718350482741,1868.5879486789927
2021-01-13,89700.0,89264.11079371568,-37.98217479558883,473.87138107990904
2021-01-14,89700.0,88969.80517449469,316.23893080102334,413.95589470429695
2021-01-15,88000.0,88561.56892732184,-418.7603980728496,-142.80852924899955
2021-01-18,85000.0,88190.5594894801,325.19832950224566,-3515.7578189823544
2021-01-19,87000.0,87816.49225408552,-286.9070161921974,-529.5852378933196
2021-01-20,87200.0,87490.0302192763,61.28103634322396,-351.3112556195265
2021-01-21,88100.0,87213.90756479072,173.52933639547666,712.5630988138146
2021-01-22,86800.0,86907.14001498264,-232.4216746534243,125.2816596707853
2021-01-25,89400.0,86531.42039464523,25.508710035863043,2843.0708953189023
2021-01-26,86700.0,86064.55477765649,49.40177827519512,586.0434440683166
2021-01-27,85600.0,85439.35932413435,413.67860837080485,-253.03793250514718
2021-01-28,83700.0,84856.94533952443,-186.21074235417723,-970.7345971702598
2021-01-29,82000.0,84431.62163939697,50.06324993127754,-2481.684889328244
2021-02-01,83000.0,84037.0470132725,-921.5149261018726,-115.53208717063535
2021-02-02,84400.0,83758.1198510924,345.5182915717969,296.36185733579623
2021-02-03,84600.0,83614.50294351051,703.5560187598994,281.94103772958624
2021-02-04,82500.0,83486.41057123487,-543.2855263420962,-443.1250448927749
2021-02-05,83500.0,83330.63650474619,139.4353941519879,29.928101101817447
2021-02-08,83000.0,83144.29422627369,-340.5887220457325,196.2944957720465
2021-02-09,82700.0,82980.65581843557,130.02553764772824,-410.6813560832961
2021-02-10,81600.0,82868.33096695333,618.5403338320855,-1886.871300785424
2021-02-11,82120.0,82768.97063568883,-610.6871867046231,-38.28344898420619
2021-02-12,82640.0,82700.55753173705,125.60991207948551,-186.16744381653552
2021-02-15,84200.0,82674.73085363739,-74.27398638924412,1599.54313275186
2021-02-16,84900.0,82634.57290637416,-5.2343799553815415,2270.661473581218
2021-02-17,83200.0,82548.19197103722,369.48622241105915,282.3218065517285
2021-02-18,82100.0,82442.8091524962,-376.0776787636992,33.268526267507696
2021-02-19,82600.0,82353.68261275883,57.19823667772026,189.11915056344878
2021-02-22,82200.0,82286.44738358035,160.45112965942337,-246.89851323977928
2021-02-23,82000.0,82244.19166184604,-18.643453898327635,-225.54820794770785
2021-02-24,82000.0,82289.00100582578,-71.40339833127413,-217.59760749450652
2021-02-25,85300.0,82416.92745219177,-160.3457467932251,3043.4182946014625
2021-02-26,82500.0,82578.07019021249,115.24351413442248,-193.31370434690325
2021-03-01,83325.0,82682.58666570054,184.89471567905755,457.51861862040823
2021-03-02,83600.0,82647.93598591382,47.301899762297325,904.7621143238794
2021-03-03,84000.0,82499.22331946438,-369.3066490554443,1870.0833295910707
2021-03-04,82400.0,82261.76757258922,43.74718840316508,94.48523900761211
2021-03-05,82100.0,81992.3332534511,162.23450600340428,-54.56775945449772
2021-03-08,82000.0,81834.64417537297,82.28810525994008,83.06771936708537
2021-03-09,81400.0,81805.06269564216,152.02391103614184,-557.0866066783055
2021-03-10,80900.0,81816.02113213716,-522.5973241415127,-393.42380799564125
2021-03-11,82000.0,81897.97086788538,213.76186070675996,-111.73272859213466
2021-03-12,82800.0,82061.69283620795,127.13254463381362,611.1746191582351
2021-03-15,81800.0,82245.894062204,-0.11812843090726766,-445.7759337730822
2021-03-16,82800.0,82347.14095330314,167.2415651961427,285.6174815007107
2021-03-17,82300.0,82345.51145210612,-532.2016329043049,486.69018079819216
2021-03-18,82900.0,82261.2618122036,283.60371930877295,355.1344684876385
2021-03-19,81900.0,82122.57482639854,48.04590819171404,-270.62073459025123
2021-03-22,82000.0,81920.24153500643,-95.41631023891865,175.17477523248817
2021-03-23,81800.0,81728.29334153292,245.896185308247,-174.18952684116084
2021-03-24,81000.0,81617.821447759,-477.7371454158589,-140.0843023431371
2021-03-25,81200.0,81590.71758968565,462.102024860594,-852.8196145462425
2021-03-26,81500.0,81616.66891695232,-118.89588885623965,2.226971903917729
2021-03-29,81600.0,81704.0990088032,-197.22260580899723,93.12359700580419
2021-03-30,82200.0,81812.86380943285,241.45160170559677,145.68458886154986
2021-03-31,81400.0,81913.11837414105,-381.89445210259294,-131.22392203845084
2021-04-01,82900.0,81985.06798428384,530.6176548583484,384.31436085781024
2021-04-02,84800.0,82142.51752714002,-145.57424765228726,2803.0567205122643
2021-04-05,85400.0,82992.41794927415,-305.94683693673306,2713.5288876625855
2021-04-06,86000.0,83234.57044925663,262.629920013608,2502.799630729758
2021-04-07,85600.0,83797.63241761798,-316.30979064271975,2118.677373024737
2021-04-08,84700.0,83817.23218807847,488.10760021447396,394.6602117070579
2021-04-09,83600.0,83828.16886240954,-91.93143359247328,-136.23742881706858
2021-04-12,83200.0,83844.2938806096,-344.206239869535,-300.08764074006467
2021-04-13,84000.0,83842.06995860588,328.24618339572277,-170.31614200159675
2021-04-14,84000.0,83819.91192634971,-233.8418105467057,413.9298841969867
2021-04-15,84100.0,83785.40695028198,208.37275765913282,106.22029205888975
2021-04-16,83900.0,83689.25256120173,-62.04393627125985,272.79137506952975
2021-04-19,83300.0,83512.94337860218,-223.70482775683274,10.761449154655566
2021-04-20,83900.0,83314.16378935262,385.7775714530134,200.05863919436524
2021-04-21,82600.0,83148.15475924811,-143.74130148365015,-404.41345776445814
2021-04-22,82400.0,82973.47637599493,-80.69190041361853,-492.784475581313
2021-04-23,82800.0,82780.61742093685,-85.92336327967395,105.30594234282034
2021-04-26,83500.0,82591.90770117087,-79.67154645742987,987.7638452865503
2021-04-27,82900.0,82419.64727204239,463.9585034872654,16.394224470335757
2021-04-28,82100.0,82247.01007406296,-123.1680140041658,-23.842060058785137
2021-04-29,81700.0,82102.69721680958,-228.03729913522392,-174.65991767436208
2021-04-30,81500.0,82039.55655554164,-45.57925846130338,-493.9772970803315
2021-05-03,81700.0,82045.0589752107,-39.06885278129447,-305.99012242941535
2021-05-04,82600.0,82073.25051672415,423.0277037300531,103.7217795457982
2021-05-05,82450.0,82093.301001816,-93.88300536899379,450.5820035529905
2021-05-06,82300.0,82005.363543487,-262.0814322264707,556.7178887394839
2021-05-07,81900.0,81742.29770835853,46.05438561432038,111.6479060271522
2021-05-10,83200.0,81339.21240533238,-91.49613851629607,1952.283733183911
2021-05-11,81200.0,80833.06002207672,294.50547033336653,72.43450758990366
2021-05-12,80000.0,80347.70921982857,-56.2019545648771,-291.50726526368817
2021-05-13,78500.0,80005.11537657182,-224.20933702764256,-1280.9060395441775
2021-05-14,80100.0,79818.59954326999,190.391881368044,91.00857536196418
2021-05-17,79600.0,79710.8175166841,-101.6272801149062,-9.190236569193075
2021-05-18,79600.0,79683.70090615809,182.61555103095583,-266.316457189052
2021-05-19,79550.0,79693.47943055783,-95.91683005909812,-47.56260049872799
2021-05-20,79500.0,79705.85277749303,-315.41082382267246,109.5580463296501
2021-05-21,80100.0,79742.7004628548,278.90923909600747,78.39029804918391
2021-05-24,79700.0,79791.52035338744,23.757665802021215,-115.2780191894708
2021-05-25,79900.0,79832.58974926618,109.88844153403946,-42.47819080021873
2021-05-26,79800.0,79896.56250126267,-130.89863787529606,34.33613661261916
2021-05-27,79600.0,80006.78772294591,-319.62840169272727,-87.15932125318795
2021-05-28,80100.0,80146.28425575087,276.1622301302069,-322.4464858810825
2021-05-31,80500.0,80298.41488504666,56.81121798544556,144.77389696789032
2021-06-01,80600.0,80541.77052812038,119.64129920337446,-61.41182732375455
2021-06-02,80800.0,80882.33053804621,-103.99091677783548,21.660378731627134
2021-06-03,82800.0,81217.46028500482,-210.3243709129414,1792.8640859081206
2021-06-04,82200.0,81441.71791679425,190.86491914524282,567.4171640605055
2021-06-07,81900.0,81528.69064217608,-46.40962410352765,417.71898192744993
2021-06-08,81900.0,81471.54928964569,88.8107612176789,339.6399491366319
2021-06-09,81100.0,81321.66745272122,-77.52598542660125,-144.14146729461208
2021-06-10,81000.0,81157.11804793598,-56.830759500738495,-100.28728843524004
2021-06-11,81000.0,81030.25679917325,200.31631749307505,-230.57311666633177
2021-06-14,80500.0,80932.08847663054,-144.34592866842155,-287.7425479621161
2021-06-15,80900.0,80833.43157332389,18.240061868072516,48.32836480803962
2021-06-16,81800.0,80714.57326452501,-119.12193571740275,1204.5486711923877
2021-06-17,80900.0,80584.47370909239,96.83049128438442,218.69579962322314
2021-06-18,80500.0,80469.64013960306,133.84518954052876,-103.48532914358657
2021-06-21,79900.0,80424.13167930767,-126.2080097505102,-397.9236695571599
2021-06-22,80000.0,80470.27807846374,33.512501097754736,-503.79057956149336
2021-06-23,80100.0,80594.22031956422,-32.511594121438776,-461.7087254427897
2021-06-24,81200.0,80761.77738802377,43.36058544644187,394.8620265297941
2021-06-25,81600.0,80900.57407383042,-41.636090325071926,741.0620164946595
2021-06-28,81900.0,80935.08392777448,-84.52369387162456,1049.4397660971445
2021-06-29,81000.0,80847.246387658,121.98279132519379,30.770821016805712
2021-06-30,80700.0,80691.65716064577,-5.307873733645264,13.650713087874465
2021-07-01,80100.0,80574.1821780711,29.808007772126903,-503.99018584322766
2021-07-02,80000.0,80503.14968733992,-134.07052773101032,-369.07915960891114
2021-07-05,80400.0,80419.53698539386,-17.002239429344204,-2.5347459645126946
2021-07-06,81200.0,80316.18552792919,155.0445779973788,728.7698940734263
2021-07-07,80800.0,80217.81026314748,-45.99687764504843,628.1866144975793
2021-07-08,79900.0,80096.19395074315,141.79833855430448,-337.9922892974573
2021-07-09,79400.0,79946.27825302936,-153.1159045833536,-393.1623484460142
2021-07-12,79700.0,79831.31221548136,-113.52639912023183,-17.78581636112358
2021-07-13,79800.0,79773.44613698502,87.51070672375349,-60.956843708772794
2021-07-14,79500.0,79730.98761776337,-68.06568703771212,-162.92193072565715
2021-07-15,80600.0,79650.96994430576,321.0546918407223,627.9753638535185
2021-07-16,79800.0,79527.33283074027,-73.9074282329167,346.574597492654
2021-07-19,79000.0,79404.4556716253,-150.53537285531658,-253.92029876998276
2021-07-20,79000.0,79286.12247286188,-168.49290010061333,-117.62957276127418
2021-07-21,78500.0,79159.16515203328,-105.07442971833899,-554.0907223149406
2021-07-22,79700.0,79060.91288199258,442.3226857721545,196.76443223525712
2021-07-23,79300.0,79020.80138905504,-39.87518170689151,319.0737926518632
2021-07-26,78800.0,79001.98535127149,-45.30081891667499,-156.68453235481866
2021-07-27,78500.0,78968.3216798307,-267.2404389402624,-201.08124089043122
2021-07-28,79200.0,78930.99779605636,121.25663683645736,147.74556710718025
2021-07-29,79000.0,78920.78371245644,99.79146299315852,-20.575175449601375
2021-07-30,78500.0,78938.00346389762,-68.15223019590408,-369.8512337017164
2021-08-02,79300.0,78952.34797608964,86.64710105146551,261.0049228588905
2021-08-03,81400.0,78970.0370629754,-35.15491468974005,2465.1178517143417
2021-08-04,82900.0,79044.4777858867,110.9742610048734,3744.5479531084275
2021-08-05,82100.0,79230.11565791647,-125.74866847144824,2995.633010554986
2021-08-06,81500.0,79578.9278731489,-236.59882546586786,2157.67095231697
2021-08-09,81500.0,75132.50818721812,38.60599032185911,6328.885822460026
2021-08-10,80200.0,74719.56088554146,300.3063622357693,5180.132752222766
2021-08-11,78500.0,74576.85489054829,317.4772439598165,3605.667865491894
2021-08-12,77000.0,74398.41368720717,-305.8346011727444,2907.4209139655723
2021-08-13,74400.0,74219.00924304637,-414.2967654227231,595.2875223763549
2021-08-16,74250.0,74068.20333013503,-102.97583955533705,284.77250942030514
2021-08-17,74200.0,73922.21028663355,693.712046059119,-415.9223326926731
2021-08-18,73900.0,73800.48796873288,330.0107819325758,-230.49875066545792
2021-08-19,73100.0,73770.11274024348,-562.7785994835812,-107.33414075989276
2021-08-20,72700.0,73890.96315516043,-490.4140917651091,-700.5490633953159
2021-08-23,73300.0,74111.0333126445,-400.8292786782487,-410.20403396624897
2021-08-24,75600.0,74351.25728177885,877.1149710563878,371.6277471647627
2021-08-25,75700.0,74613.23953028978,641.4135912783844,445.3468784318393
2021-08-26,74600.0,74917.71628937923,-411.19990732813255,93.48361794890661
2021-08-27,74300.0,75213.36682492601,-594.3624445235431,-319.0043804024608
2021-08-30,74600.0,75470.48984318429,-404.6512666063749,-465.8385765779094
2021-08-31,76700.0,75717.86363895795,712.1797212872361,269.95663975481875
2021-09-01,76800.0,75966.33669456712,656.6458071720187,177.01749826087325
2021-09-02,76000.0,76155.99669701335,-428.0751540776374,272.07845706428634
2021-09-03,76600.0,76220.93658024259,-486.77209223387695,865.8355119912885
2021-09-06,77300.0,76161.17247038978,-245.67191728496303,1384.4994468951918
2021-09-07,76100.0,76038.16846861943,449.35131768698193,-387.51978630642407
2021-09-08,76300.0,75935.30681603822,503.1987971553733,-138.50561319359986
2021-09-09,75300.0,75922.30149942427,-457.24331602355755,-165.0581834007171
2021-09-10,75300.0,76008.85514910298,-196.31643073837233,-512.5387183646089
2021-09-13,76300.0,76154.83956154039,28.859148720697675,116.3012897389126
2021-09-14,76600.0,76352.96573177238,221.31226822139024,25.722000006237067
2021-09-15,77000.0,76579.65528109201,218.48554115188188,201.8591777561087
2021-09-16,76100.0,76788.37385232888,-350.481230610278,-337.89262171859446
2021-09-17,77200.0,76957.93964142399,-36.328523563028405,278.38888213904283
2021-09-20,77300.0,77101.8719006579,26.893952874105352,171.2341464679921
2021-09-21,77333.33333333333,77207.4581311129,223.20242058940977,-97.32721836898418
2021-09-22,77366.66666666667,77256.22730056536,-30.748634455444062,141.18800055676547
2021-09-23,77400.0,77148.21237257801,-121.53397394678903,373.3216013687779
2021-09-24,77300.0,76761.51916969787,138.35865694559726,400.1221733565326
2021-09-27,77700.0,76106.639722832,-169.63257650086527,1762.9928536688676
2021-09-28,76300.0,75254.28487939094,205.283629044724,840.4314915643336
2021-09-29,74100.0,74385.8133151488,-279.24390847381534,-6.5694066749856574
2021-09-30,74100.0,73691.7158562318,99.04466942983021,309.2394743383629
2021-10-01,73200.0,73188.91906507018,304.53716372658977,-293.45622879677103
2021-10-04,72450.0,72705.78847728182,-278.4003466183242,22.611869336498785
2021-10-05,72200.0,72231.6798014075,231.25901883123106,-262.9388202387345
2021-10-06,71300.0,71802.09455943263,-422.8732290908434,-79.22133034179569
2021-10-07,71600.0,71413.53953885708,111.93785124046072,74.5226099024585
2021-10-08,71500.0,70980.63247673056,306.4712149537752,212.89630831565592
2021-10-11,69625.0,70518.54589923332,-280.45366252045903,-613.0922367128514
2021-10-12,69000.0,70116.51310158178,296.43605321585403,-1412.9491547976359
2021-10-13,68800.0,69869.40513587682,-386.1275369120047,-683.2775989648217
2021-10-14,69400.0,69814.39671588012,35.531073156219314,-449.9277890363446
2021-10-15,70100.0,69917.58346604402,200.89097582126175,-18.47444186528446
2021-10-18,70200.0,70063.76326030011,-234.65171254943823,370.88845224933175
2021-10-19,70600.0,70207.70131081966,405.22768940454046,-12.929000224190531
2021-10-20,70300.0,70318.38101555413,-326.43799666560295,308.0569811114692
2021-10-21,70200.0,70378.29536662743,5.928269206501199,-184.2236358339287
2021-10-22,70400.0,70401.3642237947,-42.12352036574455,40.75929657103552
2021-10-25,70200.0,70417.47156200999,-196.61043851432413,-20.86112349566247
2021-10-26,71100.0,70405.76867299074,591.1995506535844,103.0317763556668
2021-10-27,70100.0,70384.793811103,-219.88108519585995,-64.91272590713925
2021-10-28,70700.0,70387.7366579203,-29.550270271830527,341.81361235154327
2021-10-29,69800.0,70418.75254960661,-221.64926761470701,-397.10328199190553
2021-11-01,69900.0,70457.48969044967,-75.94118880742205,-481.54850164224626
2021-11-02,71500.0,70485.58840932527,569.9962529787899,444.4153376959439
2021-11-03,70400.0,70504.83761217383,-192.54322856896468,87.70561639513471
2021-11-04,70600.0,70512.43570389492,-155.38554738790413,242.94984349298466
2021-11-05,70200.0,70487.23390024251,-241.8466794640371,-45.38722077847342
2021-11-08,70600.0,70433.1409325482,151.28216298504836,15.576904466754058
2021-11-09,70500.0,70412.06181339303,461.4270564517664,-373.4888698447903
2021-11-10,70200.0,70437.4088212561,-233.98222442688476,-3.426596829216578
2021-11-11,69900.0,70516.24115704665,-317.9107233951021,-298.330433651543
2021-11-12,70600.0,70622.33092988323,-224.67008012101735,202.33915023779264
2021-11-15,71400.0,70727.25553904347,665.6682065099654,7.076254446568782
2021-11-16,71300.0,70831.49493607212,305.6071949752227,162.8978689526557
2021-11-17,70700.0,70919.16335232153,-376.032784022296,156.8694317007612
2021-11-18,70200.0,70975.24597861557,-261.0007179286313,-514.2452606869338
2021-11-19,71200.0,71097.2396279655,-289.30823067685736,392.06860271136975
2021-11-22,74900.0,71516.96567286427,318.60654574617485,3064.427781389546
2021-11-23,75300.0,72377.43201031044,512.1071955645824,2410.4607941249706
2021-11-24,74800.0,72791.5888643472,-345.14977303064114,2353.5609086834447
2021-11-25,73700.0,73336.54932851753,-39.83285503630044,403.28352651877503
2021-11-26,72300.0,73762.22795930163,-386.4189386808758,-1075.8090206207562
2021-11-29,72300.0,74061.1289515967,129.04474974996805,-1890.1737013466627
2021-11-30,71300.0,74474.06126413273,468.4973804487362,-3642.5586445814697
2021-12-01,74400.0,75437.13997499277,-262.001897815814,-775.1380771769473
2021-12-02,75800.0,75886.76810509636,270.50342116147283,-357.27152625782765
2021-12-03,75600.0,76183.9547099116,-491.30817497545013,-92.64653493615333
2021-12-06,76300.0,76476.44824985933,-154.82388748402997,-21.624362375296187
2021-12-07,77400.0,76782.26762724273,527.9856044633525,89.74676829391683
2021-12-08,77400.0,77027.05990611266,-161.008308187918,533.948402075257
2021-12-09,78200.0,77184.11861472097,389.1025100837991,626.7788751952321
2021-12-10,76900.0,77281.99582064118,-253.25042738060486,-128.7453932605713
2021-12-13,76800.0,77334.01382199135,-423.2357007053099,-110.77812128604273
2021-12-14,77000.0,77368.30440204147,51.51727744665946,-419.82167948813003
2021-12-15,77600.0,77413.84971941721,94.43585373196747,91.7144268508273
2021-12-16,77800.0,77539.91429722804,326.36854382957,-66.28284105760395
2021-12-17,78000.0,77801.18303541248,28.85539943347993,169.9615651540371
2021-12-20,77100.0,78178.72046782747,-293.4936765124896,-785.2267913149844
2021-12-21,78100.0,78610.29832302152,62.74182300445031,-573.0401460259745
2021-12-22,79400.0,79058.21820541745,-24.92235419512712,366.70414877767325
2021-12-23,79900.0,79449.62046528343,-7.588297164579032,457.9678318811493
2021-12-24,80500.0,79675.32529352888,154.28995199768823,670.3847544734308
2021-12-27,80200.0,79677.31834676176,-122.37381465937881,645.0554678976187
2021-12-28,80300.0,79481.01831733661,262.1712097716203,556.8104728917679
2021-12-29,78800.0,79191.84670966268,-240.5717628899063,-151.27494677278446
2021-12-30,78300.0,78876.63401507142,-298.3177755929602,-278.31623947845947
2021-12-31,78375.0,78565.54310156255,155.75263017109222,-346.2957317336404
2022-01-03,78600.0,78299.26974636856,86.10118209440049,214.62907153704145
2022-01-04,78700.0,78128.36092683213,494.10559545261026,77.53347771526023
2022-01-05,77400.0,78038.93420719862,-309.1887968301891,-329.74541036842857
2022-01-06,76900.0,78008.4179634983,-322.8554127788726,-785.5625507194345
2022-01-07,78300.0,78011.75605465031,11.836825002620003,276.40712034706667
2022-01-10,78000.0,78035.34208797055,146.45644081542298,-181.7985287859774
2022-01-11,78900.0,78024.18341354343,412.2668347938893,463.5497516626783
2022-01-12,78900.0,77935.27189227969,-346.9531297658934,1311.6812374862056
2022-01-13,77900.0,77741.54112258738,-60.12067227994516,218.5795496925566
2022-01-14,77300.0,77477.28128787312,-30.54455813804874,-146.736729735072
2022-01-17,77500.0,77174.72873356222,80.68513153289157,244.58613490487915
2022-01-18,77000.0,76853.99518674138,159.415364197836,-13.410550939210225
2022-01-19,76300.0,76483.19069834761,-281.3449874246864,98.15428907707974
2022-01-20,76500.0,76054.85715238225,182.06019602343434,263.08265159431903
2022-01-21,75600.0,75611.11834335254,-4.097533581616283,-7.020809770925553
2022-01-24,75100.0,75181.53783560681,-9.408430952168437,-72.12940465463907
2022-01-25,74000.0,74681.52639438116,-75.25741197736164,-606.2689824037952
2022-01-26,73300.0,74168.70144589104,-193.47845899335152,-675.2229868976865
2022-01-27,71300.0,73767.74308498976,345.7657136264435,-2813.5087986162107
2022-01-28,73300.0,73515.65411380681,130.76497264429543,-346.4190864511038
2022-01-31,73300.0,73396.93744852542,-232.0153292451301,135.07788071970572
2022-02-01,73300.0,73381.69466174088,-309.685179131085,227.99051739020797
2022-02-02,73300.0,73412.2796085852,-21.88569357228802,-90.39391501291539
2022-02-03,73300.0,73480.5604780639,460.8448506256075,-641.4053286895069
2022-02-04,74000.0,73603.23185841646,232.5552140825137,164.21292750102293
2022-02-07,73000.0,73799.38819404712,-408.21484076826647,-391.1733532788494
2022-02-08,73500.0,74029.63974904106,-427.2840292474355,-102.35571979363158
2022-02-09,74700.0,74213.40810993042,126.1951372403086,360.39675282927055
2022-02-10,75400.0,74338.03736449132,550.5472704419739,511.41536506669945
2022-02-11,74900.0,74431.21361365548,181.66104709065118,287.12533925387834
2022-02-14,73700.0,74452.37700971884,-430.4437226338317,-321.93328708500485
2022-02-15,73700.0,74408.113081699,-484.1511754699239,-223.96190622908762
2022-02-16,74800.0,74356.32277450175,89.95768437914204,353.719541119106
2022-02-17,75000.0,74294.97390083814,830.7964940403264,-125.77039487847651
2022-02-18,74300.0,74196.54977018885,27.58122096848728,75.86900884266652
2022-02-21,74200.0,74045.44531217641,-393.80085761765,548.3555454412417
2022-02-22,73400.0,73769.07994090438,-517.9959604970275,148.9160195926379
2022-02-23,73000.0,73391.86989724201,-17.31538229679475,-374.5545149452082
2022-02-24,71500.0,72975.20176932083,977.0201987155403,-2452.221968036378
2022-02-25,71900.0,72573.03503454242,-63.57233959788332,-609.4626949445374
2022-02-28,72100.0,72258.839284314,-301.62727733920826,142.7879930252093
2022-03-01,71900.0,72052.20922849698,-573.7988909928278,421.58966249584046
2022-03-02,71700.0,71857.42886289238,-103.33591098635932,-54.092951906030066
2022-03-03,72900.0,71583.5972090684,1038.1354027057655,278.26738822583866
2022-03-04,71500.0,71244.02491077119,-92.50007787022938,348.4751670990372
2022-03-07,70100.0,70909.84465455178,-302.70337468362396,-507.14127986815583
2022-03-08,69500.0,70617.89629563734,-582.1472904284693,-535.7490052088688
2022-03-09,70350.0,70397.24137391496,-45.650897837527964,-1.5904760774283204
2022-03-10,71200.0,70270.35751756944,968.4256281558115,-38.78314572524687
2022-03-11,70000.0,70243.04541887746,-4.542544118104804,-238.50287475936057
2022-03-14,70200.0,70273.85146607105,-363.4319113025768,289.58044523152057
2022-03-15,69500.0,70324.76814441569,-472.54992348112444,-352.21822093456285
2022-03-16,70400.0,70367.18845294006,97.86136965149232,-65.04982259155076
2022-03-17,71200.0,70397.15842735651,551.8480358815478,250.99353676194733
2022-03-18,70700.0,70402.49468433653,-24.850949481305925,322.3562651447719
2022-03-21,69900.0,70365.41277150429,-259.1935312256619,-206.21924027861678
2022-03-22,70300.0,70270.42729229516,-173.522095193938,203.09480289877683
2022-03-23,70500.0,70153.1409197619,140.9330602484935,205.92601998959435
2022-03-24,69800.0,70058.71089840714,201.97724590537817,-460.68814431251667
2022-03-25,69800.0,69971.6084796345,-112.02109442078083,-59.587385213715606
2022-03-28,69700.0,69873.28961593908,-142.4655591095344,-30.824056829544134
2022-03-29,70200.0,69781.18527793243,72.50634498497486,346.30837708260515
2022-03-30,69900.0,69701.09448564044,223.65857539159626,-24.753061032039113
2022-03-31,69600.0,69577.67608342736,-40.977604224895714,63.301520797540434
2022-04-01,69100.0,69373.01857021052,-233.36596133386274,-39.652608876654995
2022-04-04,69300.0,69106.59157636874,-84.40730578292134,277.8157294141856
2022-04-05,69200.0,68833.97278717258,72.65303619995763,293.37417662746157
2022-04-06,68500.0,68566.73149304955,362.4676002595193,-429.19909330907103
2022-04-07,68000.0,68298.84451230458,-1.8783234759884246,-296.96618882859184
2022-04-08,67800.0,68065.72266091635,-320.35717305954074,54.634512143195025
2022-04-11,67900.0,67870.6639181177,-145.9779403674216,175.3140222497168
2022-04-12,67000.0,67694.70913299982,-75.0581453568175,-619.6509876430064
2022-04-13,68700.0,67518.63101535726,442.3616836270543,739.0073010156921
2022-04-14,67500.0,67375.74476221719,213.20962324017898,-88.95438545737125
2022-04-15,66600.0,67272.26612031649,-273.89210922910206,-398.3740110873914
2022-04-18,66700.0,67209.40307537356,-295.0011610283891,-214.40191434517328
2022-04-19,67300.0,67157.01776779554,-268.1524567350246,411.13468893949175
2022-04-20,67400.0,67113.52906208967,554.5829017465373,-268.1119638362143
2022-04-21,67700.0,67056.18452433102,331.6723661906388,312.1431094783329
2022-04-22,67000.0,66986.75678349039,-209.02257438640305,222.26579089601
2022-04-25,66300.0,66929.49989681608,-374.29861813027435,-255.2012786858104
2022-04-26,66100.0,66945.11424109127,-253.0414127113646,-592.0728283799108
2022-04-27,65000.0,67069.47317845805,477.2984648636247,-2546.7716433216774
2022-04-28,64800.0,67158.21307455048,250.79005947285094,-2609.0031340233327
2022-04-29,67400.0,67425.00248283522,-77.19233820378486,52.18985536856053
2022-05-02,67300.0,67487.6791652562,-349.4490677151723,161.76990245898196
2022-05-03,67500.0,67388.40400921134,-193.33436572085787,304.9303565095179
2022-05-04,67900.0,67209.45978627168,360.12004664630496,330.42016708201845
2022-05-05,67200.0,66959.95488999579,44.08476900908347,195.96034099512326
2022-05-06,66500.0,66654.67237570841,46.61473763701647,-201.28711334543186
2022-05-09,66100.0,66349.6394604273,-218.19502132889704,-31.444439098399016
2022-05-10,65700.0,66119.43066217631,-96.04630058490724,-323.3843615914084
2022-05-11,65700.0,66025.4356901701,303.1773700881831,-628.613060258278
2022-05-12,64900.0,66124.71762590406,-211.39950972245194,-1013.3181161816028
2022-05-13,66500.0,66403.28607088579,101.19197943199978,-4.478050317789894
2022-05-16,66300.0,66790.45702694333,47.517255994014235,-537.9742829373427
2022-05-17,67600.0,67160.53847604769,-44.71567351893769,484.1771974712465
2022-05-18,68100.0,67426.194748448,108.68696337602752,565.1182881759742
2022-05-19,67500.0,67536.60063255655,-390.4743240254438,353.8736914688925
2022-05-20,68000.0,67468.05280891602,122.23736480589275,409.7098262780928
2022-05-23,67900.0,67249.63992992479,182.104762864334,468.2553072108858
2022-05-24,66500.0,66999.65513743393,-0.369189898794005,-499.28594753514335
2022-05-25,66400.0,66823.21489820593,53.39741647377417,-476.61231467970356
2022-05-26,65900.0,66750.08871899995,-307.39216195968726,-542.6965570402681
2022-05-27,66500.0,66769.9770643809,144.36248840628878,-414.33955278719077
2022-05-30,67700.0,66842.86489354518,135.21235930777704,721.9227471470513
2022-05-31,67400.0,66894.36340085944,-49.20728205484109,554.8438811953965
2022-06-01,67050.0,66842.55761983401,-23.184279040662837,230.62665920665313
2022-06-02,66700.0,66656.29112049314,-11.690182167683787,55.39906167454319
2022-06-03,66800.0,66379.63056177867,123.56601871821802,296.80341950310685
2022-06-06,65825.0,66047.7159750879,-69.29424438198018,-153.42173070591525
2022-06-07,65500.0,65592.23768148053,-29.118100909173336,-63.1195805713578
2022-06-08,65300.0,64981.653695756286,-134.76372980112404,453.11003404483927
2022-06-09,65200.0,64258.81370845406,212.61611665270937,728.5701748932333
2022-06-10,63800.0,63479.579542039966,178.88647340591544,141.5339845541166
2022-06-13,62100.0,62681.11663033398,-239.3783745982084,-341.7382557357705
2022-06-14,61900.0,61890.25171857573,29.45977401583952,-19.711492591573915
2022-06-15,60700.0,61140.87521073732,-214.78527404226838,-226.08993669505435
2022-06-16,60900.0,60432.908573093104,149.40397488855473,317.687452018341
2022-06-17,59800.0,59793.42706605753,199.3937377385483,-192.82080379607942
2022-06-20,58700.0,59219.2943564653,-129.34219777330094,-389.95215869200183
2022-06-21,58500.0,58739.26942856366,133.8598518224407,-373.1292803860997
2022-06-22,57600.0,58424.840532678296,-363.64595695557256,-461.1945757227222
2022-06-23,57400.0,58292.49151474812,-3.178779860121665,-889.3127348880007
2022-06-24,58400.0,58261.915082406726,276.45408545435134,-138.36916786107759
2022-06-27,58800.0,58233.3423608073,78.58816286873378,488.0694763239662
2022-06-28,59400.0,58181.539618365045,93.83185567895197,1124.6285259560027
2022-06-29,58000.0,58024.916929452214,-553.3571134490738,528.4401839968559
2022-06-30,57000.0,57740.66303417981,-110.54211405017124,-630.1209201296369
2022-07-01,56200.0,57453.25189272311,330.7875395966805,-1584.0394323197906
2022-07-04,57100.0,57338.501372372266,335.8317060883948,-574.3330784606587
2022-07-05,57200.0,57413.800865985264,12.932442634843468,-226.73330862011062
2022-07-06,56400.0,57615.654172585855,-658.2995489515532,-557.3546236343027
2022-07-07,58200.0,57832.44569209625,64.29701068990029,303.2572972138514
2022-07-08,58700.0,58054.31550873609,290.3708232228487,355.313668041068
2022-07-11,58800.0,58280.77128349432,328.62529750779333,190.60341899788182
2022-07-12,58100.0,58548.16522282839,-93.24773201055478,-354.9174908178393
2022-07-13,58000.0,58871.736970367536,-685.2873244359104,-186.44964593162877
2022-07-14,57500.0,59338.59522594634,302.8292698149765,-2141.424495761312
2022-07-15,60000.0,59926.51425738788,201.2903610628712,-127.80461845074751
2022-07-18,61900.0,60492.084495419476,154.09508009457215,1253.8204244859517
2022-07-19,60900.0,60869.69039390035,-78.68220883483295,108.99181493448123
2022-07-20,60500.0,61057.71385241319,-498.12168103824877,-59.592171374941245
2022-07-21,61800.0,61203.20511774588,406.61847433202774,190.17640792209568
2022-07-22,61300.0,61324.1188157685,29.17144277476708,-53.290258543267555
2022-07-25,61100.0,61427.96963165389,33.30954073631877,-361.2791723902119
2022-07-26,61700.0,61494.359289341,-0.4014990252193442,206.04220968421578
2022-07-27,61800.0,61528.24338723732,-334.0046907188041,605.7613034814785
2022-07-28,61900.0,61565.24270879568,341.0405745904996,-6.2832833861830295
2022-07-29,61400.0,61578.39643998615,38.433131674847615,-216.82957166100095
2022-08-01,61300.0,61535.17777278048,-86.88749920555374,-148.29027357492305
2022-08-02,61700.0,61467.845270343816,36.25366921144608,195.90106044473941
2022-08-03,61300.0,61379.00036379331,-321.5854758236587,242.58511203034868
2022-08-04,61500.0,61222.72045292511,235.2770217800267,42.0025252948617
2022-08-05,61500.0,60981.176996741895,113.69051000664395,405.1324932514617
2022-08-08,60800.0,60683.99915743316,-3.4235478378502417,119.42439040468889
2022-08-09,60000.0,60407.17218928492,-32.02128386780058,-375.15090541711834
2022-08-10,59100.0,60236.71279612524,-420.4537271453204,-716.2590689799181
2022-08-11,59900.0,60204.1343497927,280.16138547417256,-584.2957352668745
2022-08-12,60200.0,60305.286648795605,286.2587970203197,-391.545445815922
2022-08-15,60800.0,60489.26451458977,16.231961125555614,294.5035242846716
2022-08-16,61000.0,60651.50032024306,-148.77873419444978,497.27841395138967
2022-08-17,60400.0,60703.860139557866,-556.6571475555716,252.79700799770217
2022-08-18,61500.0,60606.56619453795,347.9987679505726,545.4350375114809
2022-08-19,60900.0,60382.99589364616,375.5312871252012,141.47281922863476
2022-08-22,60000.0,60112.45064956589,-51.97470947070113,-60.475940095195256
2022-08-23,59100.0,59851.25925453064,-95.15026476758312,-656.1089897630591
2022-08-24,59000.0,59585.206082746154,-566.5588899529754,-18.647192793177965
2022-08-25,59700.0,59358.10620392067,356.3538819381902,-14.460085858867387
2022-08-26,60000.0,59199.98861818327,304.4514022706742,495.55997954605846
2022-08-29,58600.0,59024.793245665416,-36.10409750920479,-388.68914815621247
2022-08-30,58800.0,58701.62493195259,62.07392808061266,36.301139966795745
2022-08-31,59700.0,58261.987972641706,-486.7412900157702,1924.7533173740667
2022-09-01,58400.0,57804.48467584785,55.86727303136837,539.6480511207774
2022-09-02,57500.0,57396.42946366962,130.03579827797472,-26.465261947596446
2022-09-05,57100.0,57057.0460584338,140.13093893568637,-97.1769973694827
2022-09-06,57100.0,56816.94341325419,327.3361530925126,-44.27956634669681
2022-09-07,56000.0,56665.43982493964,-383.1086659239927,-282.3311590156445
2022-09-08,55600.0,56625.99079423457,-241.30660200286528,-784.6841922317035
2022-09-09,56100.0,56665.620963227615,-55.44722984281843,-510.17373338479956
2022-09-12,57600.0,56716.46483834208,303.061247411847,580.4739142460749
2022-09-13,58100.0,56748.339864688474,456.4504822991935,895.2096530123308
2022-09-14,56800.0,56703.17695306055,-211.99348192210059,308.81652886154916
2022-09-15,56000.0,56523.172346228625,-526.6621195280408,3.4897732994140824
2022-09-16,56200.0,56240.14114806617,-160.3099997741702,120.16885170800379
2022-09-19,56400.0,55933.011658720505,361.3074546672487,105.68088661224465
2022-09-20,55800.0,55605.90168003832,521.3796252646351,-327.2813053029531
2022-09-21,55300.0,55239.884088875515,-48.35148871639673,108.46739984088344
2022-09-22,54400.0,54861.03121435094,-713.8036344796691,252.7724201287274
2022-09-23,54500.0,54499.698637918234,-75.7775693359365,76.07893141770182
2022-09-26,53900.0,54160.32853069798,283.95945804100865,-544.2879887389936
2022-09-27,54200.0,53858.70553506411,402.3279186172109,-61.03345368131704
2022-09-28,52900.0,53706.752698561744,103.99935120314018,-910.7520497648875
2022-09-29,52600.0,53779.14947213914,-751.1297688877513,-428.0197032513897
2022-09-30,53100.0,54005.71559616349,123.36441946178022,-1029.0800156252735
2022-10-03,54675.0,54297.75243293118,203.18986400421613,174.0577030646091
2022-10-04,55200.0,54695.12109870866,285.79798965361147,219.0809116377277
2022-10-05,56000.0,55076.275253938446,69.48887331434977,854.2358727472019
2022-10-06,56300.0,55332.3415743399,-785.5468805784552,1753.205306238553
2022-10-07,56200.0,55503.82450732563,132.18786871179,563.9876239625737
2022-10-10,55600.0,55625.48129633667,332.11445831933037,-357.5957546560021
2022-10-11,55400.0,55704.708812352874,313.8490747360039,-618.5578870888785
2022-10-12,55800.0,55777.34659601889,22.054331856304632,0.5990721248017508
2022-10-13,55200.0,55864.10288566647,-790.3865648235695,126.28367915709532
2022-10-14,56300.0,55964.62192681723,16.150814570156257,319.2272586126128
2022-10-17,56600.0,56050.22110539557,477.75735821987905,72.02153638454911
2022-10-18,56500.0,56114.507479596425,407.5686752519978,-22.076154848422448
2022-10-19,55800.0,56199.54650626717,-55.52493527803327,-344.02157098914176
2022-10-20,55500.0,56309.4618371926,-687.2582114649143,-122.203625727685
2022-10-21,55900.0,56421.03503931313,-356.19301804105856,-164.8420212720739
2022-10-24,57500.0,56567.46502665401,506.23459573545654,426.30037761053245
2022-10-25,57700.0,56880.14908203416,644.7771899050405,175.07372806080093
2022-10-26,59400.0,57539.42602498939,77.29528171006663,1783.278693300541
2022-10-27,59500.0,57939.48625408441,-688.3900887933212,2248.903834708908
2022-10-28,57300.0,58601.67325795644,-693.7265120197048,-607.946745936737
2022-10-31,59400.0,59001.23703608977,377.8804785569296,20.88248535330058
2022-11-01,60000.0,59237.79070838217,803.3953292513785,-41.18603763354622
2022-11-02,59600.0,59457.07575731051,308.6351114603754,-165.71086877088237
2022-11-03,59200.0,59750.63349001434,-716.3315176045907,165.69802759024606
2022-11-04,59400.0,60083.34162584002,-597.3875470992074,-85.95407874081138
2022-11-07,60200.0,60392.41970716232,133.1750998073528,-325.5948069696751
2022-11-08,61800.0,60673.022617388095,632.3031070896318,494.6742755222731
2022-11-09,62000.0,60998.88868939367,511.02867545956445,490.0826351467622
2022-11-10,60400.0,61362.64036018727,-623.2860938244592,-339.3542663628177
2022-11-11,62900.0,61657.78046531358,-324.78689373910015,1567.0064284255204
2022-11-14,61900.0,61821.63463770835,-100.3661895520856,178.731551843739
2022-11-15,62400.0,61900.65970979859,309.5513079357334,189.7889822656798
2022-11-16,62700.0,61896.78230165068,411.04778498282826,392.1699133664879
2022-11-17,61400.0,61780.94938733221,-284.2608410809871,-96.68854625122913
2022-11-18,61800.0,61607.557336754726,15.610595638754248,176.83206760651956
2022-11-21,61400.0,61433.63296303058,-148.4738869165015,114.84092388592398
2022-11-22,60600.0,61250.706528841605,13.765846040711367,-664.4723748823162
2022-11-23,61000.0,61053.08683450164,90.43096977792447,-143.51780427956692
2022-11-24,61400.0,60885.47488256533,-111.4863492295593,626.011466664233
2022-11-25,61000.0,60794.01946972513,310.5893023381881,-104.60877206331497
2022-11-28,60100.0,60726.312290375405,-20.381964263256442,-605.9303261121458
2022-11-29,60600.0,60564.113507816735,-162.87033489849577,198.75682708175736
2022-11-30,62200.0,60318.73820736598,-312.0980880287549,2193.3598806627706
2022-12-01,62600.0,60164.8206887529,-2.807906237655677,2437.987217484755
2022-12-02,60400.0,59889.490248779955,488.69624300929524,21.813508210747386
2022-12-05,60300.0,59699.85839886212,74.31087944668424,525.8307216911999
2022-12-06,59200.0,59626.774803375425,-123.38123614148078,-303.39356723394303
2022-12-07,58900.0,59577.64614561265,-540.1286816914314,-137.51746392122004
2022-12-08,59200.0,59528.39411888003,18.799389687006112,-347.19350856703386
2022-12-09,60400.0,59494.37818835944,492.91527344165297,412.7065381989014
2022-12-12,59500.0,59475.45994097641,220.56036075327654,-196.02030172968807
2022-12-13,59700.0,59436.30315891148,-65.0442246073686,328.74106569588184
2022-12-14,60500.0,59363.50932876685,-701.1224209357069,1837.61309216886
2022-12-15,59300.0,59231.92734380489,148.38400485126022,-80.31134865614877
2022-12-16,59500.0,59091.24437450009,361.5855903642811,47.17003513562668
2022-12-19,59500.0,58966.55617037031,208.5096426659559,324.9341869637283
2022-12-20,58600.0,58830.77894339813,82.67996669539642,-313.45891009352636
2022-12-21,58000.0,58635.19700712433,-773.9810784310285,138.7840713067053
2022-12-22,59100.0,58403.506653384495,211.78322077636597,484.71012583914126
2022-12-23,58100.0,58188.30401313476,89.62500476980127,-177.92901790455653
2022-12-26,57900.0,58016.16574581167,379.37559830528795,-495.5413441169585
2022-12-27,58100.0,57852.56822570103,193.51803229604067,53.91374200292921
2022-12-28,56600.0,57710.97885101047,-772.3350480326311,-338.64380297783646
2022-12-29,55300.0,57659.676312145144,72.6801376632882,-2432.3564498084306
2022-12-30,55350.0,57928.29156969882,-48.43695161561334,-2529.8546180832054
2023-01-02,55500.0,58045.39372211965,488.89108244688776,-3034.284804566538
2023-01-03,55400.0,58598.7155392138,247.9301126933505,-3446.6456519071508
2023-01-04,57800.0,58970.279138253325,-644.21625780666,-526.0628804466614
2023-01-05,58200.0,59258.29179004181,-57.0420445250347,-1001.2497455167759
2023-01-06,59000.0,59545.665323247544,-126.61899195392388,-419.046331293619
2023-01-09,60700.0,59860.087959626995,538.9630212130226,300.94901915998344
2023-01-10,60400.0,60190.677101238834,267.4391128651123,-58.11621410394582
2023-01-11,60500.0,60452.155200292575,-506.01829085920104,553.8630905666287
2023-01-12,60500.0,60634.94684946228,-278.2753134057979,143.32846394352237
2023-01-13,60800.0,60757.62133214947,-83.7227225183677,126.1013903688945
2023-01-16,61100.0,60864.42506303277,490.9422804831963,-255.3673435159726
2023-01-17,61000.0,60989.153117933216,146.80241006625246,-135.95552799946745
2023-01-18,60400.0,61214.507720965405,-431.9321697846827,-382.57555118072196
2023-01-19,61500.0,61559.10376890912,25.976012498336218,-85.07978140745399
2023-01-20,61800.0,61992.861942730546,268.5123811299617,-461.3743238605093
2023-01-23,62760.0,62460.76416887338,81.23141641141684,218.00441471520753
2023-01-24,63080.0,62909.86736806827,-82.22086637538959,252.3534983071222
2023-01-25,63400.0,63268.915926645204,-496.8769365761872,627.9610099309793
2023-01-26,63900.0,63493.605461746956,266.5240599283509,139.87047832469398
2023-01-27,64600.0,63543.31542784114,484.90934863167547,571.7752235271837
2023-01-30,63300.0,63458.79087161949,-191.21476308232317,32.423891462836764
2023-01-31,61000.0,63300.88182515556,-183.15204785579343,-2117.7297772997626
2023-02-01,61800.0,63063.3584882981,-465.46102526093284,-797.8974630371667
2023-02-02,63500.0,62803.34189899273,422.8551016748923,273.80299933237984
2023-02-03,63800.0,62673.927939827925,497.37780901901823,628.6942511530578
2023-02-06,61600.0,62644.495306123594,-227.3485170772542,-817.1467890463391
2023-02-07,61900.0,62611.49995119943,-197.23047792242693,-514.2694732770033
2023-02-08,63100.0,62598.68609465036,-543.8715465548386,1045.1854519044791
2023-02-09,63000.0,62673.44047419365,559.153002644418,-232.59347683806845
2023-02-10,62800.0,62787.51898142657,365.87060073286824,-353.3895821594342
2023-02-13,62900.0,62858.29297445667,-175.74049900054803,217.44752454387344
2023-02-14,63200.0,62872.47828863124,-185.44545513038162,512.9671664991401
2023-02-15,62200.0,62869.07232380398,-501.4432252747748,-167.6290985292071
2023-02-16,63700.0,62786.80121503703,531.0733940905803,382.12539087239566
2023-02-17,62600.0,62597.946513571515,88.13840994933975,-86.08492352085159
2023-02-20,62700.0,62359.669121324885,3.6784604301869743,336.6524182449284
2023-02-21,62100.0,62106.90978710723,-54.427059638496196,47.51727253126592
2023-02-22,61100.0,61815.336102600115,-418.6779652020421,-296.65813739807345
2023-02-23,62000.0,61510.79790282181,403.52578905943045,85.67630811876006
2023-02-24,61300.0,61242.81793834255,-89.45949763118999,146.64155928864056
2023-02-27,60500.0,61030.75443349866,198.1185237929922,-728.8729572916491
2023-02-28,60600.0,60872.17456100719,-80.39196667702541,-191.782594330165
2023-03-01,60700.0,60785.220239979775,-279.0686908579655,193.84845087819122
2023-03-02,60800.0,60770.91709772567,222.56372659632902,-193.48082432200317
2023-03-03,60500.0,60762.65084117386,-23.709617482154293,-238.9412236917051
2023-03-06,61500.0,60678.82899167515,188.51934377167498,632.6516645531738
2023-03-07,60700.0,60528.629221906325,-263.6313829304342,435.0021610241092
2023-03-08,60300.0,60353.46662436673,-122.8367026688791,69.37007830214861
2023-03-09,60100.0,60148.86735752893,90.97786956520838,-139.84522709413432
2023-03-10,59500.0,59949.3665535093,215.92603992331988,-665.2925934326195
2023-03-13,60000.0,59825.195189465405,102.12055719637408,72.68425333822233
2023-03-14,59000.0,59830.884276130615,-351.7217658298827,-479.1625103007318
2023-03-15,59800.0,59933.32146560191,-127.27421624789343,-6.047249354021915
2023-03-16,59900.0,60100.806653520136,104.54806561375094,-305.35471913388756
2023-03-17,61300.0,60337.60351085581,465.04405746421185,497.35243167997396
2023-03-20,60200.0,60669.25201857158,-115.93043078357952,-353.3215877879993
2023-03-21,60300.0,61046.41008463577,-356.42765023548856,-389.98243440027727
2023-03-22,61100.0,61422.99811924164,-199.88959012257033,-123.10852911906841
2023-03-23,62300.0,61796.56811824834,143.9806052064827,359.45127654518
2023-03-24,63000.0,62172.36956076472,631.0727556822233,196.55768355305918
2023-03-27,62100.0,62502.438617177104,-291.03131857938354,-111.40729859771818
2023-03-28,62900.0,62767.52738128084,-254.3170051854431,386.7896239046022
2023-03-29,62700.0,62977.66839627936,-215.70481406547975,-61.96358221388073
2023-03-30,63200.0,63166.60550664792,211.26092223665668,-177.86642888457573
2023-03-31,64000.0,63334.64118521215,408.453825870742,256.9049889171074
2023-04-03,63100.0,63490.939114838926,-266.0517752696512,-124.88733956927172
2023-04-04,63600.0,63743.95024158905,-46.54656814825127,-97.40367344080005
2023-04-05,63900.0,64126.43348559075,-125.02850493862844,-101.4049806521216
2023-04-06,62300.0,64581.437662492244,176.31287357994412,-2457.7505360721916
2023-04-07,65000.0,65060.29424606797,112.82491074021183,-173.11915680818493
2023-04-10,65700.0,65452.77693245315,-177.52378522748558,424.74685277434037
2023-04-11,65900.0,65647.13227078457,65.14573921141991,187.72199000400724
2023-04-12,66000.0,65681.30309303236,-91.52854472557514,410.2254516932153
2023-04-13,66100.0,65668.00527953099,79.20360232101719,352.7911181479867
2023-04-14,65100.0,65617.21796400257,15.698625454990214,-532.9165894575635
2023-04-17,65300.0,65542.26818765898,-48.11828458006386,-194.14990307891276
2023-04-18,65600.0,65477.21056684632,142.29950810469862,-19.510074951016577
2023-04-19,65500.0,65438.322559537475,-157.42895079040088,219.106391252928
2023-04-20,65300.0,65416.375335643555,-43.93383258909807,-72.4415030544551
2023-04-21,65700.0,65336.011653955575,31.96691607614993,332.02142996827024
2023-04-24,65200.0,65209.87363948743,97.13594205726893,-107.00958154469845
2023-04-25,63600.0,65114.476777940225,205.20652296040032,-1719.6833009006223
2023-04-26,64100.0,65082.70501845072,-211.60612162662616,-771.0988968240927
2023-04-27,64600.0,65110.97487846451,-268.7168895615584,-242.25798890295118
2023-04-28,65500.0,65205.22695204306,100.59333962867157,194.17970832827268
2023-05-01,65650.0,65313.41891158359,281.4678184747496,55.11326994166302
2023-05-02,65700.0,65397.69582377033,237.47463500052962,64.82954122914089
2023-05-03,65400.0,65436.96732495085,-340.2082423359372,303.24091738509014
2023-05-04,65100.0,65418.87660772358,-393.00030332896176,74.12369560538355
2023-05-05,65300.0,65351.979663749495,142.53452219367404,-194.51418594316783
2023-05-08,65900.0,65233.37013120571,384.6233213772732,282.00654741701874
2023-05-09,65300.0,65081.76769001313,211.61688808745174,6.615421899419744
2023-05-10,64600.0,64937.31543458015,-419.21029816477096,81.89486358461727
2023-05-11,64200.0,64849.2444649876,-456.6976218100006,-192.5468431775953
2023-05-12,64100.0,64866.879454528935,254.93047939038752,-1021.8099339193213
2023-05-15,64500.0,65091.05894055692,508.4539617091202,-1099.5129022660403
2023-05-16,65400.0,65548.18229449147,123.56032176221,-271.7426162536867
2023-05-17,65000.0,66158.35806095411,-443.3174120426028,-715.0406489115048
2023-05-18,66200.0,66765.68600177485,-537.5747440427547,-28.111257732103695
2023-05-19,68400.0,67354.06711959175,337.65340955102664,708.2794708572183
2023-05-22,68500.0,67948.80403562977,525.1709828242335,26.024981545997434
2023-05-23,68400.0,68487.15744367302,118.83060196642542,-205.98804563944577
2023-05-24,68500.0,68950.06319002062,-466.91191838075633,16.84872836014256
2023-05-25,68800.0,69400.03404368587,-609.3916583340675,9.357614648193703
2023-05-26,70300.0,69947.29668734866,514.1139050213442,-161.41059236999718
2023-05-29,71800.0,70524.52841857719,420.106916187141,855.3646652356692
2023-05-30,72300.0,71027.74264591598,102.5417379694443,1169.715616114583
2023-05-31,71400.0,71387.18444603648,-342.18408898718405,354.99964295070095
2023-06-01,70900.0,71538.09703669541,-580.4840675054268,-57.61296918998414
2023-06-02,72200.0,71512.69688265432,494.41157053874866,192.89154680693173
2023-06-05,71700.0,71449.38475999347,187.91742183289273,62.697818173634005
2023-06-06,71350.0,71406.07323071694,186.0709994926538,-242.14423020959657
2023-06-07,71000.0,71371.28756699059,-207.52505447573938,-163.7625125148479
2023-06-08,70900.0,71374.50173200644,-449.463615282606,-25.038116723837447
2023-06-09,72000.0,71444.18701873621,397.20357242949217,158.6094088342943
2023-06-12,71000.0,71546.45403428562,-12.15825545402355,-534.295778831598
2023-06-13,72000.0,71614.7650267912,191.92151068356372,193.31346252524236
2023-06-14,71900.0,71624.55445871966,-184.0331704169489,459.4787116972875
2023-06-15,71500.0,71586.25936981635,-294.18519914317557,207.92582932682126
2023-06-16,71800.0,71509.64713705314,212.3898469774487,77.96301596942067
2023-06-19,71200.0,71415.43128856122,-14.177493435648266,-201.25379512556538
2023-06-20,71400.0,71367.84980959134,256.9080144392718,-224.75782403060293
2023-06-21,70500.0,71416.3938320857,-112.7834696523012,-803.6103624333919
2023-06-22,71300.0,71561.65430891461,-211.2257509855517,-50.428557929059025
2023-06-23,71600.0,71787.97565360162,-144.53469574286058,-43.440957858765614
2023-06-26,72400.0,72041.41735336665,242.27729817961995,116.30534845373768
2023-06-27,72600.0,72269.41609263734,313.6551447809543,16.928762581694173
2023-06-28,72700.0,72435.23672885046,-85.37471677844759,350.1379879279848
2023-06-29,72400.0,72535.2147292076,-181.1121437065796,45.897414498977014
2023-06-30,72200.0,72540.50464858836,-690.5273630380179,350.0227144496457
2023-07-03,73000.0,72452.32754745948,630.5909638624008,-82.91851132188458
2023-07-04,73000.0,72305.41301905572,276.12271765443603,418.4642632898467
2023-07-05,72000.0,72136.97024868886,13.631783774426887,-150.60203246328456
2023-07-06,71600.0,71927.43373480577,-173.95047105714758,-153.48326374862518
2023-07-07,69900.0,71745.1835002144,-734.9434971433691,-1110.2400030710414
2023-07-10,69500.0,71644.6585533418,647.7767277328396,-2792.435281074635
2023-07-11,71500.0,71646.95226886656,198.93068571389892,-345.88295458046196
2023-07-12,71900.0,71757.80283157465,68.90191554524242,73.29525288011064
2023-07-13,71900.0,71886.81714084175,-126.771206046005,139.95406520424876
2023-07-14,73400.0,71925.08014665186,-655.224397755269,2130.144251103411
2023-07-17,73300.0,71852.89514867557,565.4380548995662,881.6667964248627
2023-07-18,72000.0,71653.41954052485,-0.23551803650666336,346.81597751166555
2023-07-19,71700.0,71374.62314930442,118.4677048679265,206.90914582765254
2023-07-20,71000.0,71081.7204523111,-74.20137746974166,-7.519074841358815
2023-07-21,70300.0,70777.62160281536,-458.76652059615043,-18.855082219204633
2023-07-24,70400.0,70512.55369409695,444.75404539761007,-557.3077394945576
2023-07-25,70000.0,70301.28698136129,-216.0033940832625,-85.28358727802697
2023-07-26,69800.0,70131.11024502736,288.11153850647725,-619.2217835338379
2023-07-27,71700.0,70006.10358316202,-47.269451882846774,1741.1658687208255
2023-07-28,70600.0,69877.18740394543,-158.43321938355592,881.2458154381311
2023-07-31,69800.0,69663.97800252425,112.71677242369077,23.305225052055903
2023-08-01,71100.0,69398.40507020525,-315.93319178431204,2017.52812157906
2023-08-02,69900.0,69116.2882117929,402.1674537206751,381.5443344864325
2023-08-03,68800.0,68832.32482581725,-2.5879933164449893,-29.73683250081376
2023-08-04,68300.0,68614.0460339245,-115.52631345646937,-198.51972046802985
2023-08-07,68500.0,68442.4049797078,-1.0233678379430362,58.618388130140374
2023-08-08,67600.0,68253.06702090008,-355.7228291436149,-297.34419175646326
2023-08-09,68900.0,68063.74077376345,453.76209435009133,382.49713188645546
2023-08-10,68000.0,67885.62942500507,92.71416603399895,21.656408960931003
2023-08-11,67500.0,67675.66290397938,-185.57603851787053,9.913134538495797
2023-08-14,67300.0,67428.30939889055,-75.11656244757766,-53.19283644296229
2023-08-15,67150.0,67169.14403332847,-327.93953762920364,308.7955043007387
2023-08-16,67000.0,66957.83628795343,312.34996655860846,-270.18625451203843
2023-08-17,66700.0,66814.17283514503,381.88625957360233,-496.05909471862833
2023-08-18,66300.0,66752.47070965571,-208.0479564834916,-244.42275317221356
2023-08-21,66600.0,66790.5611816529,-119.32416862372425,-71.23701302916743
2023-08-22,66600.0,66902.07243159217,-202.1701541060839,-99.90227748607867
2023-08-23,67100.0,67005.36349240386,27.772341189384534,66.86416640675452
2023-08-24,68200.0,67070.9364944606,371.37610362068074,757.6874019187089
2023-08-25,67100.0,67117.45449652991,-181.63873184235777,164.18423531243752
2023-08-28,66800.0,67138.26592090823,20.709671967998656,-358.97559287623153
2023-08-29,66800.0,67148.19248225239,-117.89795285891408,-230.2945293934754
2023-08-30,67100.0,67341.09815627206,-141.06664473363048,-100.03151153842919
2023-08-31,66900.0,68466.08008419069,353.3531813364872,-1919.433265527172
2023-09-01,71000.0,68953.74580123338,-175.9041848486868,2222.1583836153004
2023-09-04,71200.0,69871.22806287867,109.63681743285642,1219.1351196884789
2023-09-05,70700.0,70357.20395714007,-79.83856726360543,422.63461012353946
2023-09-06,70000.0,70452.40641596272,-133.73023433246934,-318.676181630246
2023-09-07,70400.0,70451.8842919838,211.08782954506123,-262.9721215288737
2023-09-08,70300.0,70473.87105047345,-220.68030195120622,46.809251477752696
2023-09-11,70800.0,70531.0807024729,270.25016357509617,-1.3308660479960963
2023-09-12,70500.0,70598.06050352482,2.4334320625290005,-100.49393558735028
2023-09-13,70900.0,70580.7501800565,-70.90941226559933,390.1592322091019
2023-09-14,71700.0,70407.1072366833,-53.21927627231348,1346.1120395890175
2023-09-15,72000.0,70255.30746853806,-231.16794383114933,1975.8604752930987
2023-09-18,70200.0,69890.79514934041,316.7691318544163,-7.564281194820069
2023-09-19,69800.0,69598.93063638621,11.829035438739751,189.24032817504485
2023-09-20,69600.0,69420.96607148484,50.098556475984935,128.9353720391664
2023-09-21,68900.0,69268.05111053426,-82.21157829724054,-285.83953223701974
2023-09-22,68800.0,69062.95804829295,-207.8855329479989,-55.072515344945714
2023-09-25,69400.0,68849.68581095048,167.6282684331989,382.6859206163208
2023-09-26,68600.0,68673.10651169033,-5.157520702703486,-67.94899098762835
2023-09-27,68400.0,68500.83345975293,198.5346678718191,-299.36812762475165
2023-09-28,68271.42857142857,68292.29447637832,-48.95447128036611,28.088566330610774
2023-09-29,68142.85714285714,68049.34901355972,-247.22888786194179,340.73701715936477
2023-10-02,67757.14285714286,67789.4354353683,-111.69338773723845,79.4008095117897
2023-10-03,67628.57142857143,67509.0964573028,-23.486950862974204,142.96192213160975
2023-10-04,67500.0,67224.74629704912,369.14668468764694,-93.8929817367607
2023-10-05,66700.0,66991.26896548714,210.80822914010227,-502.07719462724344
2023-10-06,66000.0,66899.907022552,-275.35561039747193,-624.5514121545275
2023-10-09,66300.0,66995.16940224674,-471.53149650774867,-223.63790573898586
2023-10-10,66400.0,67239.79574687965,43.81273077335341,-883.6084776530042
2023-10-11,68200.0,67549.24511903452,423.4289748527101,227.32590611277556
2023-10-12,68900.0,67891.34334251795,478.5362456389504,530.1204118430906
2023-10-13,68000.0,68225.7430205191,-326.5395908836011,100.79657036450226
2023-10-16,67300.0,68512.45968835271,-662.7559152596831,-549.7037730930315
2023-10-17,69400.0,68721.7996077647,99.61501100533064,578.5853812299756
2023-10-18,70500.0,68862.33756805689,276.7420155912654,1360.9204163518443
2023-10-19,69500.0,68904.56814761038,599.4689735640338,-4.037121174405911
2023-10-20,68800.0,68833.2559550471,-314.9955587471206,281.7396037000144
2023-10-23,68400.0,68686.93304733348,-686.7734348580503,399.84038752457127
2023-10-24,68500.0,68488.56956178098,317.35645810756864,-305.92601988854585
2023-10-25,68000.0,68258.97397335454,63.77510901320405,-322.7490823677508
2023-10-26,66700.0,68057.29418540341,491.103016582509,-1848.3972019859211
2023-10-27,67300.0,68020.91697424151,-226.3154094887959,-494.60156475270924
2023-10-30,67300.0,68235.38412253972,-499.3032306030308,-436.08089193668275
2023-10-31,66900.0,68562.69212931844,357.92164817016976,-2020.6137774886156
2023-11-01,68600.0,68905.98611986538,-145.4115479584772,-160.5745719069091
2023-11-02,69700.0,69322.3207330186,353.5380139706616,24.141253010733635
2023-11-03,69600.0,69668.30982991272,-171.68721683744207,103.3773869247234
2023-11-06,70900.0,69887.21649902509,-378.172892579126,1390.9563935540355
2023-11-07,70900.0,70110.65633537366,265.83038529260307,523.5132793337398
2023-11-08,69900.0,70303.89676678852,-50.83166879679966,-353.0650979917118
2023-11-09,70300.0,70435.103606395,261.53273350155837,-396.6363398965623
2023-11-10,70500.0,70612.5350323383,-158.43296075340155,45.89792841509916
2023-11-13,70400.0,70923.64071788598,-304.8285705683619,-218.8121473176143
2023-11-14,70800.0,71345.86622709139,233.85708614803605,-779.7233132394322
2023-11-15,72200.0,71781.6574467301,90.21980713635017,328.1227461335511
2023-11-16,72800.0,72168.9955726091,214.97906411188183,416.0253632790118
2023-11-17,72500.0,72455.8610292477,-224.029896660757,268.16886741305643
2023-11-20,72700.0,72585.24459703238,-251.73294742311893,366.48835039074766
2023-11-21,72800.0,72564.3171209848,79.50810871621839,156.17477029898146
2023-11-22,72800.0,72463.8923166126,193.00046945613244,143.10721393126005
2023-11-23,72400.0,72368.24724918893,183.36585555270102,-151.61310474164202
2023-11-24,71700.0,72315.99642810776,-248.03683502687986,-367.95959308087185
2023-11-27,71300.0,72310.90936510783,-63.817502596496034,-947.0918625113263
2023-11-28,72700.0,72332.58723023236,52.170570554411135,315.24219921322947
2023-11-29,72700.0,72375.70321443376,104.5029911068011,219.79379445944505
2023-11-30,72800.0,72379.89008251578,38.491284412935705,381.61863307129533
2023-12-01,72000.0,72304.75307068603,-181.68727981951523,-123.06579086651618
2023-12-04,72600.0,72171.69190544,49.723972321338316,378.5841222386516
2023-12-05,71200.0,72093.76871704533,54.66909132759135,-948.4378083729243
2023-12-06,71700.0,72127.32582186689,10.806356007824391,-438.1321778747224
2023-12-07,71500.0,72264.41743554715,-40.56216665474569,-723.8552688923955
2023-12-08,72600.0,72455.04939824529,-38.866342226302834,183.81694398101536
2023-12-11,73000.0,72686.20469444562,97.04534034048939,216.74996521389403
2023-12-12,73500.0,72894.54053188734,-129.27696702783447,734.7364351404976
2023-12-13,72800.0,73038.64633296369,13.593262860779433,-252.23959582447424
2023-12-14,73100.0,73163.62982583241,-93.56524333646186,29.935417504049838
2023-12-15,73300.0,73361.69422918325,118.70879288554856,-180.40302206880006
2023-12-18,72900.0,73665.77910180842,122.82486441095524,-888.6039662193798
2023-12-19,73400.0,74088.42144007205,-279.30350345842373,-409.1179366136348
2023-12-20,74800.0,74597.12622239398,47.321746516228956,155.55203108978458
2023-12-21,75000.0,75158.78256959646,-32.19349337251924,-126.58907622394327
2023-12-22,75900.0,75728.23019917675,208.0739053205574,-36.30410449730698
2023-12-25,76425.0,76307.8417472558,240.7302626385504,-123.5720098943566
2023-12-26,76600.0,76881.89639339228,-429.37749550218075,147.48110210990126
2023-12-27,78000.0,77398.64274529241,-22.679991194293137,624.0372459018836
2023-12-28,78500.0,77811.22387770464,-48.31083051365435,737.0869528090116
2023-12-29,78720.0,78026.96356747666,244.19809229614117,448.8383402272011
2024-01-01,79380.0,77932.71829802351,501.9436074289701,945.3380945475219
2024-01-02,79600.0,77577.78504303838,-467.3854427854168,2489.60039974704
2024-01-03,77000.0,77075.3582719812,-249.41680769179692,174.05853571060288
2024-01-04,76600.0,76525.10463861044,-169.9501799464128,244.84554133597703
2024-01-05,76600.0,76017.82985144733,228.61473321941895,353.5554153332487
2024-01-08,76500.0,75531.96991223263,750.954510381482,217.07557738588366
2024-01-09,74700.0,74967.86899298533,-340.65559023419587,72.78659724886529
2024-01-10,73600.0,74386.33168123731,-410.32026296367263,-376.0114182736288
2024-01-11,73200.0,73886.85071275457,-247.4805846360052,-439.370128118564
2024-01-12,73100.0,73504.2849769063,128.01788277969882,-532.3028596859949
2024-01-15,73900.0,73270.61616802771,766.4765530700159,-137.09272109772428
2024-01-16,72600.0,73321.7149506898,-72.99418016583058,-648.7207705239707
2024-01-17,71000.0,73697.22099382215,-504.41581427394283,-2192.8051795482024
2024-01-18,71700.0,73946.91159201277,-241.09404442290185,-2005.8175475898606
2024-01-19,74700.0,74429.28243322475,-91.32241678836084,362.03998356360535
2024-01-22,75100.0,74574.46061149072,627.1741811552444,-101.63479264597117
2024-01-23,75200.0,74507.20297819967,211.7837035850297,481.01331821530766
2024-01-24,74000.0,74381.88547210547,-495.5550928369993,113.66962073152536
2024-01-25,74100.0,74235.59990421687,-240.3199710194162,104.72006680254708
2024-01-26,73400.0,74063.36853811624,-157.26506580895725,-506.10347230728075
2024-01-29,74400.0,73901.5501015577,473.88971929350816,24.56017914878612
2024-01-30,74300.0,73800.81993847551,393.8200450818989,105.36001644258795
2024-01-31,72700.0,73769.05145545416,-320.2509221084099,-748.800533345755
2024-02-01,73600.0,73806.16376935887,-261.3372238877456,55.17345452887821
2024-02-02,75200.0,73922.1256980948,-302.43970004318174,1580.3140019483835
2024-02-05,74300.0,74103.99546695496,425.1711892056916,-229.16665616065438
2024-02-06,74400.0,74291.43373985433,459.68233139714937,-351.11607125148294
2024-02-07,75000.0,74420.41893306913,-162.24172913253662,741.8227960634104
2024-02-08,74100.0,74507.0731967286,-358.2092062742763,-48.86399045432336
2024-02-09,74320.0,74530.06573265168,-353.62162121719575,143.55588856551913
2024-02-12,74980.0,74424.01654267397,365.1945533841831,190.78890394185146
2024-02-13,75200.0,74212.75031584015,333.108341368238,654.1413427916123
2024-02-14,74000.0,73981.48708744982,5.376659550995833,13.13625299918931
2024-02-15,73000.0,73728.0510986234,-298.844985325758,-429.2061132976378
2024-02-16,72800.0,73480.61236177786,-267.0762431603599,-413.5361186174996
2024-02-19,73800.0,73296.7604636115,217.3025187628384,285.93701762566343
2024-02-20,73300.0,73190.43111572387,269.58152431444455,-160.01264003831602
2024-02-21,73000.0,73123.9449147828,14.285957396817928,-138.23087217961438
2024-02-22,73100.0,73059.32225422299,-196.6336428555551,237.3113886325591
2024-02-23,72900.0,73020.61895676145,-67.10809163046962,-53.51086513098562
2024-02-26,72800.0,73042.79148849162,-83.11691963797179,-159.67456885364663
2024-02-27,72900.0,73095.55257115836,202.1340895635305,-397.6866607218981
2024-02-28,73200.0,73151.96135473376,15.141072473515226,32.897572792717256
2024-02-29,73400.0,73228.93511487273,-42.543903388290175,213.60878851555753
2024-03-01,73775.0,73269.9840420795,181.3736690608217,323.64228885968623
2024-03-04,74900.0,73234.49748191814,-467.9117942759366,2133.414312357796
2024-03-05,73700.0,73144.17755351619,131.53259816453846,424.28984831926937
2024-03-06,72900.0,73056.32700037926,184.113679597265,-340.44067997652746
2024-03-07,72200.0,73021.93116781613,143.0898452750083,-965.0210130911437
2024-03-08,73300.0,73077.76425826097,188.5377221823866,33.698019556642976
2024-03-11,72400.0,73200.31350983088,-739.821365326506,-60.492144504372845
2024-03-12,73300.0,73350.04428265811,191.8722389410251,-241.91652159913792
2024-03-13,74100.0,73485.38680204834,169.91162345141265,444.70157450025727
2024-03-14,74300.0,73613.51955710462,210.04692802076886,476.4335148746177
2024-03-15,72300.0,74037.11608275605,198.79976501798438,-1935.915847774042
2024-03-18,72800.0,76127.32914985364,-831.543260675078,-2495.785889178558
2024-03-19,72800.0,76819.98741693537,165.87862026425404,-4185.866037199623
2024-03-20,76900.0,78705.6163262749,130.2585454386709,-1935.874871713575
2024-03-21,79300.0,79049.68811411293,342.44670786768364,-92.13482198060956
2024-03-22,78900.0,79206.19351997263,197.30429360372142,-503.4978135763522
2024-03-25,78200.0,79401.71557013765,-710.9824074810268,-490.7331626566156
2024-03-26,79900.0,79722.60388439412,-9.328487037769012,186.7246026436478
2024-03-27,79800.0,80182.78058111489,50.06448113807313,-432.84506225296354
2024-03-28,80800.0,80701.75309033999,465.8018255364974,-367.5549158764916
2024-03-29,82400.0,81389.1917705276,223.73454343827,787.0736860341276
2024-04-01,82000.0,82249.95952362494,-502.4646507667015,252.50512714176148
2024-04-02,85000.0,83110.51942525628,-245.8467898532487,2135.327364596975
2024-04-03,84100.0,83775.54771578319,-35.1445661724871,359.59685038929456
2024-04-04,85300.0,84154.11735301065,482.27916013467984,663.6034868546703
2024-04-05,84500.0,84272.0371653312,312.78998512838433,-84.82715045959048
2024-04-08,84500.0,84203.3890467532,-234.76095670756828,531.3719099543669
2024-04-09,83600.0,84048.87169887881,-730.0140208330369,281.1423219542339
2024-04-10,83850.0,83774.17076025906,369.30548281931107,-293.47624307837395
2024-04-11,84100.0,83395.58663392162,481.56896367319825,222.84440240518597
2024-04-12,83700.0,82947.84151609133,111.92039652860558,640.2380873800721
2024-04-15,82200.0,82284.25859723563,-241.00294756065585,156.74435032502515
2024-04-16,80000.0,81418.95622427396,-863.0280573268597,-555.9281669471093
2024-04-17,78900.0,80460.37489303695,657.6884168574834,-2218.0633098944236
2024-04-18,79600.0,79454.43986712722,370.5714645647086,-225.01133169193054
2024-04-19,77600.0,78499.7368918876,-49.32299213854401,-850.4138997490518
2024-04-22,76100.0,77801.10590008779,-412.76058393499943,-1288.3453161527868
2024-04-23,75500.0,77363.6973109788,-597.1433205027877,-1266.553990476008
2024-04-24,78600.0,77091.29287605046,788.5910029598253,720.1161209897109
2024-04-25,76300.0,77076.90341377414,333.18129529169516,-1110.0847090658353
2024-04-26,76700.0,77160.35660895106,-174.77112822576856,-285.58548072529084
2024-04-29,76700.0,77244.26129121157,-495.6791780306324,-48.582113180935266
2024-04-30,77500.0,77335.34185111726,-404.1751031949353,568.8332520776748
2024-05-01,77750.0,77443.42689011374,686.6460482343479,-380.0729383480939
2024-05-02,78000.0,77531.12954198786,309.8282371233642,159.04222088877577
2024-05-03,77600.0,77636.0587185064,-189.5558272675421,153.49710876113386
2024-05-06,80375.0,77933.13419906041,-357.31174339065086,2799.177544330232
2024-05-07,81300.0,78488.57462640815,-95.49293828535001,2906.9183118771907
2024-05-08,81300.0,78670.21201099678,220.78994337301444,2408.9980456302
2024-05-09,79700.0,78875.38867691203,361.1887570407322,463.4225660472439
2024-05-10,79200.0,78756.26134119461,-231.7108438937951,675.4495026991935
2024-05-13,78400.0,78600.60049662794,-94.12058732186915,-106.47990930607193
2024-05-14,78300.0,78442.87855562201,73.6484556131586,-216.5270112351718
2024-05-15,78250.0,78312.61660355113,-50.292568551320095,-12.324034999808646
2024-05-16,78200.0,78229.27744991175,406.78571232758725,-436.0631622393412
2024-05-17,77400.0,78167.10278096436,-528.2624544070761,-238.84032655728515
2024-05-20,78900.0,78114.75176975473,-41.79372123162608,827.0419514769019
2024-05-21,78400.0,78079.02466847945,32.23455671256963,288.7407748079713
2024-05-22,77700.0,78029.11212910568,40.138397415062734,-369.25052652074373
2024-05-23,78300.0,77940.76967838436,413.5348421570636,-54.3045205414237
2024-05-24,75900.0,77841.1278080244,-87.92791386140055,-1853.1998941629863
2024-05-27,77200.0,77776.57764307004,-344.1231847398918,-232.45445833014674
2024-05-28,77600.0,77699.05017600692,-304.47931074275823,205.42913473583758
2024-05-29,75200.0,77442.38982693068,374.28099597657047,-2616.6708229072538
2024-05-30,73500.0,77065.63659523927,433.5316330388105,-3999.168228278082
2024-05-31,73500.0,76890.78104629059,68.1647753051857,-3458.945821595771
2024-06-03,75700.0,76560.84858178129,-794.0593671958659,-66.78921458542754
2024-06-04,75300.0,76581.1208491617,-412.06306919437765,-869.0577799673192
2024-06-05,77400.0,76624.8890615457,589.5015800093632,185.60935844492633
2024-06-06,77350.0,76666.97946503814,408.82298859404506,274.19754636782454
2024-06-07,77300.0,76755.40421108881,590.8149085990816,-46.219119687899365
2024-06-10,75700.0,76994.86068794891,-1085.737928418136,-209.12275953077187
2024-06-11,75200.0,77600.37601445973,-490.8932954951382,-1909.4827189645875
2024-06-12,76500.0,77995.95032341855,744.0666297240625,-2240.016953142622
2024-06-13,78600.0,78769.15215065514,479.5005588428167,-648.6527094979538
2024-06-14,79600.0,79365.00015435253,129.32701948341605,105.67282616405282
2024-06-17,78100.0,79707.95874973331,-879.5844964947529,-728.3742532385659
2024-06-18,79800.0,79966.66738640753,-369.04365314873735,202.37626674120838
2024-06-19,81200.0,80266.21593634666,554.7726155957881,379.011448057543
2024-06-20,81600.0,80542.86259533171,505.4115544921372,551.7258501761535
2024-06-21,80000.0,80752.1588371451,-137.63180853380646,-614.5270286112936
2024-06-24,80600.0,80889.24228742399,-514.6095669159222,225.36727949194028
2024-06-25,80800.0,81023.9934043643,-168.85130324124302,-55.14210112305591
2024-06-26,81300.0,81195.38151266823,225.52411359130866,-120.90562625954044
2024-06-27,81600.0,81375.21411557317,533.4169684833373,-308.63108405649837
2024-06-28,81500.0,81549.97597645785,-292.78069266154506,242.80471620369644
2024-07-01,81800.0,81780.47974132266,-275.72295189436807,295.24321057170164
2024-07-02,81800.0,82038.56417965215,38.47171949237321,-277.0358991445246
2024-07-03,81800.0,82463.59748278218,5.209119289361681,-668.8066020715341
2024-07-04,84600.0,83418.01129968195,367.1353709215268,814.8533293965156
2024-07-05,87100.0,84925.24833979359,-139.95235105754844,2314.704011263966
2024-07-08,87400.0,86268.53788517286,-291.596085072387,1423.058199899533
2024-07-09,87800.0,87175.14290331074,358.0908518074373,266.7662448818155
2024-07-10,87800.0,87487.18693606848,-37.850590134815576,350.6636540663312
2024-07-11,87600.0,87446.08022088668,-108.99159873764643,262.9113778509636
2024-07-12,84400.0,87336.68623404758,30.476611062369244,-2967.162845109953
2024-07-15,86700.0,87124.01237383466,-282.73968169466036,-141.27269214000262
2024-07-16,87700.0,86566.06569409117,693.4356828100798,440.4986230987415
2024-07-17,86700.0,85774.92211679417,38.124510956184146,886.9533722496417
2024-07-18,86900.0,84986.8400261548,-724.3831933861811,2637.543167231386
2024-07-19,84400.0,84122.90762849755,208.38507428616433,68.70729721628595
2024-07-22,83000.0,83351.03894359808,-188.46887185801387,-162.5700717400614
2024-07-23,83900.0,82852.74455985999,866.600553584543,180.65488655546505
2024-07-24,82000.0,82454.00408014173,-182.3271670340502,-271.67691310768714
2024-07-25,80400.0,81993.34804878167,-1279.6946330296967,-313.6534157519782
2024-07-26,80900.0,81586.15158651324,940.1469803050732,-1626.29856681831
2024-07-29,81200.0,81158.08517610352,-103.74593249263869,145.66075638913026
2024-07-30,81000.0,80550.34102186881,630.6601651097551,-181.0011869785667
2024-07-31,83900.0,80002.2496474689,-179.2259500529759,4076.9763025840803
2024-08-01,83100.0,79482.45009803669,-1785.94921779828,5403.499119761589
2024-08-02,79600.0,77991.72629114523,1542.1199605462587,66.15374830851215
2024-08-05,71400.0,77019.38542315806,-43.452989948329105,-5575.932433209731
2024-08-06,72500.0,76385.21164313807,455.9350458767574,-4341.1466890148295
2024-08-07,74700.0,75942.60982926047,-98.77077112735674,-1143.8390581331187
2024-08-08,73400.0,75650.93477419483,-2115.2978443030547,-135.6369298917707
2024-08-09,74700.0,75755.44327136222,1770.2829359360858,-2825.726207298314
2024-08-12,75500.0,75993.46217247863,-54.99395390488863,-438.4682185737329
2024-08-13,76100.0,76390.54453837757,287.81231698447436,-578.3568553620426
2024-08-14,77200.0,76924.0417079928,25.67114319192394,250.28714881527412
2024-08-15,78700.0,77434.43803252456,-1793.0478686700542,3058.6098361454933
2024-08-16,80200.0,77887.05478845823,1512.0807385981357,800.8644729436346
2024-08-19,78300.0,78166.67037912039,-166.12123209541176,299.45085297501646
2024-08-20,78900.0,78087.44960798969,151.55972159730638,660.9906704129971
2024-08-21,78300.0,77718.08710772547,350.10313856821415,231.80975370631495
2024-08-22,78300.0,77227.35257577668,-1421.5415823561061,2494.1890065794287
2024-08-23,77700.0,76712.60652369462,1134.2277937817155,-146.83431747632858
2024-08-26,76100.0,76197.57356073718,-196.89298755340278,99.31942681623332
2024-08-27,75800.0,75761.47305032512,219.53176644533485,-181.00481677045173
2024-08-28,76400.0,75450.18204182369,315.75658705057,634.0613711257465
2024-08-29,74000.0,74970.61078256942,-1041.9104422837577,71.29965971433558
2024-08-30,74300.0,74012.19927297486,630.2265927244575,-342.4258656993188
2024-09-02,74400.0,72616.62665619075,-185.87216538972172,1969.2455091989686
2024-09-03,72500.0,71253.50968889563,66.975371359776,1179.514939744593
2024-09-04,70000.0,69964.24792492962,104.22059601347388,-68.46852094308997
2024-09-05,69000.0,69038.53575828829,-199.21049826470315,160.67473997641355
2024-09-06,68900.0,68436.50159310804,296.8447787236335,166.65362816832203
2024-09-09,67500.0,67808.97834582231,-234.53183299901085,-74.44651282329869
2024-09-10,66200.0,66971.61449528104,13.744107716105653,-785.3586029971484
2024-09-11,64900.0,66022.15401077534,-96.07597525672351,-1026.0780355186143
2024-09-12,66300.0,65133.49912107626,164.4676959538721,1002.0331829698625
2024-09-13,64400.0,64455.139910361366,148.86661459175176,-204.00652495311806
2024-09-16,63750.0,64007.52095251794,-209.28285010599583,-48.2381024119386
2024-09-17,63533.333333333336,63686.400845259996,5.569578273250279,-158.63709019991074
2024-09-18,63316.666666666664,63410.776710798375,-211.3614502815401,117.25140614982956
2024-09-19,63100.0,63193.7271294154,230.57624186121527,-324.30337127661187
2024-09-20,63000.0,63016.01281210646,29.378796137633913,-45.39160824409919
2024-09-23,62600.0,62883.59088737496,-65.73243594034119,-217.85845143461484
2024-09-24,63200.0,62752.42096322918,111.52655440179274,336.05248236902844
2024-09-25,62200.0,62517.15042514265,-148.29467090942833,-168.85575423322734
2024-09-26,64700.0,62080.2198577747,-11.798733937022448,2631.578876162326
2024-09-27,64200.0,61842.22413986844,-118.4747048295344,2476.2505649610903
2024-09-30,61500.0,61445.45004288608,165.90077455748536,-111.35081744356285
2024-10-01,61400.0,61242.456408577564,299.1352531751245,-141.5916617526891
2024-10-02,61300.0,61119.861436408435,-167.4927978949444,347.63136148650665
2024-10-03,60950.0,60965.7137107647,-257.2633679412936,241.5496571765907
2024-10-04,60600.0,60744.90984349299,-247.18317244237593,102.27332894938445
2024-10-07,61000.0,60474.84850277871,307.80642734565555,217.3450698756351
2024-10-08,60300.0,60209.72042454759,512.4317503379475,-422.15217488553753
2024-10-09,59600.0,60026.637342870745,-188.55178101502415,-238.08556185571797
2024-10-10,58900.0,59932.073194380064,-302.09759344039674,-729.975600939666
2024-10-11,59300.0,59890.09656559304,-367.75306222825753,-222.34350336478383
2024-10-14,60800.0,59892.33068950821,163.33649522939874,744.3328152623872
2024-10-15,61000.0,59891.94906238988,658.7780151965892,449.2729224135255
2024-10-16,59500.0,59849.51199213222,-167.70529785493608,-181.80669427728571
2024-10-17,59700.0,59750.12813657318,-157.59087607405132,107.46273950087198
2024-10-18,59200.0,59602.93016796569,-391.2945187121321,-11.635649253563315
2024-10-21,59000.0,59473.90670315473,-21.224117018595663,-452.6825861361358
2024-10-22,57700.0,59342.24972284845,623.8099912105872,-2266.05971405904
2024-10-23,59100.0,59135.842995016625,-117.7782867690245,81.9352917524011
2024-10-24,56600.0,58989.47845049854,31.15158273355474,-2420.6300332320898
2024-10-25,55900.0,58963.528618349155,-358.8936747997408,-2704.634943549412
2024-10-28,58100.0,58958.22769712735,-124.12724318631697,-734.1004539410351
2024-10-29,59600.0,58912.62736573655,405.01972752977446,282.35290673367126
2024-10-30,59100.0,58852.91226358383,-103.01644919016418,350.10418560633843
2024-10-31,59200.0,58740.396198181785,190.5772468406704,269.0265549775431
2024-11-01,58300.0,58545.4153794368,-318.556448884471,73.14106944766536
2024-11-04,58700.0,58263.516250325825,69.56266147274512,366.9210882014304
2024-11-05,57600.0,57977.3249691428,167.2538492216276,-544.5788183644254
2024-11-06,57300.0,57742.9682804965,-280.5004959254031,-162.46778457109758
2024-11-07,57500.0,57554.401625136,221.33432803000883,-275.7359531660113
2024-11-08,57000.0,57413.387244041674,-264.21687410887074,-149.17036993280635
2024-11-11,55000.0,57340.85826331303,384.18709905302194,-2725.0453623660505
2024-11-12,53000.0,57221.98852352384,60.93903357296307,-4282.927557096802
2024-11-13,50600.0,56797.63422913567,-564.4345627498595,-5633.199666385808
2024-11-14,49900.0,56365.381900351844,326.744631340853,-6792.126531692695
2024-11-15,53500.0,56230.0748534595,-140.8965540030657,-2589.1782994564346
2024-11-18,56700.0,56170.97678461687,363.7974216866639,165.225793696467
2024-11-19,56300.0,56131.55406585117,8.190444333043711,160.2554898157905
2024-11-20,55300.0,56107.09144997479,-677.5061471675873,-129.58530280720151
2024-11-21,56400.0,56078.07745420137,441.0964081475656,-119.17386234893638
2024-11-22,56000.0,56012.73996807889,3.4338082833484656,-16.173776362236822
2024-11-25,57900.0,55804.17127568616,154.52651468009014,1941.3022096337518
2024-11-26,58300.0,55216.95167103562,26.901309706197296,3056.1470192581837
2024-11-27,56300.0,54913.231759902126,-686.4336782077675,2073.20191830564
2024-11-28,55500.0,54119.64994555183,514.590956327535,865.7590981206376
2024-11-29,54200.0,53937.955788636544,225.1766688164363,36.867542547021
2024-12-02,53600.0,53835.5425035731,-111.70388048449635,-123.83862308860262
2024-12-03,53600.0,53735.60798285869,-84.21742203998143,-51.390560818705126
2024-12-04,53100.0,53657.01889701149,-488.336407372723,-68.68248963876977
2024-12-05,53700.0,53652.763397221126,339.37939004644977,-292.14278726757766
2024-12-06,54100.0,53717.43627242248,444.1248288514354,-61.561101273910026
2024-12-09,53400.0,53840.01252254329,-188.18803534015512,-251.8244872031355
2024-12-10,54000.0,54042.51482642542,-137.15682780751052,94.64200138209708
2024-12-11,54000.0,54309.619911050526,-187.43351289688553,-122.18639815363713
2024-12-12,55900.0,54555.64587580006,28.4673695297208,1315.8867546702168
2024-12-13,56100.0,54724.76125287238,337.8257786889903,1037.4129684386353
2024-12-16,55600.0,54742.77985679858,-181.13170925255847,1038.3518524539759
2024-12-17,54200.0,54595.582412629876,-32.798753326007066,-362.78365930386644
2024-12-18,54900.0,54335.4824550604,28.3911134129077,536.126431526689
2024-12-19,53100.0,54121.76472633529,-174.23884564419,-847.5258806911006
2024-12-20,53000.0,53975.256054692894,325.0577992335966,-1300.313853926491
2024-12-23,53500.0,53872.350096460206,-186.91166841140338,-185.43842804880114
2024-12-24,54400.0,53796.7985435108,49.144960861108345,554.0564956280941
2024-12-25,54000.0,53762.78389578777,108.78266871823205,128.43343549400015
2024-12-26,53600.0,53705.080097392405,-249.04105284700577,143.96095545460412
2024-12-27,53700.0,53606.87675386176,238.14017247342602,-145.01692633518542
2024-12-30,53200.0,53511.53163564185,-281.2608965112537,-30.270739130595757
2024-12-31,53266.666666666664,53477.954631917455,145.77810931378744,-357.06607456458005
2025-01-01,53333.333333333336,53515.08084438853,-55.664808522638154,-126.08270253255614
2025-01-02,53400.0,53659.85696436498,48.62746127862721,-308.48442564361176
2025-01-03,54400.0,53884.20318504658,279.29087933738,236.50593561604182
2025-01-06,55900.0,54236.11689257237,-359.76014149036234,2023.6432489179933
2025-01-07,55400.0,54732.872265381404,24.702276838771382,642.4254577798274
2025-01-08,57300.0,54890.84243567362,-114.04439450072826,2523.201958827107
2025-01-09,56100.0,54860.85859319776,221.48565192999885,1017.6557548722412
2025-01-10,55300.0,54643.0010170744,286.01707394553006,370.98190898007306
2025-01-13,54100.0,54418.410999108324,-355.6312051915936,37.22020608327148
2025-01-14,53900.0,54216.050879469665,-77.55583786894437,-238.49504160071956
2025-01-15,53700.0,54016.91638072871,-69.80251298210595,-247.11386774660787
2025-01-16,54300.0,53861.432708945584,302.00654627519134,136.56074477922812
2025-01-17,53700.0,53790.63584403088,203.8036635996972,-294.4395076305809
2025-01-20,53400.0,53759.15567693374,-273.66547546888233,-85.49020146486146
2025-01-21,53500.0,53724.937625907,-157.2052659833164,-67.73235992368427
2025-01-22,54300.0,53661.923899148765,-4.753492189862676,642.8295930410968
2025-01-23,53700.0,53573.69615085724,218.73121568420743,-92.42736654145119
2025-01-24,53700.0,53433.47306559817,-13.453836794125735,279.98077119595837
2025-01-27,53142.857142857145,53246.322844812945,23.682330079939057,-127.14803203573683
2025-01-28,52957.142857142855,53058.34943912053,-132.35416982429228,31.14758784661535
2025-01-29,52771.42857142857,52909.43352416755,-15.644485109482169,-122.36046762949263
2025-01-30,52585.71428571428,52790.90787408741,71.12015273961723,-276.31374111274636
2025-01-31,52400.0,52756.44085070691,-175.97061212351207,-180.47023858339526
2025-02-03,51000.0,52865.8281609515,173.2750060653446,-2039.103167016845
2025-02-04,52700.0,53125.28013219205,27.718262704971693,-452.99839489701844
2025-02-05,52900.0,53521.088523055885,-95.09401333873994,-525.994509717144
2025-02-06,54000.0,53970.851215051676,44.22297142133331,-15.074186473008012
2025-02-07,53700.0,54403.91768085631,-286.68482736229464,-417.23285349401704
2025-02-10,55600.0,54848.170518039384,194.6324842406203,557.1969977199988
2025-02-11,55700.0,55273.858902082146,129.84188801854685,296.2992098993054
2025-02-12,55800.0,55620.74177019077,-74.84672653394458,254.1049563431734
2025-02-13,55800.0,55877.28615131148,178.92066420828496,-256.20681551976304
2025-02-14,56000.0,56047.16562992827,-425.5924322759185,378.426802347647
2025-02-17,56000.0,56237.70396019814,131.29417217257935,-368.99813237071794
2025-02-18,56900.0,56486.86026179154,226.06325897665113,187.07647923180775
2025-02-19,58700.0,56798.487318055035,-10.471423480307791,1911.9841054252756
2025-02-20,58400.0,57059.3820775179,295.3109006876158,1045.3070217944842
2025-02-21,58200.0,57148.24725646557,-460.4582293895598,1512.2109729239892
2025-02-24,57300.0,56968.02412417124,-107.23417862749923,439.21005445625633
2025-02-25,57200.0,56615.19012413453,176.36282469905393,408.44705116641126
2025-02-26,56600.0,56205.29236269245,79.06221846556593,315.64541884198115
2025-02-27,56300.0,55780.71825077769,441.58004053281314,77.70170868949936
2025-02-28,54500.0,55318.41056827228,-535.2785267271288,-283.13204154514824
2025-03-03,54500.0,54874.107066314435,-97.12941254773216,-276.97765376670577
2025-03-04,54500.0,54527.64114428932,17.734240743067225,-45.37538503239193
2025-03-05,54000.0,54271.80289675845,105.22299461682134,-377.02589137526957
2025-03-06,54300.0,54107.46230805192,690.8667312858996,-498.32903933781927
2025-03-07,53700.0,54043.88975708273,-910.4967600165936,566.6070029338589
2025-03-10,53700.0,54104.188359142034,82.59361920660874,-486.78197834864113
2025-03-11,53600.0,54408.701987641136,-120.27381045089467,-688.4281771902388
2025-03-12,54900.0,54972.2445983756,218.72610996607125,-290.97070834166516
2025-03-13,54700.0,55692.61969779696,1007.5417651014199,-2000.1614628983807
2025-03-14,54700.0,56490.35481233785,-1526.5345644285933,-263.8202479092579
2025-03-17,57600.0,57187.309018864355,335.42883376775205,77.26214736789552
2025-03-18,57600.0,57689.898283453826,-268.5826154169346,178.68433196310798
2025-03-19,58500.0,58138.71205904516,340.6692617476366,20.618679207203968
2025-03-20,60200.0,58680.327458308195,1148.3032579516625,371.3692837401395
2025-03-21,61700.0,59245.9855056504,-1762.5130756269195,4216.527569976519
2025-03-24,60500.0,59734.91434930981,690.5156566423225,74.5699940478662
2025-03-25,59800.0,60098.03625067968,-244.5884438237769,-53.447806855903764
2025-03-26,61400.0,60255.26522757987,477.6859259400087,667.0488464801238
2025-03-27,61800.0,60112.963190784394,1021.554463445373,665.4823457702296
2025-03-28,60200.0,59670.937258908154,-1820.0192881588464,2349.0820292506905
2025-03-31,57800.0,59208.46871482769,488.93528637360936,-1897.4040012012993
2025-04-01,58800.0,58632.358273420585,122.01797428659887,45.62375229281315
2025-04-02,58800.0,58284.18691578788,386.65201137456705,129.16107283755264
2025-04-03,57600.0,58172.84190763149,676.8803420879652,-1249.7222497194525
2025-04-04,56100.0,58013.04061659338,-1826.9724183152755,-86.06819827810978
2025-04-07,53200.0,57312.14328357423,507.40093422082566,-4619.544217795054
2025-04-08,53500.0,57004.58516800323,344.23247612044315,-3848.817644123672
2025-04-09,53000.0,56419.16838916593,162.61363437120212,-3581.7820235371255
2025-04-10,56400.0,56129.6748304141,219.92275946617235,50.4024101197283
2025-04-11,55200.0,55971.28332045653,-934.0247691815003,162.7414487249698
2025-04-14,56200.0,55847.26128587683,324.0599864573725,28.678727665792394
2025-04-15,56600.0,55727.63763861274,362.92933626456573,509.4330251227002
2025-04-16,54700.0,55588.27171522778,-49.221439828266035,-839.0502753995097
2025-04-17,55100.0,55437.95015405258,-6.804539830062833,-331.14561422252154
2025-04-18,55300.0,55353.10810880422,-426.51161625787216,373.4035074536514
2025-04-21,55400.0,55375.4630871973,196.297065745566,-171.7601529428648
2025-04-22,55000.0,55475.27597272207,339.24497821560493,-814.5209509376728
2025-04-23,55700.0,55564.358109409004,-138.10432151504813,273.7462121060453
2025-04-24,55700.0,55624.2195346379,-60.495271687696125,136.27573704979295
2025-04-25,55700.0,55655.7079084692,-232.27227896026952,276.564370491069
2025-04-28,55800.0,55607.32066130563,51.58659511463128,141.09274357973482
2025-04-29,55800.0,55455.83773582589,174.17873723653312,169.98352693757624
2025-04-30,55500.0,55249.19622717777,124.09918986985022,126.70458295238495
2025-05-01,54900.0,55023.13696210304,-55.230442572816564,-67.90651953022461
2025-05-02,54300.0,54809.92767678501,-241.45725175504302,-268.4704250299692
2025-05-05,54480.0,54654.213269668006,-101.25651265586642,-72.95675701213622
2025-05-06,54540.0,54586.958321146085,198.04167616866502,-244.99999731474963
2025-05-07,54600.0,54621.80386889853,280.7109846838316,-302.51485358236096
2025-05-08,54600.0,54842.07742159433,-13.494358234630106,-228.58306335969974
2025-05-09,54800.0,55253.69498633867,-284.9104078656778,-168.78457847299433
2025-05-12,57600.0,55771.23398440657,-219.46743312168434,2048.2334487151093
2025-05-13,56900.0,56276.7311261809,238.11523246987107,385.15364134922856
2025-05-14,57400.0,56605.050096269864,335.36196598893724,459.5879377411984
2025-05-15,57300.0,56644.70455772105,-26.89259422812128,682.1880365070683
2025-05-16,56800.0,56455.51458461178,-318.55313644950866,663.0385518377298
2025-05-19,55800.0,56147.92419116593,-283.83224187409553,-64.09194929183286
2025-05-20,55900.0,55775.70479863695,179.09616437324297,-54.80096301019512
2025-05-21,55700.0,55435.77074997434,340.52373609904225,-76.29448607338418
2025-05-22,54700.0,55188.69454324481,70.8170659714812,-559.5116092162934
2025-05-23,54200.0,55067.31826589836,-250.70382498904453,-616.6144409093104
2025-05-26,54700.0,55111.328065841044,-289.38800163593083,-121.94006420511141
2025-05-27,53900.0,55346.57482214142,99.20901354057791,-1545.7838356819993
2025-05-28,55900.0,55738.74722830494,318.28865301621346,-157.03588132115692
2025-05-29,56100.0,56170.02052656316,223.5354423713849,-293.5559689345464
2025-05-30,56200.0,56549.314229617026,-197.5617203223698,-151.75250929465983
2025-06-02,56800.0,56910.003569634086,-511.2571402356597,401.25357060157694
2025-06-03,57300.0,57306.78720475593,-17.080295264902773,10.293090508974274
2025-06-04,57800.0,57701.297398775285,455.2232988955152,-356.52069767079956
2025-06-05,59100.0,58115.11523812019,392.60590211523544,592.2788597645776
2025-06-06,59275.0,58533.65739333808,-128.79970645401062,870.1423131159318
2025-06-09,59800.0,58874.60498996002,-871.2432730079662,1796.6382830479488
2025-06-10,59200.0,59007.87989138676,-58.401101547191644,250.52121016043384
2025-06-11,59900.0,58933.46995370338,676.6298672807083,289.9001790159091
2025-06-12,59500.0,58800.41528335786,440.2840847452344,259.30063189690554
2025-06-13,58300.0,58713.692179374615,36.669821619440924,-450.36200099405687
2025-06-16,57200.0,58667.76500825407,-1174.1785109241325,-293.58649732993945
2025-06-17,58100.0,58685.583347788815,-7.592059385809257,-577.9912884030055
2025-06-18,59800.0,58792.64823045456,851.064594327326,156.28717521811632
2025-06-19,59200.0,59024.60941345469,252.53839608011612,-77.14780953480658
2025-06-20,59500.0,59335.05510047955,161.76669203494356,3.1782074855073006
2025-06-23,58000.0,59649.191990227024,-1152.921429571103,-496.2705606559175
2025-06-24,60500.0,59924.46093603452,8.526721165933559,567.0123427995495
2025-06-25,61300.0,60151.75625388134,695.5756359433385,452.6681101753202
2025-06-26,60200.0,60313.77300177211,-100.686244842715,-13.086756929398689
2025-06-27,60800.0,60403.07946320769,217.79998305507826,179.12055373723706
2025-06-30,59800.0,60422.94277173006,-480.3849199242218,-142.5578518058319
2025-07-01,60200.0,60447.05265189561,-50.23636216993168,-196.81628972567705
2025-07-02,60800.0,60586.209712278476,169.71648583825518,44.07380188327079
2025-07-03,63800.0,60908.37026389356,-80.89951257769943,2972.5292486841427
2025-07-04,63300.0,61063.5557292583,271.75367877027827,1964.690591971419
2025-07-07,61700.0,61271.380064239864,179.65429349815523,248.96564226198097
2025-07-08,61400.0,61438.62734713009,-325.66592634539296,287.0385792153029
2025-07-09,60400.0,61594.728698798484,-347.72210285886814,-847.0065959396161
2025-07-10,61000.0,61978.405515933904,64.03414971197421,-1042.4396656458775
2025-07-11,62600.0,62738.333505700095,338.8358005528965,-477.16930625298846
2025-07-14,62500.0,63727.93594932134,569.546837667249,-1797.4827869885921
2025-07-15,63700.0,64674.457463161605,-538.8633699121688,-435.5940932494341
2025-07-16,64700.0,65437.00504080303,-850.856724160644,113.85168335762137
2025-07-17,66700.0,65989.95806600298,234.39302846413017,475.64890553290024
2025-07-18,67100.0,66353.06920342338,697.6512331289864,49.279563447635155
2025-07-21,67800.0,66639.01720712842,633.7236956890653,527.259097182512
2025-07-22,66000.0,66933.88920826802,-588.4438440504127,-345.4453642176086
2025-07-23,66400.0,67448.36266638133,-1123.0792108000153,74.71654441868304
2025-07-24,66000.0,68177.71158522053,501.3550259398909,-2679.0666111604223
2025-07-25,65900.0,68962.61713987944,700.0630813280277,-3762.680221207469
2025-07-28,70400.0,69819.42538935623,439.4429338038169,141.13167683995562
2025-07-29,70600.0,70383.98440734882,-453.59101485394035,669.6066075051203
2025-07-30,72600.0,70448.83375841987,-1217.1660784109104,3368.3323199910374
2025-07-31,71400.0,70355.8491853881,569.6840189157296,474.46679569617845
2025-08-01,68900.0,70238.21600517201,810.1962523409525,-2148.4122575129586
2025-08-04,69700.0,70130.12662397069,22.500203831101075,-452.626827801796
2025-08-05,69900.0,70137.9492302362,-254.6628574081638,16.713627171964617
2025-08-06,68800.0,70256.53383498466,-987.6058798190257,-468.9279551656364
2025-08-07,70500.0,70443.38379827775,478.3409523964604,-421.7247506742133
2025-08-08,71800.0,70657.9276476651,924.7609210751616,217.3114312597463
2025-08-11,71000.0,70873.04306027657,-309.5157019134683,436.47264163689397
2025-08-12,71100.0,71015.89148587667,-190.6863162282068,274.7948303515441
2025-08-13,71900.0,71030.483394603,-625.0844573166798,1494.6010627136857
2025-08-14,71600.0,70914.0787713338,314.8671759513041,371.05405271488416
2025-08-15,71200.0,70746.35431288875,781.8772307267715,-328.2315436155186
2025-08-18,70000.0,70604.82680789616,-630.0379466226934,25.211138726532226
2025-08-19,70000.0,70528.96885484144,-144.6976312590875,-384.27122358235647
2025-08-20,70500.0,70488.80697612348,25.17554115124433,-13.98251727472234
2025-08-21,70600.0,70475.49572823041,241.94179968835346,-117.43752791876614
2025-08-22,71400.0,70440.82322409548,512.1939871831903,446.9827887213323
2025-08-25,71500.0,70334.44785751362,-812.8762891181411,1978.4284316045232
2025-08-26,70300.0,70140.72502547555,-107.40360901448217,266.678583538931
2025-08-27,70600.0,69885.78475769624,351.1547577777735,363.060484525995
2025-08-28,69600.0,69643.68988192646,234.67983485104543,-278.3697167775099
2025-08-29,69700.0,69486.80747113534,209.23023685738752,3.962292007272481
2025-09-01,67600.0,69383.4450354629,-898.4466848268996,-884.9983506360004
2025-09-02,69100.0,69373.43786540584,133.03638276997546,-406.47424817581486
2025-09-03,69800.0,69526.67098782922,214.4536941472161,58.87531802356534
2025-09-04,70100.0,69830.88418602839,472.2328859797568,-203.1170720081427
2025-09-05,69500.0,70247.38943740394,-125.5827935013004,-621.8066439026297
2025-09-08,70100.0,70757.85956535293,-929.8581049750422,271.9985396221018
2025-09-09,71500.0,71653.8955933513,577.3078262642721,-731.2034196155728
2025-09-10,72600.0,72978.61342625729,-132.11196373036373,-246.50146252692502
2025-09-11,73400.0,74471.42201087953,757.1764682584982,-1828.5984791380324
2025-09-12,75400.0,75924.42586001504,-430.71195613615083,-93.71390387888823
2025-09-15,76500.0,77180.09275503113,-1070.7949544181763,390.70219938704395
2025-09-16,79400.0,78048.26887816371,1290.87874105512,60.85238078117254
2025-09-17,78200.0,78590.87276722687,-668.2680328313145,277.3952656044421
2025-09-18,80500.0,79204.22109345609,1002.6148546992066,293.1640518447093
2025-09-19,79700.0,79954.08048441859,-217.64878292898382,-36.4317014896078
2025-09-22,83500.0,80966.22392898388,-1534.7940163909832,4068.5700874071044
2025-09-23,84700.0,82147.53318567463,1610.2614961369363,942.2053181884257
2025-09-24,85400.0,83487.24840648365,-1140.0793307112085,3052.8309242275573
2025-09-25,86100.0,84643.16571741301,1115.9990872724825,340.8351953145029
2025-09-26,83300.0,85510.38309803803,138.04984790890882,-2348.4329459469445
2025-09-29,84200.0,86351.2287965494,-1656.8881533395415,-494.34064320985635
2025-09-30,83900.0,87059.256560967,1669.063070912539,-4828.319631879538
2025-10-01,86000.0,87686.95004198456,-1278.6393123585551,-408.31072962599865
2025-10-02,89000.0,88320.27269979494,957.0277620328425,-277.3004618277773
2025-10-03,89675.0,88973.85884028365,494.75866131662235,206.38249839973287
2025-10-06,91700.0,89850.42915558587,-1534.7290174196808,3384.299861833817
2025-10-07,92375.0,91035.75367802512,1197.6415127196392,141.60480925523734
2025-10-08,93050.0,92198.56808226618,-1273.096148714047,2124.5280664478632
2025-10-09,93725.0,93002.17025647484,829.7334882751097,-106.9037447499577
2025-10-10,94400.0,93683.47923326364,515.0023387108778,201.51842802547617
2025-10-13,93300.0,94433.4167674738,-790.8652677213248,-342.5514997524733
2025-10-14,91600.0,95177.11508808941,305.4191610791392,-3882.5342491685587
2025-10-15,95000.0,96008.58143211025,-937.1410769523169,-71.44035515793075
2025-10-16,97700.0,96824.21142124616,1212.8413402788,-337.05276152495935
2025-10-17,97900.0,97418.12378958437,-172.818344205043,654.6945546206698
2025-10-20,98100.0,97818.39445071771,146.727918911193,134.87763037110562
2025-10-21,97500.0,98285.6281397033,-667.2455732440867,-118.38256645921501
2025-10-22,98600.0,98818.64175922058,-626.6793168307012,408.03755761012144
2025-10-23,96500.0,99378.18374541504,1973.2826385415806,-4851.46638395662
2025-10-24,98800.0,99961.42149381724,-903.9944562309286,-257.4270375863125
2025-10-27,102000.0,100451.21105312351,438.16603940948534,1110.6229074670118
2025-10-28,99500.0,100741.14966617717,-1328.0068324734937,86.85716629632225
2025-10-29,100500.0,100896.10445553291,-217.01333518776258,-179.0911203451542
2025-10-30,104100.0,100996.3584477563,2469.651947338076,633.989604905626
2025-10-31,107500.0,100976.52189390232,-1630.606375243818,8154.084481341502
2025-11-03,111100.0,100797.2678420821,656.5219407467309,9646.21021717116
2025-11-04,104900.0,100701.55280597392,-1567.3466175663584,5765.793811592448
2025-11-05,100600.0,100265.14343916086,145.7860794670423,189.07048137209495
2025-11-06,99200.0,100160.25064929517,2959.3239174576443,-3919.57456675281
2025-11-07,97900.0,100121.27029424148,-2227.062052940546,5.791758699066122
2025-11-10,100600.0,100042.10432726526,749.9521591868717,-192.05648645212932
2025-11-11,103500.0,99928.50474427387,-1745.7605014758635,5317.255757201987
2025-11-12,103100.0,99882.47472246815,544.411943483357,2673.1133340484957
2025-11-13,102800.0,99841.853572545,2804.125566867041,154.02086058795976
2025-11-14,97200.0,99829.16398167158,-2174.1882349042494,-454.9757467673335
2025-11-17,100600.0,99820.26059539069,381.8195307294835,397.91987387982954
2025-11-18,97800.0,99817.15987897602,-1891.6307706929588,-125.52910828305176
2025-11-19,96500.0,99823.3402701813,975.5165285445225,-4298.856798725828
2025-11-20,100600.0,99974.8867416508,2446.3045045006634,-1821.1912461514585
2025-11-21,94800.0,100648.20848121229,-1943.539285098026,-3904.669196114264
2025-11-24,96700.0,101463.31922628179,-507.6343859975071,-4255.684840284288
2025-11-25,99300.0,101696.99705685378,-709.6142803520735,-1687.382776501705
2025-11-26,102800.0,101829.12099815978,1184.2792225921526,-213.400220751937
2025-11-27,103500.0,102021.61003260195,1664.2358897685942,-185.84592237054312
2025-11-28,100500.0,102275.40437332957,-1284.2428764047388,-491.16149692483305
2025-12-01,100800.0,102569.23591995011,-1547.0538116966081,-222.18210825350252
2025-12-02,103400.0,102854.2012168221,388.03058297128047,157.76820020662853
2025-12-03,104500.0,103226.85258157909,964.882634971506,308.26478344939824
2025-12-04,105100.0,103957.47931428977,771.5258372098534,370.99484850038425
2025-12-05,108400.0,105149.88253799624,-270.59229037732166,3520.7097523810808
2025-12-08,109500.0,105817.50070889521,-2245.9708596138253,5928.470150718611
2025-12-09,108400.0,106795.26359089215,1477.3810143930796,127.35539471477387
2025-12-10,108000.0,107206.40667283582,713.2297788512012,80.36354831297649
2025-12-11,107300.0,107314.62847870834,-70.58381213208074,55.95533342374256
2025-12-12,108900.0,107355.70016716879,932.5504551804535,611.7493776507617
2025-12-15,104800.0,107429.17508021134,-2198.377363880378,-430.79771633095515
2025-12-16,102800.0,107705.83868175987,535.5583830116518,-5441.397064771518
2025-12-17,107900.0,109796.71925396449,937.3028035174148,-2834.0220574819105
2025-12-18,107600.0,110500.73036413819,-957.7131744459864,-1943.0171896921966
2025-12-19,106300.0,112100.99916229451,1248.0924017913972,-7049.091564085902
2025-12-22,110500.0,112556.38862463181,-1918.7043273860825,-137.68429724573798
2025-12-23,111500.0,112926.35691131848,334.41035830203384,-1760.7672696205118
2025-12-24,111100.0,114924.19959983816,1141.1444929552626,-4965.344092793428
2025-12-25,114050.0,116335.02766612674,-149.06701136408776,-2135.960654762661
2025-12-26,117000.0,120235.8361739865,1046.574854385272,-4282.411028371775
2025-12-29,119500.0,121124.18967188042,-1538.043209770992,-86.14646210943465
2025-12-30,119900.0,122038.48549216113,-726.5716716842287,-1411.913820476897
2025-12-31,122766.66666666667,123028.05168501228,970.384364593875,-1231.7693829394848
2026-01-01,125633.33333333333,124764.1913883355,-1091.8370428557091,1960.9789878535375
2026-01-02,128500.0,127985.15948777494,438.9963529778402,75.84415924720815
2026-01-05,138100.0,131681.36646146036,-1964.0359490890871,8382.669487628737
2026-01-06,138900.0,136238.200705446,2228.2886863138524,433.5106082401471
2026-01-07,141000.0,138218.8045996233,2291.6038175918934,489.59158278480754
2026-01-08,138800.0,139337.46940230858,-1109.82919178137,572.3597894728009
2026-01-09,139000.0,139830.02080427037,-1155.3199392586953,325.29913498830865
2026-01-12,138800.0,140506.48216415817,-2117.0431963831343,410.5610322249704
2026-01-13,137600.0,144253.60409637034,1873.8248412570051,-8527.428937627352
2026-01-14,140300.0,146223.51877041615,3557.0163140465042,-9480.535084462666
2026-01-15,143900.0,148989.0867581998,-1720.4265486843726,-3368.660209515423
2026-01-16,148900.0,151315.7248780765,-2343.8243106963973,-71.90056738010026
2026-01-19,149300.0,152370.01265892622,-2980.31068457797,-89.7019743482524
2026-01-20,145200.0,153013.29216721945,3075.7796324917636,-10889.071799711208
2026-01-21,149500.0,153607.10666037732,4883.438459548923,-8990.545119926246
2026-01-22,152300.0,154700.4203052783,-2084.879372244271,-315.5409330340335
2026-01-23,152100.0,155317.5681321441,-2780.2905148846644,-437.27761725944583
2026-01-26,152100.0,155540.37077371325,-3969.775407468687,529.4046337554464
2026-01-27,159500.0,155689.6807747353,3413.9677297326925,396.3514955320279
2026-01-28,162400.0,155903.77723496838,6149.310908596436,346.9118564351811
2026-01-29,160700.0,156095.99315439683,-1897.458980256221,6501.465825859399
2026-01-30,160500.0,156514.52997502265,-2358.4468011142835,6343.916826091619
2026-02-02,150400.0,158231.66839647072,-3877.8362464899687,-3953.8321499807644
2026-02-03,167500.0,159917.1527395653,1677.677578741942,5905.169681692758
2026-02-04,169100.0,160215.05654684413,3948.63675681426,4936.306696341606
2026-02-05,159300.0,160210.89658065749,-965.7723237701672,54.87574311267235
2026-02-06,158600.0,160209.55820616387,-1554.6824630512228,-54.87574311264325
2026-02-09,166400.0,160205.39823997725,-160.7628168559163,6355.364576878666
2026-02-10,165800.0,160195.801183594,-494.00389376903223,6098.202710175014
2026-02-11,167800.0,173085.90316438806,1333.6597752883877,-6619.562939676456
2026-02-12,178600.0,176681.62035345592,-365.8111150713049,2284.1907616153767
2026-02-13,181200.0,189606.83686837548,-657.2514020719409,-7749.5854663035425
2026-02-16,185600.0,189627.6732777941,3162.107996594998,-7189.781274389097
2026-02-17,187066.66666666666,189698.97463862572,-2536.2739649569876,-96.03400700207567
2026-02-18,188533.33333333334,189760.26009279626,-1107.1138727340463,-119.81288672887604
2026-02-19,190000.0,189795.5261386411,510.7270528344017,-306.25319147549453
2026-02-20,190100.0,189826.78238069435,-498.7789843830865,771.996603688749
2026-02-23,193000.0,189886.95794191066,3126.015716219443,-12.973658130096737
2026-02-24,200000.0,189969.7220971049,-2285.2545150801225,12315.53241797522
2026-02-25,203500.0,190028.9046958001,-743.2031098540597,14214.298414053948
2026-02-26,218000.0,189975.830904447,1127.6796989911236,26896.48939656187
2026-02-27,216500.0,189633.89153654076,-567.6633150013445,27433.771778460592
2026-03-02,200450.0,189379.41625488107,1408.5682317071987,9662.015513411723
2026-03-03,195100.0,189366.4044113168,-1420.5488794579492,7154.144468141167
2026-03-04,172200.0,189353.97981970338,-229.64533180573534,-16924.334487897635
2026-03-05,191600.0,189343.61023760377,2206.2012106989832,50.188551697239745
2026-03-06,188200.0,189347.0428418592,-1119.8224489385486,-27.22039292062982
2026-03-09,173500.0,189351.69400392566,94.28164957140709,-15945.975653497066
2026-03-10,187900.0,189387.75243148996,-1359.8900653296203,-127.86236616034876
2026-03-11,190000.0,189551.3480401395,543.6382029905659,-94.98624313008622
2026-03-12,187900.0,189799.3724753475,1095.6011472342843,-2994.973622581805
2026-03-13,183500.0,190006.1070538522,-1585.5646817267702,-4920.542372125434
2026-03-16,188700.0,190222.4759323671,-1671.9328576867483,149.45692531965324
2026-03-17,193900.0,190413.49997241312,3333.428579507438,153.07144807945588
2026-03-18,208500.0,190477.6151638863,1426.2126491465012,16596.17218696719
2026-03-19,200500.0,190494.43589647382,-41.24538773190753,10046.809491258085
2026-03-20,199400.0,186354.72197919065,-1862.6306373377893,14907.90865814715
2026-03-23,186300.0,185246.08130683878,-3681.4054131264643,4735.324106287677
2026-03-24,189700.0,181205.14752617065,2889.14315849825,5605.7093153311
2026-03-25,189000.0,181221.8555892935,2942.6576004020644,4835.486810304428
2026-03-26,180100.0,181473.12684263685,-887.4898987151101,-485.63694392173784
2026-03-27,179700.0,182108.3603113582,-1919.9695475412086,-488.3907638170058
2026-03-30,176300.0,182957.90780157637,-4055.9280526869666,-2601.9797488893964
2026-03-31,167200.0,184321.36026704693,2818.073777863914,-19939.434044910828
2026-04-01,189600.0,186264.658450728,3662.220994078995,-326.87944480698206
2026-04-02,178400.0,188519.29939958866,1767.7758667703004,-11887.075266358966
2026-04-03,186200.0,190249.48169193175,-3937.0403290260983,-112.4413629056653
2026-04-06,193100.0,192077.40062080388,-5082.967885324197,6105.56726452033
2026-04-07,196500.0,194047.25911927456,2175.6905889928407,277.0502917325939
2026-04-08,210500.0,196280.90109704176,3543.354496816981,10675.744406141253
2026-04-09,204000.0,199296.46173454044,4175.1787306881015,528.3595347714436
2026-04-10,206000.0,202520.13287481066,-4083.7399875057126,7563.607112695056
2026-04-13,201000.0,204419.0783501062,-3458.120257782942,39.041907676757546
2026-04-14,206500.0,205522.65746286363,568.8090048403776,408.53353229598724
2026-04-15,211000.0,206352.73893276753,3515.867914670399,1131.3931525620574
2026-04-16,217500.0,206845.6047389698,1934.4796960177064,8719.915565012489
2026-04-17,216000.0,207212.6314561838,-3417.035689737324,12204.404233553534
2026-04-20,214500.0,214293.828176221,-1160.1268246357834,1366.298648414784
2026-04-21,219000.0,216359.49622528107,-180.11304289150132,2820.6168176104256
2026-04-22,217500.0,222826.7355791726,3678.2235216501217,-9004.959100822714
2026-04-23,224500.0,223046.282137075,-34.588711741715954,1488.306574666727
2026-04-24,219500.0,223112.91707409278,-3350.810373116176,-262.10670097661205
2026-04-27,224500.0,223084.58230249232,1092.146671567308,323.2710259403684
2026-04-28,222000.0,223048.64430134083,-1478.4585252690574,429.8142239282315
2026-04-29,226000.0,223027.08739919722,3157.2009546657177,-184.2883538629394
2026-04-30,220500.0,222993.48058300593,-2370.6617666362476,-122.81881636969047
2026-05-01,223500.0,222927.10925592412,672.3425044032119,-99.45176032732707
2026-05-04,232500.0,222866.2322351028,1494.9717413893256,8138.796023507864
2026-05-05,249250.0,227421.53079630958,-2914.276008351585,24742.745212042006
2026-05-06,266000.0,253463.1683053111,3292.0458701987586,9244.785824490158
2026-05-07,271500.0,279039.14405015786,-712.827304658185,-6826.316745499673
2026-05-08,268500.0,284061.3305404935,-1777.7400489020479,-13783.590491591429
2026-05-11,285500.0,284052.5485001913,1330.349707995639,117.10179181303829
2026-05-12,279000.0,284049.72635612503,-4935.370080749498,-114.356275375525
2026-05-13,284000.0,284040.9646703243,6357.466738996855,-6398.431409321143
2026-05-14,296000.0,284020.80992973055,314.7291453993726,11664.460924870102
2026-05-15,270500.0,290026.61431824724,-3245.4993220298215,-16281.114996217424
2026-05-18,281000.0,291704.0695314254,401.2933664061905,-11105.362897831597
2026-05-19,275500.0,297776.27927947574,-5348.064984303472,-16928.21429517225
2026-05-20,276000.0,297773.8081674408,9123.212274683181,-30897.02044212399
2026-05-21,299500.0,297773.06861856254,1716.4610062278705,10.470375209581107
2026-05-22,292500.0,297773.26823057915,-5266.156763846847,-7.1114667322835885
2026-05-25,297375.0,297772.46896735363,-392.17824991426386,-5.290717439376749
2026-05-26,299000.0,297771.16596378013,-6171.36407830007,7400.198114519939
2026-05-27,307000.0,297770.0735095436,9217.081153952291,12.845336504105944
2026-05-28,299500.0,297770.1903801087,1740.3123018403771,-10.502681949117687
2026-05-29,317000.0,297770.10560375114,-2601.888922761429,21831.783319010283
2026-06-01,349000.0,299678.60021473904,-184.2909176718329,49505.69070293277
2026-06-02,360500.0,314260.824322777,-6787.0364887912165,53026.212166014244
2026-06-03,356000.0,318730.86646339827,4097.984788336954,33171.148748264764
2026-06-04,351500.0,329400.5637063297,4788.3525452278245,17311.08374844253
2026-06-05,329000.0,329233.9527556556,-859.1987322369787,625.2459765813546
2026-06-08,295500.0,329165.3402182486,207.0448196110936,-33872.38503785967
2026-06-09,322000.0,329096.72768084006,-6471.4817040848175,-625.2459767552209
2026-06-10,302500.0,328930.1167301475,-1078.692759835665,-25351.423970311822
2026-06-11,299000.0,336996.8916475604,7059.306110928374,-45056.197758488765
2026-06-12,322500.0,340457.8219458564,669.6104384146545,-18627.43238427106
2026-06-15,337000.0,351844.59380506043,359.4101114631569,-15204.003916523594
2026-06-16,343000.0,353349.0177226983,-4426.437585100169,-5922.5801375980955
2026-06-17,346500.0,353437.6168684454,-6631.517862052734,-306.099006392702
2026-06-18,362500.0,353488.17524428957,9140.928044247667,-129.1032885372406
2026-06-19,354000.0,353521.40438036283,379.02916823045297,99.56645140668843
2026-06-22,353500.0,353570.62980922696,-419.6282196999743,348.9984104729956
2026-06-23,310000.0,353660.25422333286,-3399.3289900906098,-40260.92523324222
2026-06-24,340500.0,352363.8292237791,-3253.5292992873747,-8610.29992449173
2026-06-25,358500.0,344686.81995686045,7417.357601467074,6395.822441672499
2026-06-26,339500.0,338146.64384561265,-728.2190671989727,2081.575221586332
2026-06-29,323000.0,336087.4774133172,-1366.0654121981877,-11721.412001118995
2026-06-30,334000.0,336087.4774133172,-2087.477413317163,0.0
2026-07-01,314500.0,336087.4774133172,1228.8685555298111,-22816.34596884699
2026-07-02,286000.0,328336.07418228727,6776.893639083426,-49112.967821370694
2026-07-03,309500.0,304563.86996895843,-6427.41898857436,11363.549019615923
2026-07-06,318000.0,276404.03316136164,-797.0849999386712,42393.05183857703
2026-07-07,296000.0,270882.2334860684,-1773.0460019602074,26890.812515891856
2026-07-08,277500.0,270866.20531815256,6417.975913069056,215.8187687784084
2026-07-09,278000.0,270615.08349471656,7345.27027427459,39.6462310088682
2026-07-10,285000.0,269891.7110477206,-14896.132324406572,30004.421276686015
2026-07-13,254500.0,268142.0252132828,-2720.9454322395286,-10921.079781043256
2026-07-14,263000.0,267120.891033772,-2251.197449205999,-1869.6935845659464
2026-07-15,279500.0,265175.1047825998,13740.44803935195,584.4471780482563
2026-07-16,255000.0,264191.830965645,6730.312796748164,-15922.143762393127
2026-07-17,252250.0,263726.51805041666,-11935.956736788294,459.4386863716063
2026-07-20,244000.0,263064.0169338019,-2895.0008947290353,-16169.016039072827
2026-07-21,259000.0,261610.33716477038,-2528.4608789640397,-81.87628580632736
2026-07-22,260500.0,260036.23562252292,11255.11868396183,-10791.354306484747
2026-07-23,270000.0,258808.00563127326,705.1188930458227,10486.875475680921
2026-07-24,249500.0,257920.8400665284,-7726.60877376416,-694.2312927642488
2026-07-27,254000.0,257109.18500868423,-2294.151015552689,-815.0339931315393
2026-07-28,220000.0,256738.11922514898,810.8716283427276,-37548.990853491705
2026-07-29,208500.0,254592.86824484123,11390.40914164938,-57483.277386490605
2026-07-30,207000.0,246475.94378668288,-6208.058592368158,-33267.88519431473
2026-07-31,262500.0,237745.00915894954,-4763.374937082016,29518.36577813246
2026-08-03,239500.0,236667.43416972057,-2701.7986348765235,5534.364465155959
2026-08-04,240000.0,236710.14977949837,3494.776790617392,-204.92657011575648
2026-08-05,246000.0,236729.03211163473,9360.667661298594,-89.6997729333234
2026-08-06,230500.0,236745.06562667916,-6555.076513351046,310.0108866718947
2026-08-07,231000.0,238311.74976365938,-2378.8864826371955,-4932.863281022175
2026-08-10,230000.0,252667.89299988837,-3737.406076422723,-18930.48692346565
2026-08-11,239500.0,257668.2635460308,2889.4070287730974,-21057.670574803895
2026-08-12,255500.0,272046.424510631,8809.35305130171,-25355.777561932715
2026-08-13,268000.0,273983.2092801839,-5349.802122806497,-633.4071573773981
2026-08-14,274500.0,274005.2829505364,202.19583826906364,292.52121119451476
2026-08-17,270000.0,274028.8721060453,-4274.271312070314,245.39920602500206
2026-08-18,268500.0,274071.44838281895,-1076.7067664482788,-4494.74161637068
2026-08-19,247500.0,274114.28045573557,8967.422724316522,-35581.70318005211
2026-08-20,271000.0,274084.7697048287,-2971.640108056075,-113.12959677260369
2026-08-21,281500.0,273310.2873373407,417.47054791709195,7772.242114742228
2026-08-24,257000.0,270926.132832457,-5056.061817769197,-8870.071014687826
2026-08-25,257000.0,269578.65669599484,-2883.78434292231,-9694.87235307254
2026-08-26,261500.0,266754.65130809514,9075.268849632808,-14329.92015772796
2026-08-27,266000.0,266095.9424066779,-357.87191906107535,261.92951238318346
2026-08-28,257000.0,266048.7962477647,489.19254910235003,-9537.988796867081
2026-08-31,260000.0,266015.93663584715,-5959.8742882438855,-56.06234760326333
2026-09-01,261000.0,265966.2820609752,-4761.151239024129,-205.1308219510829
2026-09-02,250500.0,266000.79472856375,9126.05378573635,-24626.8485143001
2026-09-03,250000.0,266485.6117315031,2360.8696314660265,-18846.48136296912
2026-09-04,255500.0,267903.7493374172,529.2331725314234,-12932.982509948604
2026-09-07,270000.0,274061.0132129462,-6892.019027924066,2831.0058149778633
2026-09-08,269500.0,276135.9787064167,-6635.978706418741,2.0954757928848267e-09
2026-09-09,269500.0,273961.21390170965,9152.974739132404,-13614.18864084204
2026-09-10,269000.0,274441.0695608479,5125.743093288839,-10566.812654136738
2026-09-11,259500.0,274759.43548205675,546.0047611604105,-15805.440243217163
2026-09-14,249000.0,274977.4681239366,-7847.820400783951,-18129.64772315268
