DATE,t,value,lowess,linear_fit,quad_fit,cusum
2018-05-04,0.0,51900.0,50448.71901537523,26034.24709464993,71818.66708684315,-0.4987985743014599
2018-05-07,1.0,52425.0,50390.8608338173,26081.861202988435,71740.32680730768,-0.9875474534096809
2018-05-08,2.0,52600.0,50333.07783366502,26129.47531132694,71662.10208225649,-1.4729464341201555
2018-05-09,3.0,50900.0,50275.370084515926,26177.089419665444,71583.99291168958,-1.990887284980166
2018-05-10,4.0,51600.0,50217.73739266981,26224.703528003953,71505.99929560696,-2.495428542249191
2018-05-11,5.0,51300.0,50160.17941317582,26272.317636342457,71428.12123400863,-3.005712482485781
2018-05-14,6.0,50100.0,50102.69562279935,26319.931744680962,71350.3587268946,-3.538967154592632
2018-05-15,7.0,49200.0,50045.28534658027,26367.545853019466,71272.71177426486,-4.089449875602178
2018-05-16,8.0,49850.0,49987.94787612055,26415.15996135797,71195.18037611939,-4.627490116848667
2018-05-17,9.0,49400.0,49930.68254908213,26462.774069696476,71117.76453245821,-5.174144382546503
2018-05-18,10.0,49500.0,49873.48871468568,26510.38817803498,71040.46424328133,-5.718884420588484
2018-05-21,11.0,50000.0,49816.365747184704,26558.002286373485,70963.27950858873,-6.25405332035119
2018-05-22,12.0,50900.0,49759.313028523364,26605.616394711993,70886.21032838042,-6.7719941712112
2018-05-23,13.0,51800.0,49702.329878918405,26653.230503050498,70809.25670265639,-7.272706973168515
2018-05-24,14.0,51400.0,49645.41544972296,26700.844611389002,70732.41863141666,-7.78107668574925
2018-05-25,15.0,52700.0,49588.56863825347,26748.458719727507,70655.69611466122,-8.26456143880387
2018-05-28,16.0,52300.0,49531.78807095043,26796.07282806601,70579.08915239005,-8.75570310248191
2018-05-29,17.0,51300.0,49475.072026325186,26843.686936404516,70502.59774460319,-9.2659870427185
2018-05-30,18.0,49500.0,49418.41844534338,26891.30104474302,70426.2218913006,-9.810727080760481
2018-05-31,19.0,50700.0,49361.8250267334,26938.915153081525,70349.96159248232,-10.3324963869322
2018-06-01,20.0,51300.0,49305.289346728685,26986.529261420033,70273.8168481483,-10.842780327168791
2018-06-04,21.0,51100.0,49248.80878430363,27034.143369758538,70197.78765829859,-11.356892722717092
2018-06-05,22.0,51300.0,49192.380452505706,27081.757478097043,70121.87402293316,-11.867176662953682
2018-06-06,23.0,50950.0,49136.00118998428,27129.371586435547,70046.07594205202,-12.384160399985765
2018-06-07,24.0,50600.0,49079.66754876516,27176.98569477405,69970.39341565515,-12.907843933813341
2018-06-08,25.0,49650.0,49023.37581114391,27224.599803112556,69894.8264437426,-13.44971263037154
2018-06-11,26.0,49900.0,48967.12202705172,27272.21391145106,69819.37502631432,-13.9867957577901
2018-06-12,27.0,49400.0,48910.90207411481,27319.828019789566,69744.03916337033,-14.533450023487935
2018-06-13,28.0,48800.0,48854.711657381435,27367.442128128074,69668.81885491063,-15.091589655120902
2018-06-14,29.0,48200.0,48798.54634314087,27415.05623646658,69593.7141009352,-15.661214652688999
2018-06-15,30.0,47650.0,48742.401614075796,27462.670344805083,69518.72490144409,-16.2413679023643
2018-06-18,31.0,46600.0,48686.27292563392,27510.284453143588,69443.85125643725,-16.841620542426078
2018-06-19,32.0,47000.0,48630.15576614755,27557.898561482092,69369.0931659147,-17.434216271864436
2018-06-20,33.0,47000.0,48574.045723829804,27605.512669820597,69294.45062987643,-18.026812001302794
2018-06-21,34.0,47050.0,48517.93847600588,27653.1267781591,69219.92364832247,-18.618450616913222
2018-06-22,35.0,47250.0,48461.82977902397,27700.74088649761,69145.51222125278,-19.20626077721194
2018-06-25,36.0,46650.0,48405.71545870044,27748.354994836114,69071.21634866738,-19.80555630344579
2018-06-26,37.0,47000.0,48349.59140282678,27795.96910317462,68997.03603056628,-20.39815203288415
2018-06-27,38.0,47950.0,48293.453587867814,27843.583211513123,68922.97126694945,-20.972562599591882
2018-06-28,39.0,46800.0,48237.29804834366,27891.197319851628,68849.02205781692,-21.56898678434195
2018-06-29,40.0,46650.0,48181.120823240526,27938.811428190133,68775.18840316868,-22.168282310575798
2018-07-02,41.0,45550.0,48124.91801477568,27986.425536528637,68701.47030300472,-22.788634341024053
2018-07-03,42.0,46150.0,48068.68583108196,28034.03964486714,68627.86775732505,-23.39750100553718
2018-07-04,43.0,46250.0,48012.420644468475,28081.65375320565,68554.38076612967,-24.00445344239445
2018-07-05,44.0,45950.0,47956.11897421669,28129.267861544155,68481.00932941858,-24.617148562219285
2018-07-06,45.0,44900.0,47899.777478058466,28176.88196988266,68407.75344719178,-25.249943072430597
2018-07-09,46.0,45600.0,47843.39298464032,28224.496078221164,68334.61311944926,-25.869337989050926
2018-07-10,47.0,46300.0,47786.96254975042,28272.11018655967,68261.58834619103,-26.47533331208027
2018-07-11,48.0,46000.0,47730.483430127315,28319.724294898173,68188.67912741708,-27.08707131807718
2018-07-12,49.0,45500.0,47673.953042077344,28367.338403236678,68115.88546312743,-27.70838046235336
2018-07-13,50.0,46500.0,47617.368981287545,28414.952511575182,68043.20735332207,-28.310547330070992
2018-07-16,51.0,46050.0,47560.72904800331,28462.56661991369,67970.644798001,-28.92132822223997
2018-07-17,52.0,45850.0,47504.03120621438,28510.180728252195,67898.1977971642,-29.535937569720662
2018-07-18,53.0,46550.0,47447.2736059386,28557.7948365907,67825.8663508117,-30.137147323610368
2018-07-19,54.0,46900.0,47390.45459927859,28605.408944929204,67753.65045894349,-30.73165728070458
2018-07-20,55.0,47450.0,47333.57269914001,28653.02305326771,67681.55012155957,-31.315638985691592
2018-07-23,56.0,46500.0,47276.62653880093,28700.637161606213,67609.56533865993,-31.917805853409224
2018-07-24,57.0,46150.0,47219.61484618124,28748.251269944718,67537.6961102446,-32.52667251792235
2018-07-25,58.0,46150.0,47162.53651031054,28795.865378283226,67465.94243631353,-33.13553918243547
2018-07-26,59.0,46900.0,47105.39063055226,28843.47948662173,67394.30431686675,-33.73004913952968
2018-07-27,60.0,46900.0,47048.17652013614,28891.093594960235,67322.78175190427,-34.324559096623894
2018-07-30,61.0,46500.0,46990.89366187609,28938.70770329874,67251.37474142607,-34.92672596434153
2018-07-31,62.0,46250.0,46933.54170933655,28986.321811637245,67180.08328543216,-35.5336784011988
2018-08-01,63.0,46550.0,46876.12053041988,29033.93591997575,67108.90738392255,-36.134888155088504
2018-08-02,64.0,45550.0,46818.630241080034,29081.550028314254,67037.84703689722,-36.755240185536756
2018-08-03,65.0,45750.0,46761.07122177028,29129.16413665276,66966.90224435617,-37.3717637606733
2018-08-06,66.0,45800.0,46703.44420431995,29176.778244991263,66896.07300629943,-37.98733022198192
2018-08-07,67.0,46700.0,46645.75030290249,29224.39235332977,66825.35932272696,-38.585668634387844
2018-08-08,68.0,46800.0,46587.99101892359,29272.006461668276,66754.76119363877,-39.182092819137914
2018-08-09,69.0,46900.0,46530.168194780555,29319.62057000678,66684.27861903489,-39.776602776232124
2018-08-10,70.0,45400.0,46472.284012207834,29367.234678345285,66613.91159891528,-40.39982614816416
2018-08-13,71.0,45050.0,46414.34104355125,29414.84878668379,66543.66013327996,-41.02974931689169
2018-08-14,72.0,45150.0,46356.34242842164,29462.462895022294,66473.52422212894,-41.657758257963366
2018-08-15,73.0,44700.0,46298.2919976174,29510.0770033608,66403.5038654622,-42.29438122348639
2018-08-16,74.0,44250.0,46240.19436113258,29557.691111699307,66333.59906327975,-42.93961821346076
2018-08-17,75.0,44100.0,46182.055049823866,29605.30522003781,66263.80981558158,-43.587726544918915
2018-08-20,76.0,43850.0,46123.88068522471,29652.919328376316,66194.13612236771,-44.240620445516704
2018-08-21,77.0,44800.0,46065.679152485,29700.53343671482,66124.57798363813,-44.875329183383876
2018-08-22,78.0,46100.0,46007.459777294534,29748.147545053325,66055.13539939282,-45.48515296172493
2018-08-23,79.0,46200.0,45949.23341099741,29795.76165339183,65985.80836963182,-46.09306251241013
2018-08-24,80.0,46150.0,45891.01248611743,29843.375761730334,65916.5968943551,-46.70192917692325
2018-08-27,81.0,46300.0,45832.81120803947,29890.989870068843,65847.50097356265,-47.30792449995259
2018-08-28,82.0,46550.0,45774.64582862541,29938.603978407347,65778.52060725451,-47.909134253842296
2018-08-29,83.0,46800.0,45716.534947732194,29986.218086745852,65709.65579543065,-48.50555843859237
2018-08-30,84.0,47650.0,45658.49985013227,30033.832195084356,65640.90653809109,-49.085711688267665
2018-08-31,85.0,48450.0,45600.56487908312,30081.44630342286,65572.2728352358,-49.65055111669612
2018-09-03,86.0,47450.0,45542.75780035387,30129.060411761366,65503.754686864806,-50.23453282168313
2018-09-04,87.0,47650.0,45485.11025957657,30176.67452009987,65435.3520929781,-50.81468607135843
2018-09-05,88.0,46600.0,45427.65845696129,30224.288628438375,65367.06505357569,-51.414938711420206
2018-09-06,89.0,46100.0,45370.44382972056,30271.90273677688,65298.89356865756,-52.02476248976126
2018-09-07,90.0,44900.0,45313.51386217035,30319.516845115388,65230.83763822371,-52.65755699997257
2018-09-10,91.0,45500.0,45256.92286803073,30367.130953453892,65162.89726227416,-53.27886614424875
2018-09-11,92.0,45050.0,45200.73266863357,30414.745061792397,65095.07244080889,-53.90878931297628
2018-09-12,93.0,44550.0,45145.012760818165,30462.3591701309,65027.363173827915,-54.54828361998309
2018-09-13,94.0,44050.0,45089.84002859549,30509.973278469406,64959.76946133123,-55.19734906526917
2018-09-14,95.0,45850.0,45035.29764157849,30557.58738680791,64892.29130331882,-55.81195841274986
2018-09-17,96.0,45150.0,44981.47256674412,30605.201495146415,64824.92869979071,-56.43996735382154
2018-09-18,97.0,45500.0,44928.45094584975,30652.815603484923,64757.68165074688,-57.06127649809772
2018-09-19,98.0,46150.0,44876.3113891135,30700.429711823428,64690.550156187346,-57.67014316261084
2018-09-20,99.0,47250.0,44825.11533792461,30748.043820161933,64623.5342161121,-58.257953322909565
2018-09-21,100.0,47400.0,44771.2581756438,30795.657928500437,64556.63383052114,-58.842892141724505
2018-09-24,101.0,47450.0,44717.959260211486,30843.272036838942,64489.84899941446,-59.426873846711516
2018-09-25,102.0,47466.666666666664,44665.269878932486,30890.886145177446,64423.179722792076,-60.01053651375588
2018-09-26,103.0,47483.333333333336,44613.24111561079,30938.50025351595,64356.62600065398,-60.59388014285761
2018-09-27,104.0,47500.0,44561.924395316244,30986.11436185446,64290.18783300017,-61.17690473401669
2018-09-28,105.0,46450.0,44511.37040332113,31033.72847019296,64223.86521983065,-61.780028715562246
2018-10-01,106.0,46350.0,44461.629352208016,31081.34257853147,64157.65816114542,-62.38506692476366
2018-10-02,107.0,45700.0,44412.7500547785,31128.956686869973,64091.56665694447,-63.00254761372813
2018-10-03,108.0,45200.0,44364.77829045349,31176.570795208478,64025.59070722782,-63.62959944097188
2018-10-04,109.0,44700.0,44317.755626537815,31224.184903546982,63959.730311995445,-64.2662224064949
2018-10-05,110.0,44700.0,44271.71989155845,31271.799011885487,63893.98547124737,-64.90284537201792
2018-10-08,111.0,44950.0,44226.704806706286,31319.41312022399,63828.356184983575,-65.53468276840131
2018-10-09,112.0,45125.0,44182.73976941306,31367.027228562496,63762.842453204066,-66.16317026638696
2018-10-10,113.0,45300.0,44139.850129541206,31414.641336901004,63697.444275908856,-66.78830786597484
2018-10-11,114.0,43100.0,44098.05780554143,31462.25544523951,63632.16165309792,-67.45555847399154
2018-10-12,115.0,44000.0,44057.38183418032,31509.869553578013,63566.99458477129,-68.10558103310555
2018-10-15,116.0,43800.0,44017.8378943804,31557.483661916518,63501.94307092893,-68.75943204753128
2018-10-16,117.0,43600.0,43979.4389233505,31605.097770255023,63437.00711157087,-69.41711151726871
2018-10-17,118.0,44150.0,43942.19500278632,31652.711878593527,63372.18670669709,-70.06426273489893
2018-10-18,119.0,44050.0,43906.111975430504,31700.32598693203,63307.481856307604,-70.71332818018502
2018-10-19,120.0,43900.0,43871.189999287395,31747.94009527054,63242.892560402404,-71.36526496695488
2018-10-22,121.0,43550.0,43837.42491669575,31795.55420360904,63178.41881898149,-72.02390155052024
2018-10-23,122.0,43050.0,43804.80889232894,31843.16831194755,63114.06063204487,-72.69210927236487
2018-10-24,123.0,42550.0,43773.33109271089,31890.782420286054,63049.81799959253,-73.36988813248878
2018-10-25,124.0,41000.0,43742.979327328074,31938.39652862456,62985.69092162448,-74.07733752127844
2018-10-26,125.0,41000.0,43713.740004991116,31986.010636963063,62921.679398140725,-74.78478691006809
2018-10-29,126.0,41400.0,43685.59848979061,32033.624745301568,62857.78342914125,-75.48457938823434
2018-10-30,127.0,42350.0,43658.53923518797,32081.238853640072,62794.00301462607,-76.16618670366995
2018-10-31,128.0,42400.0,43632.545806059985,32128.852961978577,62730.33815459517,-76.84683690527764
2018-11-01,129.0,42150.0,43607.60097386924,32176.467070317085,62666.788849048564,-77.53227267602497
2018-11-02,130.0,44150.0,43583.68717647174,32224.08117865559,62603.35509798625,-78.1794238936552
2018-11-05,131.0,43800.0,43560.78801834002,32271.695286994094,62540.03690140822,-78.83327490808092
2018-11-06,132.0,43750.0,43538.887955664526,32319.3093953326,62476.83425931447,-79.48808303633457
2018-11-07,133.0,44000.0,43517.97067687291,32366.923503671103,62413.747171705014,-80.13810559544858
2018-11-08,134.0,44050.0,43498.01891149414,32414.537612009608,62350.77563857985,-80.78717104073466
2018-11-09,135.0,44300.0,43479.01453499185,32462.151720348113,62287.91965993897,-81.4314509168811
2018-11-12,136.0,45200.0,43460.93829752793,32509.76582868662,62225.17923578238,-82.05850274412485
2018-11-13,137.0,44500.0,43443.76983399956,32557.379937025125,62162.554366110075,-82.69895416495959
2018-11-14,138.0,44100.0,43427.487891578174,32604.99404536363,62100.04505092206,-83.34706249641773
2018-11-15,139.0,44250.0,43412.0719560176,32652.608153702135,62037.65129021833,-83.9922994863921
2018-11-16,140.0,44000.0,43397.5041403168,32700.22226204064,61975.3730839989,-84.6423220455061
2018-11-19,141.0,43650.0,43383.76886674383,32747.836370379144,61913.210432263746,-85.29904440141561
2018-11-20,142.0,42800.0,43370.852302053056,32795.45047871765,61851.16333501288,-85.97203769239988
2018-11-21,143.0,42100.0,43358.74143264586,32843.06458705616,61789.231792246304,-86.65843057697514
2018-11-22,144.0,42450.0,43347.424460272916,32890.67869539466,61727.41580396402,-87.3381236647549
2018-11-23,145.0,42400.0,43336.89101354242,32938.292803733166,61665.71537016602,-88.0187738663626
2018-11-26,146.0,42600.0,43327.131356145095,32985.90691207167,61604.13049085231,-88.69559561265858
2018-11-27,147.0,43050.0,43318.13579118446,33033.521020410175,61542.66116602289,-89.36380333450322
2018-11-28,148.0,43150.0,43309.89511413481,33081.135128748676,61481.30739567775,-90.030096828692
2018-11-29,149.0,43150.0,43302.40114393706,33128.749237087184,61420.06917981691,-90.69639032288077
2018-11-30,150.0,41850.0,43295.64588442956,33176.36334542569,61358.94651844035,-91.38756877659567
2018-12-03,151.0,43250.0,43289.61981443514,33223.97745376419,61297.93941154808,-92.05194804312859
2018-12-04,152.0,42150.0,43284.31220886336,33271.5915621027,61237.0478591401,-92.73738381387592
2018-12-05,153.0,41450.0,43279.710741162184,33319.2056704412,61176.2718612164,-93.43621917821423
2018-12-06,154.0,40500.0,43275.80133211536,33366.81977877971,61115.611417777,-94.15323970528317
2018-12-07,155.0,40950.0,43272.56869061527,33414.43388711821,61055.06652882188,-94.86164620790076
2018-12-10,156.0,40200.0,43269.997242976424,33462.04799545672,60994.637194351046,-95.58440941793727
2018-12-11,157.0,40250.0,43268.07236472011,33509.66210379523,60934.32341436451,-96.30621551414583
2018-12-12,158.0,40450.0,43266.781097837964,33557.27621213373,60874.12518886225,-97.0241931550427
2018-12-13,159.0,40000.0,43266.11162886841,33604.89032047224,60814.04251784428,-97.7507848203909
2018-12-14,160.0,38950.0,43266.05329574149,33652.50442881074,60754.075401310605,-98.49747587612559
2018-12-17,161.0,39150.0,43266.5973409898,33700.11853714925,60694.22383926122,-99.24033847654857
2018-12-18,162.0,38900.0,43267.736625037585,33747.73264548775,60634.48783169612,-99.9879866461112
2018-12-19,163.0,39100.0,43269.46489664134,33795.346753826256,60574.86737861531,-100.7318063603621
2018-12-20,164.0,38650.0,43271.776409121616,33842.960862164764,60515.36248001878,-101.48424009906435
2018-12-21,165.0,38650.0,43274.66511703899,33890.574970503265,60455.97313590654,-102.2366738377666
2018-12-24,166.0,38800.0,43278.12247719392,33938.18907884177,60396.69934627859,-102.98623623498507
2018-12-25,167.0,38575.0,43282.137855984874,33985.803187180274,60337.54111113493,-103.74010564442922
2018-12-26,168.0,38350.0,43286.69922274413,34033.41729551878,60278.498430475556,-104.49828206609904
2018-12-27,169.0,38250.0,43291.7946030024,34081.03140385728,60219.57130430047,-105.25837271542471
2018-12-28,170.0,38700.0,43297.41282224633,34128.64551219579,60160.75973260967,-106.00984934029904
2018-12-31,171.0,38730.0,43303.543155336134,34176.2596205343,60102.063715403165,-106.76075169687661
2019-01-01,172.0,38740.0,43310.17412908668,34223.8737288728,60043.48325268095,-107.5114626306886
2019-01-02,173.0,38750.0,43317.29389614088,34271.48783721131,59985.018344443015,-108.261982141735
2019-01-03,174.0,37600.0,43324.89139379265,34319.10194554981,59926.668990689366,-109.03451527082373
2019-01-04,175.0,37450.0,43332.95628522257,34366.71605388832,59868.43519142001,-109.80991974139624
2019-01-07,176.0,38750.0,43341.478184692285,34414.33016222682,59810.31694663494,-110.56043925244265
2019-01-08,177.0,38100.0,43350.44498806335,34461.94427056533,59752.31425633416,-111.3234012432521
2019-01-09,178.0,39600.0,43359.84212734019,34509.558378903836,59694.42712051767,-112.05764981922374
2019-01-10,179.0,39800.0,43369.653399586816,34557.17248724234,59636.65553918546,-112.78806993988366
2019-01-11,180.0,40500.0,43379.862102408355,34604.78659558084,59578.99951233755,-113.5050904669526
2019-01-14,181.0,40050.0,43390.45187100322,34652.400703919346,59521.45903997392,-114.23072501847288
2019-01-15,182.0,41100.0,43401.407003804125,34700.014812257854,59464.03412209458,-114.93626017960669
2019-01-16,183.0,41450.0,43412.71357512574,34747.628920596355,59406.72475869952,-115.635095543945
2019-01-17,184.0,41950.0,43424.3595295061,34795.24302893486,59349.530949788765,-116.32435977000404
2019-01-18,185.0,42300.0,43436.335257514525,34842.85713727337,59292.452695362284,-117.00692419926759
2019-01-21,186.0,42750.0,43448.63448072391,34890.47124561187,59235.489995420096,-117.68087460407979
2019-01-22,187.0,42150.0,43461.25489651392,34938.08535395037,59178.6428499622,-118.36631037482712
2019-01-23,188.0,42000.0,43474.19827421378,34985.69946228888,59121.911258988584,-119.05461748705824
2019-01-24,189.0,43050.0,43487.470430024434,35033.31357062739,59065.29522249926,-119.72282520890288
2019-01-25,190.0,44750.0,43501.079911319284,35080.92767896589,59008.794740494224,-120.35849106059797
2019-01-28,191.0,45050.0,43515.03593190957,35128.5417873044,58952.40981297348,-120.9884142293255
2019-01-29,192.0,45500.0,43529.346641645,35176.15589564291,58896.14043993702,-121.60972337360168
2019-01-30,193.0,46400.0,43544.01905342448,35223.77000398141,58839.98662138484,-122.21380446897517
2019-01-31,194.0,46150.0,43559.05885262846,35271.38411231991,58783.948357316964,-122.8226711334883
2019-02-01,195.0,46350.0,43574.470072972385,35318.99822065842,58728.02564773337,-123.42770934268971
2019-02-04,196.0,46275.0,43590.2546832631,35366.612328996925,58672.218492634056,-124.03418322263302
2019-02-05,197.0,46250.0,43606.413824435534,35414.22643733543,58616.526892019036,-124.64113565949029
2019-02-06,198.0,46225.0,43622.94716985081,35461.840545673935,58560.95084588831,-125.24856665326152
2019-02-07,199.0,46200.0,43639.85295665077,35509.454654012436,58505.49035424186,-125.85647620394671
2019-02-08,200.0,44800.0,43657.12889268197,35557.068762350944,58450.14541707971,-126.49118494181388
2019-02-11,201.0,45000.0,43674.773869176715,35604.682870689445,58394.916034401846,-127.12206522436934
2019-02-12,202.0,46050.0,43692.78886405309,35652.29697902795,58339.80220620826,-127.73284611653831
2019-02-13,203.0,46200.0,43711.17648687807,35699.91108736646,58284.803932498966,-128.3407556672235
2019-02-14,204.0,47500.0,43729.94014417346,35747.52519570496,58229.92121327396,-128.92378025838258
2019-02-15,205.0,46050.0,43749.08333955146,35795.13930404347,58175.15404853325,-129.53456115055155
2019-02-18,206.0,46200.0,43768.60989732767,35842.75341238197,58120.502438276824,-130.14247070123676
2019-02-19,207.0,45950.0,43788.52324660285,35890.36752072048,58065.96638250469,-130.7551658210616
2019-02-20,208.0,46900.0,43808.82537956025,35937.98162905898,58011.545881216836,-131.3496757781558
2019-02-21,209.0,46950.0,43829.51697300598,35985.59573739749,57957.240934413276,-131.9432286214221
2019-02-22,210.0,47150.0,43850.597434499294,36033.209845736,57903.051542094,-132.53295300937666
2019-02-25,211.0,47350.0,43872.06501155448,36080.8239540745,57848.977704259014,-133.11884894201953
2019-02-26,212.0,46750.0,43893.91695636699,36128.438062413006,57795.01942090831,-133.71623024059753
2019-02-27,213.0,46750.0,43916.15008472275,36176.05217075151,57741.1766920419,-134.31361153917553
2019-02-28,214.0,45100.0,43938.761417460126,36223.666279090015,57687.44951765978,-134.94257759407512
2019-03-01,215.0,45037.5,43961.747436364065,36271.28038742852,57633.83789776194,-135.57274004125964
2019-03-04,216.0,44850.0,43985.10243226964,36318.894495767025,57580.3418323484,-136.20649166529887
2019-03-05,217.0,44250.0,44008.81964090149,36366.50860410553,57526.96132141914,-136.85172865527323
2019-03-06,218.0,44000.0,44032.89175314329,36414.122712444034,57473.69636497417,-137.50175121438724
2019-03-07,219.0,44450.0,44057.31082104135,36461.736820782535,57420.54696301349,-138.14315974904991
2019-03-08,220.0,43800.0,44082.06827201475,36509.35092912104,57367.51311553709,-138.79701076347564
2019-03-11,221.0,43650.0,44107.15546757171,36556.96503745955,57314.59482254499,-139.45373311938513
2019-03-12,222.0,44650.0,44132.5635229752,36604.57914579805,57261.792084037166,-140.0913131987361
2019-03-13,223.0,43850.0,44158.28204978081,36652.19325413656,57209.10490001364,-140.7442070993339
2019-03-14,224.0,43850.0,44184.29823335036,36699.80736247507,57156.53327047439,-141.3971009999317
2019-03-15,225.0,44200.0,44210.59496983538,36747.42147081357,57104.07719541944,-142.04329510373398
2019-03-18,226.0,43700.0,44237.14874616444,36795.03557915207,57051.73667484878,-142.69906034581555
2019-03-19,227.0,43900.0,44263.92882495464,36842.64968749058,56999.5117087624,-143.3509971325854
2019-03-20,228.0,44050.0,44290.89711206591,36890.26379582909,56947.40229716031,-144.0000625778715
2019-03-21,229.0,45850.0,44318.00891047108,36937.87790416759,56895.408440042505,-144.61467192535218
2019-03-22,230.0,46550.0,44345.213007015955,36985.492012506096,56843.53013740899,-145.21588167924187
2019-03-25,231.0,45500.0,44372.45160697033,37033.106120844604,56791.76738925977,-145.83719082351806
2019-03-26,232.0,45250.0,44399.662931898296,37080.720229183105,56740.120195594835,-146.46328553693388
2019-03-27,233.0,45350.0,44426.782461967014,37128.334337521606,56688.58855641418,-147.08746602269386
2019-03-28,234.0,44850.0,44453.743287416386,37175.948445860115,56637.17247171782,-147.7212176467331
2019-03-29,235.0,44650.0,44480.47732420419,37223.56255419862,56585.87194150575,-148.35879772608405
2019-04-01,236.0,45050.0,44506.916393554435,37271.176662537124,56534.68696577796,-148.9887208948116
2019-04-02,237.0,45750.0,44532.9934161098,37318.79077087563,56483.61754453446,-149.60524446994813
2019-04-03,238.0,46600.0,44558.64376282713,37366.40487921413,56432.66367777526,-150.2054971100099
2019-04-04,239.0,46950.0,44583.80576159557,37414.01898755264,56381.825365500335,-150.79904995327618
2019-04-05,240.0,46850.0,44608.420635390314,37461.63309589114,56331.102607709705,-151.3945170241983
2019-04-08,241.0,46650.0,44632.4326255174,37509.24720422965,56280.49540440336,-151.99381255043215
2019-04-09,242.0,46650.0,44655.78907395126,37556.86131256816,56230.0037555813,-152.593108076666
2019-04-10,243.0,46700.0,44678.44019714599,37604.47542090666,56179.62766124353,-153.19144648907192
2019-04-11,244.0,46250.0,44700.33866609685,37652.08952924517,56129.36712139005,-153.7983989259292
2019-04-12,245.0,46850.0,44721.43912386911,37699.70363758367,56079.22213602086,-154.39386599685133
2019-04-15,246.0,47050.0,44741.69830555018,37747.31774592218,56029.19270513595,-154.98550461246177
2019-04-16,247.0,47250.0,44761.075568447384,37794.93185426068,55979.27882873533,-155.57331477276048
2019-04-17,248.0,47050.0,44779.53329313454,37842.545962599186,55929.480506819,-156.16495338837092
2019-04-18,249.0,45600.0,44797.037494729506,37890.160070937694,55879.797739386966,-156.78434830499125
2019-04-19,250.0,45300.0,44813.55931267272,37937.774179276195,55830.23052643922,-157.40948590457916
2019-04-22,251.0,45350.0,44829.07689074558,37985.3882876147,55780.77886797575,-158.03366639033914
2019-04-23,252.0,45200.0,44843.5756695377,38033.002395953205,55731.44276399657,-158.66071821758288
2019-04-24,253.0,44750.0,44857.04987659147,38080.61650429171,55682.222214501686,-159.296384069278
2019-04-25,254.0,44650.0,44869.501906853766,38128.230612630214,55633.11721949108,-159.93396414862895
2019-04-26,255.0,44850.0,44880.94136216537,38175.84472096872,55584.12777896477,-160.56771577266818
2019-04-29,256.0,46150.0,44891.38406780912,38223.45882930723,55535.253892922745,-161.1765824371813
2019-04-30,257.0,45850.0,44900.851681028435,38271.07293764573,55486.495561365016,-161.791191784662
2019-05-01,258.0,45875.0,44909.37065329168,38318.68704598424,55437.852784291565,-162.40532257522872
2019-05-02,259.0,45900.0,44916.971866291395,38366.30115432274,55389.32556170241,-163.0189748088815
2019-05-03,260.0,45300.0,44923.69145135363,38413.91526266125,55340.913893597535,-163.6441124084694
2019-05-06,261.0,44962.5,44929.57156763527,38461.52937099975,55292.61777997695,-164.2757105263958
2019-05-07,262.0,44850.0,44934.65991642148,38509.14347933826,55244.43722084066,-164.90946215043505
2019-05-08,263.0,44250.0,44939.00933653547,38556.757587676766,55196.37221618865,-165.5546991404094
2019-05-09,264.0,42450.0,44942.67730922385,38604.37169601527,55148.42276602093,-166.23439222818917
2019-05-10,265.0,42900.0,44945.72522419965,38651.98580435377,55100.588870337495,-166.90547129151759
2019-05-13,266.0,42650.0,44948.21809457206,38699.599912692276,55052.87052913835,-167.58133592398565
2019-05-14,267.0,42650.0,44950.22355414842,38747.214021030784,55005.2677424235,-168.2572005564537
2019-05-15,268.0,42550.0,44951.81182928468,38794.828129369285,54957.780510192926,-168.93497941657762
2019-05-16,269.0,41550.0,44953.05490359363,38842.44223770779,54910.40883244665,-169.63190055326007
2019-05-17,270.0,41200.0,44954.02492093211,38890.0563460463,54863.15270918466,-170.33552148673803
2019-05-20,271.0,42000.0,44954.79399775699,38937.6704543848,54816.01214040695,-171.02382859896915
2019-05-21,272.0,43150.0,44955.43418406293,38985.284562723304,54768.98712611354,-171.69012209315792
2019-05-22,273.0,43500.0,44956.01708063783,39032.89867106181,54722.07766630441,-172.34971579055122
2019-05-23,274.0,43850.0,44956.61425421515,39080.51277940032,54675.283760979575,-173.00260969114902
2019-05-24,275.0,42700.0,44957.296668304974,39128.12688773882,54628.60541013902,-173.67751720978913
2019-05-27,276.0,42650.0,44958.13405721015,39175.74099607733,54582.04261378276,-174.3533818422572
2019-05-28,277.0,42550.0,44959.19533880869,39223.35510441583,54535.595371910786,-175.0311607023811
2019-05-29,278.0,41800.0,44960.54895081712,39270.96921275434,54489.2636845231,-175.7232962699239
2019-05-30,279.0,42550.0,44962.26253352042,39318.58332109284,54443.047551619704,-176.40107513004781
2019-05-31,280.0,42500.0,44964.40297941085,39366.19742943135,54396.94697320059,-177.07981110399965
2019-06-03,281.0,43800.0,44967.035551847985,39413.811537769856,54350.961949265766,-177.73366211842537
2019-06-04,282.0,43450.0,44970.222823049335,39461.42564610836,54305.09247981523,-178.39421292964659
2019-06-05,283.0,43900.0,44974.02412444374,39509.039754446865,54259.338564848986,-179.04614971641644
2019-06-06,284.0,44050.0,44978.49624971906,39556.653862785366,54213.70020436702,-179.69521516170252
2019-06-07,285.0,44200.0,44983.6931656548,39604.267971123874,54168.17739836936,-180.3414092655048
2019-06-10,286.0,44800.0,44989.66535421318,39651.882079462375,54122.770146855975,-180.97611800337197
2019-06-11,287.0,44850.0,44996.459751934846,39699.49618780088,54077.478449826885,-181.6098696274112
2019-06-12,288.0,44600.0,45004.11968739447,39747.11029613939,54032.30230728207,-182.24840682059008
2019-06-13,289.0,43750.0,45012.68346641718,39794.72440447789,53987.24171922155,-182.90321494884373
2019-06-14,290.0,44000.0,45022.18305438023,39842.3385128164,53942.29668564533,-183.55323750795773
2019-06-17,291.0,43900.0,45032.645051891384,39889.9526211549,53897.46720655338,-184.20517429472758
2019-06-18,292.0,44350.0,45044.09324865594,39937.56672949341,53852.75328194573,-184.8484970570461
2019-06-19,293.0,45350.0,45056.55027856136,39985.18083783191,53808.15491182236,-185.47267754280608
2019-06-20,294.0,45500.0,45070.0384136109,40032.79494617042,53763.67209618329,-186.09398668708226
2019-06-21,295.0,45700.0,45084.58020221485,40080.40905450893,53719.304835028495,-186.71146737604673
2019-06-24,296.0,45500.0,45100.19783611335,40128.02316284743,53675.05312835799,-187.3327765203229
2019-06-25,297.0,45600.0,45116.91220432347,40175.63727118594,53630.91697617178,-187.95217143694325
2019-06-26,298.0,45700.0,45134.742444593285,40223.25137952444,53586.89637846986,-188.5696521259077
2019-06-27,299.0,46500.0,45153.70662635367,40270.865487862946,53542.99133525222,-189.17181899362535
2019-06-28,300.0,47000.0,45173.821777702724,40318.47959620145,53499.20184651887,-189.7644147230637
2019-07-01,301.0,46600.0,45195.10370056922,40366.093704539955,53455.527912269805,-190.36466736312548
2019-07-02,302.0,46250.0,45217.56625411316,40413.70781287846,53411.96953250503,-190.97161979998276
2019-07-03,303.0,45400.0,45241.2212823137,40461.321921216964,53368.52670722455,-191.5948431719148
2019-07-04,304.0,46000.0,45266.07913339899,40508.936029555465,53325.199436428346,-192.2065811779117
2019-07-05,305.0,45650.0,45292.1477420766,40556.55013789397,53281.98772011644,-192.8250189807041
2019-07-08,306.0,44400.0,45319.4321940973,40604.16424623248,53238.89155828882,-193.4673846291947
2019-07-09,307.0,45100.0,45347.93491306728,40651.77835457098,53195.91095094549,-194.0963506840943
2019-07-10,308.0,45550.0,45377.6563414377,40699.39246290949,53153.04589808644,-194.71670271454255
2019-07-11,309.0,46200.0,45408.595195036476,40747.006571248,53110.29639971169,-195.32461226522776
2019-07-12,310.0,46300.0,45440.7492865208,40794.6206795865,53067.66245582122,-195.9306075882571
2019-07-15,311.0,46450.0,45474.11478938486,40842.234787925,53025.144066415036,-196.53373156980265
2019-07-16,312.0,46850.0,45508.6855818927,40889.84889626351,52982.74123149314,-197.12919864072478
2019-07-17,313.0,46050.0,45544.45358132145,40937.46300460202,52940.45395105553,-197.73997953289376
2019-07-18,314.0,46100.0,45581.408485704895,40985.07711294052,52898.28222510222,-198.3498033112348
2019-07-19,315.0,46800.0,45619.5377232489,41032.69122127903,52856.22605363319,-198.94622749598489
2019-07-22,316.0,47200.0,45658.825987901044,41080.30532961753,52814.28543664845,-199.53499477011152
2019-07-23,317.0,47300.0,45699.25611228893,41127.919437956036,52772.460374147995,-200.12184781658232
2019-07-24,318.0,46400.0,45740.80986730762,41175.53354629454,52730.750866131835,-200.7259289119558
2019-07-25,319.0,47200.0,45783.46787842261,41223.147654633045,52689.15691259996,-201.31469618608244
2019-07-26,320.0,47150.0,45827.21013425999,41270.76176297155,52647.67851355237,-201.904420574037
2019-07-29,321.0,46100.0,45872.01755243226,41318.375871310054,52606.315668989075,-202.51424435237806
2019-07-30,322.0,46550.0,45917.872482826155,41365.98997964856,52565.06837891006,-203.11545410626775
2019-07-31,323.0,45350.0,45964.75875444818,41413.60408798706,52523.936643315334,-203.73963459202773
2019-08-01,324.0,45200.0,46012.66297486201,41461.21819632557,52482.9204622049,-204.36668641927147
2019-08-02,325.0,44950.0,46061.57359518442,41508.83230466407,52442.01983557875,-204.99852381565486
2019-08-05,326.0,43950.0,46111.47993070081,41556.44641300258,52401.23476343689,-205.6495034885968
2019-08-06,327.0,43500.0,46162.37165581542,41604.06052134109,52360.56524577932,-206.30909718599008
2019-08-07,328.0,43200.0,46214.23755430357,41651.67462967959,52320.011282606036,-206.97443356635094
2019-08-08,329.0,42650.0,46267.064698888935,41699.2887380181,52279.57287391704,-207.650298198819
2019-08-09,330.0,43150.0,46320.83869355529,41746.9028463566,52239.25001971233,-208.31659169300778
2019-08-12,331.0,43700.0,46375.5455195136,41794.51695469511,52199.042719991914,-208.97235693508935
2019-08-13,332.0,43000.0,46431.17260827849,41842.13106303361,52158.950974755775,-209.6415217707619
2019-08-14,333.0,43700.0,46487.70747397178,41889.74517137212,52118.974784003934,-210.29728701284347
2019-08-15,334.0,43800.0,46545.13680620525,41937.359279710625,52079.11414773638,-210.9511380272692
2019-08-16,335.0,43900.0,46603.44584151716,41984.973388049126,52039.36906595311,-211.60307481403905
2019-08-19,336.0,43600.0,46662.61748241057,42032.587496387634,51999.73953865413,-212.26075428377646
2019-08-20,337.0,44450.0,46722.63204331295,42080.201604726135,51960.22556583944,-212.90216281843914
2019-08-21,338.0,44500.0,46783.467631176405,42127.81571306464,51920.827147509044,-213.54261423927386
2019-08-22,339.0,44050.0,46845.10114847116,42175.429821403144,51881.54428366292,-214.19167968455994
2019-08-23,340.0,43950.0,46907.50999016872,42223.04392974165,51842.37697430109,-214.84265935750187
2019-08-26,341.0,43600.0,46970.67341193642,42270.65803808016,51803.325219423554,-215.5003388272393
2019-08-27,342.0,44050.0,47034.572814844905,42318.27214641866,51764.38901903031,-216.14940427252537
2019-08-28,343.0,44150.0,47099.19167084261,42365.88625475716,51725.56837312134,-216.7965554901556
2019-08-29,344.0,43400.0,47164.51549067841,42413.50036309567,51686.86328169667,-217.45806341520475
2019-08-30,345.0,44000.0,47230.5317848866,42461.11447143418,51648.27374475628,-218.10808597431875
2019-09-02,346.0,43800.0,47297.22990610678,42508.72857977268,51609.79976230019,-218.76193698874448
2019-09-03,347.0,43250.0,47364.60124934672,42556.34268811119,51571.44133432837,-219.4263162552774
2019-09-04,348.0,44100.0,47432.63945089372,42603.9567964497,51533.19846084085,-220.07442458673557
2019-09-05,349.0,45700.0,47501.34123662352,42651.5709047882,51495.071141837616,-220.69190527570004
2019-09-06,350.0,46300.0,47570.70620153491,42699.1850131267,51457.05937731867,-221.29790059872937
2019-09-09,351.0,46900.0,47640.73614043011,42746.79912146521,51419.163167284016,-221.89241055582357
2019-09-10,352.0,47000.0,47711.43463450888,42794.413229803715,51381.38251173364,-222.48500628526193
2019-09-11,353.0,47150.0,47782.806833674884,42842.027338142216,51343.71741066755,-223.0747306732165
2019-09-12,354.0,47140.0,47854.859125838106,42889.641446480724,51306.16786408576,-223.66464648393665
2019-09-13,355.0,47130.0,47927.59849338579,42937.25555481923,51268.733871988254,-224.2547537174224
2019-09-16,356.0,47100.0,48001.03134946229,42984.86966315773,51231.41543437504,-224.84543521920492
2019-09-17,357.0,46900.0,48075.16346349644,43032.483771496234,51194.212551246106,-225.43994517629912
2019-09-18,358.0,47700.0,48150.00209906662,43080.09787983474,51157.12522260146,-226.0191413121465
2019-09-19,359.0,49150.0,48225.55753068414,43127.71198817325,51120.15344844111,-226.57058114698398
2019-09-20,360.0,49200.0,48301.843547551216,43175.32609651175,51083.29722876505,-227.12106386799354
2019-09-23,361.0,49300.0,48378.87754254326,43222.94020485026,51046.556563573264,-227.66963236134723
2019-09-24,362.0,49500.0,48456.680241417416,43270.55431318877,51009.93145286578,-228.21437239938922
2019-09-25,363.0,48900.0,48535.275412835756,43318.16842152727,50973.42189664258,-228.77059780336634
2019-09-26,364.0,49200.0,48614.68982332083,43365.78252986577,50937.027894903666,-229.3210805243759
2019-09-27,365.0,48400.0,48694.952583796265,43413.39663820428,50900.74944764904,-229.88687706663228
2019-09-30,366.0,49050.0,48776.09335477872,43461.01074654279,50864.5865548787,-230.4402311291256
2019-10-01,367.0,48850.0,48858.142321519896,43508.62485488129,50828.539216592646,-230.99741364693065
2019-10-02,368.0,47600.0,48941.12991870597,43556.23896321979,50792.60743279089,-231.57852401043388
2019-10-03,369.0,47800.0,49025.086510959154,43603.853071558304,50756.79120347342,-232.1558059186254
2019-10-04,370.0,48000.0,49110.04213703383,43651.467179896805,50721.09052864023,-232.7292593715052
2019-10-07,371.0,47750.0,49196.024980366434,43699.081288235306,50685.505408291334,-233.30749839352464
2019-10-08,372.0,48900.0,49283.05959546735,43746.695396573814,50650.035842426725,-233.86372379750176
2019-10-09,373.0,48725.0,49371.16558721454,43794.30950491232,50614.6818310464,-234.42329909987663
2019-10-10,374.0,48550.0,49460.358674700765,43841.92361325082,50579.44337415037,-234.98622430064924
2019-10-11,375.0,49150.0,49550.6499049018,43889.537721589324,50544.320471738625,-235.53766413548672
2019-10-14,376.0,50000.0,49642.044206359205,43937.15182992783,50509.31312381117,-236.07283303524943
2019-10-15,377.0,50100.0,49734.53717724594,43984.76593826634,50474.421330368,-236.6060877073563
2019-10-16,378.0,50700.0,49828.11497876611,44032.38004660484,50439.64509140912,-237.12785701352803
2019-10-17,379.0,50500.0,49922.75509657029,44079.99415494335,50404.98440693453,-237.65345477501145
2019-10-18,380.0,49900.0,50018.42796251548,44127.60826328186,50370.43927694422,-238.19053790243
2019-10-21,381.0,50300.0,50115.09779872379,44175.22237162036,50336.009701438205,-238.71996411922515
2019-10-22,382.0,51200.0,50212.72078327169,44222.83647995886,50301.69568041647,-239.2321622871176
2019-10-23,383.0,51200.0,50311.24291621114,44270.45058829737,50267.49721387903,-239.74436045501005
2019-10-24,384.0,50700.0,50410.599207876105,44318.064696635876,50233.414301825884,-240.2661297611818
2019-10-25,385.0,50900.0,50510.711571386324,44365.67880497438,50199.44694425701,-240.7840706120418
2019-10-28,386.0,51300.0,50611.488322824895,44413.292913312886,50165.59514117244,-241.29435455227838
2019-10-29,387.0,51100.0,50712.824955516284,44460.907021651394,50131.85889257215,-241.80846694782667
2019-10-30,388.0,50400.0,50814.60603717882,44508.521129989895,50098.23819845615,-242.33597893696597
2019-10-31,389.0,50400.0,50916.7082638407,44556.135238328396,50064.73305882444,-242.86349092610527
2019-11-01,390.0,51200.0,51019.005171884906,44603.749346666904,50031.343473677014,-243.37568909399772
2019-11-04,391.0,52300.0,51121.37149863002,44651.36345500541,49998.06944301388,-243.86683075767576
2019-11-05,392.0,52700.0,51223.68128319398,44698.97756334391,49964.91096683503,-244.35031551073038
2019-11-06,393.0,53300.0,51325.81043128334,44746.59167168242,49931.868045140465,-244.82231489784988
2019-11-07,394.0,52900.0,51427.6300372331,44794.20578002093,49898.9406779302,-245.30197119559278
2019-11-08,395.0,52100.0,51529.00442527168,44841.81988835943,49866.12886520421,-245.79694131458254
2019-11-11,396.0,51600.0,51629.79263506883,44889.43399669793,49833.432606962524,-246.30148257185155
2019-11-12,397.0,52600.0,51729.84952816122,44937.04810503644,49800.85190320511,-246.78688155256202
2019-11-13,398.0,52500.0,51829.027008852674,44984.66221337495,49768.38675393199,-247.27419476092834
2019-11-14,399.0,52800.0,51927.17566259486,45032.27632171345,49736.03715914316,-247.7557652863271
2019-11-15,400.0,53700.0,52024.14807222005,45079.89043005196,49703.803118838616,-248.22010776282315
2019-11-18,401.0,53500.0,52119.7987945126,45127.504538390465,49671.68463301836,-248.68827869463092
2019-11-19,402.0,53500.0,52213.98405814051,45175.118646728966,49639.68170168239,-249.1564496264387
2019-11-20,403.0,52000.0,52306.560578204495,45222.73275506747,49607.79432483071,-249.6533339730843
2019-11-21,404.0,51000.0,52397.38565332964,45270.346863405975,49576.022502463326,-250.16936059628847
2019-11-22,405.0,51600.0,52486.31821625393,45317.960971744484,49544.366234580215,-250.67390185355748
2019-11-25,406.0,51800.0,52573.22015309456,45365.575080082985,49512.8255211814,-251.1746146555148
2019-11-26,407.0,51800.0,52657.956851565665,45413.189188421486,49481.40036226688,-251.67532745747212
2019-11-27,408.0,52200.0,52740.39744363188,45460.80329676,49450.09075783664,-252.168383348806
2019-11-28,409.0,51300.0,52820.41567260873,45508.4174050985,49418.896707890686,-252.6786672890426
2019-11-29,410.0,50300.0,52897.89115800354,45556.031513437,49387.818212429025,-253.20809350583775
2019-12-02,411.0,50400.0,52972.711243808335,45603.64562177551,49356.85527145165,-253.73560549497705
2019-12-03,412.0,49900.0,53044.77302194923,45651.25973011402,49326.00788495856,-254.2726886223956
2019-12-04,413.0,49450.0,53113.98371029466,45698.87383845252,49295.27605294976,-254.81838577426552
2019-12-05,414.0,49500.0,53180.26132415033,45746.48794679102,49264.65977542525,-255.36312581230752
2019-12-06,415.0,50400.0,53243.53500392812,45794.10205512953,49234.15905238503,-255.89063780144681
2019-12-09,416.0,51200.0,53303.74555782059,45841.71616346804,49203.7738838291,-256.40283596933926
2019-12-10,417.0,51500.0,53360.8462142995,45889.33027180654,49173.50426975745,-256.9092914542641
2019-12-11,418.0,51900.0,53414.80334628346,45936.94438014505,49143.35021017009,-257.4080900285656
2019-12-12,419.0,53300.0,53465.59684205797,45984.558488483555,49113.31170506702,-257.88008941568506
2019-12-13,420.0,54700.0,53513.21967442209,46032.172596822056,49083.38875444824,-258.3252896156226
2019-12-16,421.0,54700.0,53557.677810213856,46079.78670516056,49053.58135831374,-258.7704898155601
2019-12-17,422.0,56700.0,53598.98962442417,46127.400813499065,49023.889516663534,-259.17740546238053
2019-12-18,423.0,56300.0,53637.18482603071,46175.014921837574,48994.313229497624,-259.59197801982435
2019-12-19,424.0,56000.0,53672.30361976037,46222.629030176075,48964.85249681599,-260.01229326023577
2019-12-20,425.0,56000.0,53704.39555066973,46270.24313851458,48935.50731861865,-260.4326085006472
2019-12-23,426.0,55500.0,53733.518704382506,46317.85724685309,48906.277694905584,-260.8624948793379
2019-12-24,427.0,55000.0,53759.73881452581,46365.47135519159,48877.163625676825,-261.30195239630785
2019-12-25,428.0,55200.0,53783.12803684178,46413.08546353009,48848.16511093234,-261.7375814579661
2019-12-26,429.0,55400.0,53803.763919805024,46460.6995718686,48819.28215067216,-262.16938206431263
2019-12-27,430.0,56500.0,53821.728256067894,46508.31368020711,48790.51474489625,-262.58012616644476
2019-12-30,431.0,55800.0,53837.10604956808,46555.92778854561,48761.862893604644,-263.00426986216786
2019-12-31,432.0,55600.0,53849.98471060748,46603.54189688412,48733.32659679731,-263.4322420132027
2020-01-01,433.0,55400.0,53860.45389224176,46651.15600522263,48704.90585447428,-263.86404261954925
2020-01-02,434.0,55200.0,53868.60581098531,46698.77011356113,48676.600666635524,-264.2996716812075
2020-01-03,435.0,55500.0,53874.5350257171,46746.38422189963,48648.41103328107,-264.7295580598982
2020-01-06,436.0,55500.0,53878.33784802105,46793.99833023814,48620.336954410894,-265.1594444385889
2020-01-07,437.0,55800.0,53880.11108122249,46841.612438576645,48592.37843002501,-265.583588134312
2020-01-08,438.0,56800.0,53879.951346005306,46889.226546915146,48564.535460123414,-265.9885895534765
2020-01-09,439.0,58600.0,53877.955119247854,46936.840655253654,48536.8080447061,-266.35913487483566
2020-01-10,440.0,59500.0,53874.21872969712,46984.45476359216,48509.19618377308,-266.71245214729214
2020-01-13,441.0,60000.0,53868.83812410091,47032.06887193066,48481.69987732435,-267.05619828146934
2020-01-14,442.0,60000.0,53861.90879998639,47079.682980269165,48454.31912535991,-267.39994441564653
2020-01-15,443.0,59000.0,53853.525959482526,47127.29708860767,48427.053927879744,-267.7628328263823
2020-01-16,444.0,60700.0,53843.785510647576,47174.91119694618,48399.90428488387,-268.0931793669685
2020-01-17,445.0,61300.0,53832.78759177341,47222.52530528468,48372.87019637229,-268.4120405416196
2020-01-20,446.0,62400.0,53820.636414186345,47270.13941362318,48345.951662345,-268.7098452120563
2020-01-21,447.0,61400.0,53807.43962092076,47317.7535219617,48319.148682802,-269.0267921590515
2020-01-22,448.0,62300.0,53793.30638797132,47365.3676303002,48292.461257743285,-269.32651105714405
2020-01-23,449.0,60800.0,53778.34629878372,47412.9817386387,48265.88938716885,-269.6549433700744
2020-01-24,450.0,60400.0,53762.66775961164,47460.59584697721,48239.43307107871,-269.9910325936282
2020-01-27,451.0,59200.0,53746.375159160976,47508.20995531572,48213.09230947286,-270.3500925490522
2020-01-28,452.0,58800.0,53729.564886708315,47555.82406365422,48186.86710235129,-270.71680941509965
2020-01-29,453.0,59100.0,53712.32281989146,47603.43817199272,48160.757449714016,-271.07778359817956
2020-01-30,454.0,57200.0,53694.72669957987,47651.052280331234,48134.76335156103,-271.4751281067207
2020-01-31,455.0,56400.0,53676.847083091314,47698.666388669735,48108.88480789233,-271.8877864365087
2020-02-03,456.0,57200.0,53658.74780729951,47746.280497008236,48083.12181870792,-272.28513094504984
2020-02-04,457.0,58900.0,53640.486416556654,47793.894605346744,48057.47438400779,-272.64993358344145
2020-02-05,458.0,59500.0,53622.112452414185,47841.50871368525,48031.94250379196,-273.00325085589793
2020-02-06,459.0,61100.0,53603.66652083402,47889.12282202375,48006.526178060405,-273.3259404858607
2020-02-07,460.0,60400.0,53585.1825782306,47936.736930362254,47981.225406813144,-273.66202970941447
2020-02-10,461.0,59700.0,53566.68925579246,47984.35103870076,47956.040190050175,-274.01151852655926
2020-02-11,462.0,59900.0,53548.2116322381,48031.96514703927,47930.9705277715,-274.3571788883923
2020-02-12,463.0,60500.0,53529.77085295678,48079.57925537777,47906.016419977095,-274.6913538842902
2020-02-13,464.0,60700.0,53511.384604707964,48127.19336371628,47881.177866666985,-275.0217004248764
2020-02-14,465.0,61800.0,53493.06670590417,48174.80747205479,47856.45486784117,-275.33099046124823
2020-02-17,466.0,61500.0,53474.827768010626,48222.42158039329,47831.84742349964,-275.64602318058763
2020-02-18,467.0,59800.0,53456.67602885391,48270.03568873179,47807.35553364239,-275.9935977700765
2020-02-19,468.0,60200.0,53438.61874006975,48317.6497970703,47782.979198269444,-276.333515448942
2020-02-20,469.0,60000.0,53420.659701488636,48365.26390540881,47758.71841738077,-276.6772615831192
2020-02-21,470.0,59200.0,53402.796794149406,48412.87801374731,47734.573190976385,-277.03632153854323
2020-02-24,471.0,56800.0,53385.02123939147,48460.492122085816,47710.5435190563,-277.44132295770777
2020-02-25,472.0,57900.0,53367.317640597415,48508.106230424324,47686.62940162049,-277.82526787265795
2020-02-26,473.0,56500.0,53349.665008057025,48555.720338762825,47662.830838668975,-278.2360119747901
2020-02-27,474.0,55900.0,53332.03828976031,48603.334447101326,47639.14783020176,-278.65824144285733
2020-02-28,475.0,54200.0,53314.40902503521,48650.948555439834,47615.580376218815,-279.11301278107413
2020-03-02,476.0,55000.0,53296.7443656459,48698.56266377834,47592.12847672016,-279.5524702980441
2020-03-03,477.0,55400.0,53279.0082152821,48746.17677211684,47568.7921317058,-279.98427090439066
2020-03-04,478.0,57400.0,53261.16221682338,48793.79088045535,47545.571341175724,-280.37778695762006
2020-03-05,479.0,57800.0,53243.166809953815,48841.40498879386,47522.46610512993,-280.7636461002261
2020-03-06,480.0,56500.0,53224.98087446916,48889.01909713236,47499.47642356844,-281.1743902023582
2020-03-09,481.0,54200.0,53206.56047588528,48936.63320547086,47476.602296491226,-281.629161540575
2020-03-10,482.0,54600.0,53187.85865273146,48984.24731380937,47453.8437238983,-282.0762759681684
2020-03-11,483.0,52100.0,53168.82828204272,49031.86142214788,47431.20070578967,-282.5712460871581
2020-03-12,484.0,50800.0,53149.42532821813,49079.47553048638,47408.67324216532,-283.091101165674
2020-03-13,485.0,49950.0,53129.60973266829,49127.08963882489,47386.261333025264,-283.62722717926465
2020-03-16,486.0,48900.0,53109.34486349499,49174.703747163396,47363.96497836949,-284.1834525832418
2020-03-17,487.0,47300.0,53088.59738554743,49222.3178555019,47341.78417819801,-284.77030562971254
2020-03-18,488.0,45600.0,53067.33734394612,49269.9319638404,47319.71893251082,-285.38970054633285
2020-03-19,489.0,42950.0,53045.53791346949,49317.546072178906,47297.76924130791,-286.0598224958333
2020-03-20,490.0,45400.0,53023.17394847965,49365.160180517414,47275.93510458929,-286.6830458677654
2020-03-23,491.0,42500.0,53000.22181099605,49412.774288855915,47254.21652235496,-287.36178184171723
2020-03-24,492.0,46950.0,52976.66077794335,49460.388397194416,47232.61349460492,-287.95533468498354
2020-03-25,493.0,48650.0,52952.475155700384,49508.00250553293,47211.126021339165,-288.5163456581003
2020-03-26,494.0,47800.0,52927.65674731627,49555.61661387143,47189.7541025577,-289.09362756629184
2020-03-27,495.0,48300.0,52902.20679210526,49603.23072220993,47168.49773826053,-289.6613383362041
2020-03-30,496.0,47850.0,52876.13574695041,49650.84483054844,47147.35692844763,-290.2376631305677
2020-03-31,497.0,47750.0,52849.46172760824,49698.45893888695,47126.33167311903,-290.8159021525871
2020-04-01,498.0,45800.0,52822.210133445384,49746.07304722545,47105.421972274715,-291.43146861389573
2020-04-02,499.0,46800.0,52794.415214157474,49793.68715556395,47084.62782591469,-292.0278927986458
2020-04-03,500.0,47000.0,52766.11989801174,49841.30126390246,47063.949234038955,-292.62048852808414
2020-04-06,501.0,48700.0,52737.375149011175,49888.91537224097,47043.38619664751,-293.18054238737295
2020-04-07,502.0,49600.0,52708.24238824277,49936.52948057947,47022.93871374034,-293.7233681977591
2020-04-08,503.0,48600.0,52678.794611083926,49984.14358891798,47002.60678531747,-294.28533628470376
2020-04-09,504.0,49100.0,52649.116560349685,50031.757697256486,46982.39041137888,-294.83773323336914
2020-04-10,505.0,49250.0,52619.302278998686,50079.37180559499,46962.289591924586,-295.38725884055077
2020-04-13,506.0,48300.0,52589.45239935737,50126.98591393349,46942.304326954574,-295.954969610463
2020-04-14,507.0,49000.0,52559.67370469801,50174.600022271996,46922.43461646886,-296.5092807867843
2020-04-15,508.0,49000.0,52530.07825457843,50222.214130610504,46902.680460467425,-297.0635919631056
2020-04-16,509.0,49000.0,52500.78345855757,50269.828238949005,46883.04185895028,-297.61790313942686
2020-04-17,510.0,51400.0,52471.91290046462,50317.44234728751,46863.51881191741,-298.1262728520076
2020-04-20,511.0,50100.0,52443.59600786635,50365.05645562602,46844.11131936885,-298.6595275241145
2020-04-21,512.0,49250.0,52415.96489786648,50412.67056396452,46824.819381304565,-299.2090531312961
2020-04-22,513.0,49850.0,52389.15382804497,50460.28467230302,46805.64299772458,-299.7470933725426
2020-04-23,514.0,49850.0,52363.298832839784,50507.89878064153,46786.58216862887,-300.2851336137891
2020-04-24,515.0,49350.0,52338.53502888295,50555.51288898004,46767.63689401746,-300.8327449933149
2020-04-27,516.0,49850.0,52314.994488274446,50603.12699731854,46748.80717389032,-301.3707852345614
2020-04-28,517.0,50100.0,52292.8048514283,50650.74110565705,46730.09300824748,-301.9040399066683
2020-04-29,518.0,50000.0,52272.088914816675,50698.35521399556,46711.49439708893,-302.439208806431
2020-04-30,519.0,49700.0,52252.96351453837,50745.96932233406,46693.01134041467,-302.98012038916124
2020-05-01,520.0,49400.0,52235.538404284256,50793.58343067256,46674.64383822469,-303.5267746548591
2020-05-04,521.0,48500.0,52219.91630318886,50841.19753901107,46656.39189051901,-304.0906569694596
2020-05-05,522.0,48850.0,52206.19385936343,50888.811647349576,46638.25549729761,-304.6478394872646
2020-05-06,523.0,49200.0,52194.46151279841,50936.42575568808,46620.23465856049,-305.19832220827413
2020-05-07,524.0,48800.0,52184.80402616203,50984.039864026585,46602.329374307665,-305.7564618399071
2020-05-08,525.0,48800.0,52177.299899625126,51031.65397236509,46584.53964453913,-306.3146014715401
2020-05-11,526.0,48400.0,52172.01997701223,51079.268080703594,46566.86546925489,-306.8803980137965
2020-05-12,527.0,47900.0,52169.026945433776,51126.882189042095,46549.30684845492,-307.4557656943321
2020-05-13,528.0,48550.0,52168.37480716234,51174.4962973806,46531.86378213925,-308.0186908951047
2020-05-14,529.0,48000.0,52170.108238137385,51222.11040571911,46514.536270307864,-308.5921443479845
2020-05-15,530.0,47850.0,52174.26277974791,51269.72451405761,46497.324312960765,-309.1684691423481
2020-05-18,531.0,48800.0,52180.86566485775,51317.33862239611,46480.227910097965,-309.72660877398107
2020-05-19,532.0,50300.0,52189.93711991067,51364.95273073463,46463.24706171944,-310.2560349907762
2020-05-20,533.0,50000.0,52201.49046864701,51412.56683907313,46446.38176782521,-310.7912038905389
2020-05-21,534.0,49950.0,52215.53240614863,51460.18094741163,46429.63202841527,-311.32732990412956
2020-05-22,535.0,48750.0,52232.0639572826,51507.79505575014,46412.99784348961,-311.8864266495905
2020-05-25,536.0,48850.0,52251.08095343723,51555.40916408865,46396.47921304824,-312.4436091673955
2020-05-26,537.0,49250.0,52272.57534028006,51603.02327242715,46380.076137091164,-312.99313477457713
2020-05-27,538.0,49900.0,52296.536632475196,51650.63738076565,46363.78861561837,-313.5302179019957
2020-05-28,539.0,50400.0,52322.95349535799,51698.25148910416,46347.616648629875,-314.05772989113495
2020-05-29,540.0,50700.0,52351.81490065626,51745.865597442666,46331.56023612565,-314.5794991973067
2020-06-01,541.0,51200.0,52383.109740401655,51793.47970578117,46315.61937810572,-315.09169736519914
2020-06-02,542.0,51400.0,52416.82597447328,51841.093814119675,46299.79407457008,-315.6000670777799
2020-06-03,543.0,54500.0,52452.95058600741,51888.70792245818,46284.084325518736,-316.0490957330291
2020-06-04,544.0,54600.0,52491.47037085217,51936.322030796684,46268.49013095167,-316.49621016062247
2020-06-05,545.0,55500.0,52532.37188203741,51983.936139135185,46253.0114908689,-316.92609653931316
2020-06-08,546.0,54900.0,52575.63873465672,52031.55024747369,46237.64840527041,-317.367468283939
2020-06-09,547.0,55500.0,52621.24915467726,52079.1643558122,46222.400874156214,-317.7973546626297
2020-06-10,548.0,55400.0,52669.17353586294,52126.7784641507,46207.2688975263,-318.2291552689762
2020-06-11,549.0,54300.0,52719.37406325441,52174.39257248921,46192.25247538068,-318.6820123795372
2020-06-12,550.0,52300.0,52771.80295477977,52222.00668082772,46177.351607719334,-319.1731540432152
2020-06-15,551.0,49900.0,52826.404402351945,52269.62078916622,46162.566294542296,-319.7102371706338
2020-06-16,552.0,52100.0,52883.11676417319,52317.23489750472,46147.89653584954,-320.2052072896235
2020-06-17,553.0,52200.0,52941.87516203705,52364.84900584323,46133.34233164106,-320.6982631809574
2020-06-18,554.0,52300.0,53002.6124752142,52412.46311418174,46118.90368191688,-321.1894048446354
2020-06-19,555.0,52900.0,53065.25980735449,52460.07722252024,46104.58058667699,-321.6690611423783
2020-06-22,556.0,52000.0,53129.74826549243,52507.69133085875,46090.373045921384,-322.16594548902395
2020-06-23,557.0,51400.0,53196.009600867794,52555.305439197255,46076.281059650064,-322.6743152016047
2020-06-24,558.0,52900.0,53263.97676650811,52602.919547535756,46062.304627863035,-323.1539714993476
2020-06-25,559.0,51900.0,53333.583537318365,52650.53365587426,46048.44375056029,-323.6527700736491
2020-06-26,560.0,53300.0,53404.76343948863,52698.147764212765,46034.69842774184,-324.12476946076856
2020-06-29,561.0,52400.0,53477.447738426905,52745.76187255127,46021.06865940767,-324.61399689679075
2020-06-30,562.0,52800.0,53551.56763947173,52793.375980889774,46007.55444555779,-325.0955674221895
2020-07-01,563.0,52600.0,53627.058036753784,52840.99008922828,45994.155786192205,-325.5809664029
2020-07-02,564.0,52900.0,53703.85662085042,52888.60419756679,45980.8726813109,-326.0606227006429
2020-07-03,565.0,53600.0,53781.90141244368,52936.21830590529,45967.70513091389,-326.52687940479484
2020-07-06,566.0,55000.0,53861.128958553396,52983.83241424379,45954.653135001165,-326.9663369217648
2020-07-07,567.0,53400.0,53941.47263291008,53031.4465225823,45941.71669357273,-327.43642208122844
2020-07-08,568.0,53000.0,54022.86535847,53079.06063092081,45928.89580662857,-327.9141641513155
2020-07-09,569.0,52800.0,54105.24261556837,53126.67473925931,45916.19047416871,-328.39573467671426
2020-07-10,570.0,52700.0,54188.541969329526,53174.28884759781,45903.60069619314,-328.87921942976885
2020-07-13,571.0,53400.0,54272.70464089878,53221.902955936326,45891.12647270186,-329.3493045892325
2020-07-14,572.0,53800.0,54357.67687320494,53269.51706427483,45878.76780369485,-329.8117328380727
2020-07-15,573.0,54700.0,54443.409991966684,53317.13117261333,45866.52468917215,-330.25693303801023
2020-07-16,574.0,53800.0,54529.86186386555,53364.745280951836,45854.39712913372,-330.71936128685047
2020-07-17,575.0,54400.0,54616.99912749482,53412.359389290345,45842.38512357959,-331.1703041697556
2020-07-20,576.0,54200.0,54704.79806218983,53459.973497628846,45830.488672509746,-331.6250755079724
2020-07-21,577.0,55300.0,54793.24535805272,53507.58760596735,45818.707775924195,-332.05879034197477
2020-07-22,578.0,54700.0,54882.339270782926,53555.20171430586,45807.04243382292,-332.5039905419123
2020-07-23,579.0,54100.0,54972.08946208607,53602.81582264436,45795.49264620594,-332.96067610778493
2020-07-24,580.0,54200.0,55062.5181262446,53650.429930982864,45784.058413073246,-333.41544744600174
2020-07-27,581.0,55600.0,55153.65996179567,53698.04403932137,45772.739734424846,-333.8434195970366
2020-07-28,582.0,58600.0,55245.56198808952,53745.65814765988,45761.53661026072,-334.21396491839573
2020-07-29,583.0,59000.0,55338.282156835056,53793.27225599838,45750.4490405809,-334.5768533291315
2020-07-30,584.0,59000.0,55431.88799043738,53840.88636433688,45739.47702538535,-334.93974173986726
2020-07-31,585.0,57900.0,55526.45347717338,53888.50047267539,45728.6205646741,-335.32368665481744
2020-08-03,586.0,56800.0,55622.05609150607,53936.1145810139,45717.87965844714,-335.72868807398197
2020-08-04,587.0,57300.0,55718.774694304324,53983.7286893524,45707.25430670446,-336.1241183548673
2020-08-05,588.0,56900.0,55816.687412477964,54031.34279769091,45696.74450944607,-336.52720554637597
2020-08-06,589.0,58000.0,55915.86895037358,54078.956906029416,45686.35026667197,-336.90923623367024
2020-08-07,590.0,57500.0,56016.390251218814,54126.57101436792,45676.07157838216,-337.3008380592438
2020-08-10,591.0,57800.0,56118.318324823915,54174.18512270642,45665.908444576635,-337.6866972018498
2020-08-11,592.0,58200.0,56221.71578800525,54221.799231044926,45655.860865255396,-338.0648994338324
2020-08-12,593.0,59000.0,56326.64027388315,54269.413339383435,45645.92884041845,-338.4277878445682
2020-08-13,594.0,58700.0,56433.14445627737,54317.027447721935,45636.11237006579,-338.7964189382715
2020-08-14,595.0,58000.0,56541.27450827616,54364.641556060444,45626.41145419741,-339.17844962556575
2020-08-17,596.0,58300.0,56651.06922272328,54412.25566439895,45616.82609281334,-339.5547376298925
2020-08-18,597.0,58400.0,56762.55997509253,54459.86977273745,45607.35628591354,-339.9291114065634
2020-08-19,598.0,57800.0,56875.76909050829,54507.483881075954,45598.00203349803,-340.3149705491694
2020-08-20,599.0,55400.0,56990.70955285014,54555.09798941446,45588.76333556681,-340.74677115551594
2020-08-21,600.0,55900.0,57107.38777744067,54602.71209775297,45579.64019211988,-341.1690006235832
2020-08-24,601.0,56100.0,57225.80309587053,54650.32620609147,45570.63260315723,-341.58740163633877
2020-08-25,602.0,56400.0,57345.94257308667,54697.94031442998,45561.740568678884,-342.00005996612674
2020-08-26,603.0,56400.0,57467.78251077165,54745.55442276849,45552.96408868481,-342.4127182959147
2020-08-27,604.0,55600.0,57591.29118799122,54793.16853110699,45544.303163175035,-342.84069044694957
2020-08-28,605.0,55400.0,57716.43011474396,54840.78263944549,45535.75779214954,-343.2724910532961
2020-08-31,606.0,54000.0,57843.1561459396,54888.396747784,45527.327975608336,-343.7310908468246
2020-09-01,607.0,54200.0,57971.424587365575,54936.010856122506,45519.01371355142,-344.1858621850414
2020-09-02,608.0,54400.0,58101.193555357735,54983.62496446101,45510.81500597879,-344.6368050679465
2020-09-03,609.0,56400.0,58232.42281880329,55031.239072799515,45502.73185289046,-345.0494633977345
2020-09-04,610.0,55600.0,58365.07338870886,55078.85318113802,45494.764254286405,-345.47743554876934
2020-09-07,611.0,56500.0,58499.10798725311,55126.467289476524,45486.91221016664,-345.88817965090146
2020-09-08,612.0,58700.0,58634.49485592655,55174.081397815025,45479.175720531166,-346.25681074460476
2020-09-09,613.0,58400.0,58771.2058417634,55221.695506153534,45471.55478537998,-346.63118452127566
2020-09-10,614.0,59200.0,58909.21882773738,55269.30961449204,45464.04940471308,-346.9902444766997
2020-09-11,615.0,59000.0,59048.521517432724,55316.92372283054,45456.65957853047,-347.35313288743544
2020-09-14,616.0,60400.0,59189.11418515004,55364.537831169044,45449.38530683215,-347.6892221109892
2020-09-15,617.0,61000.0,59331.00975570153,55412.15193950756,45442.226589618105,-348.0138259686078
2020-09-16,618.0,61000.0,59474.23207974803,55459.76604784606,45435.18342688837,-348.33842982622645
2020-09-17,619.0,59500.0,59618.81380221414,55507.38015618456,45428.25581864291,-348.6917470986829
2020-09-18,620.0,59300.0,59764.79558073812,55554.99426452307,45421.44376488173,-349.0488928264511
2020-09-21,621.0,59200.0,59912.22650341315,55602.60837286158,45414.74726560485,-349.4079527818751
2020-09-22,622.0,58200.0,60061.162686930315,55650.22248120008,45408.16632081226,-349.7861550138577
2020-09-23,623.0,58600.0,60211.66561415015,55697.83658953858,45401.700930503954,-350.15670033521684
2020-09-24,624.0,57800.0,60363.80127613052,55745.45069787709,45395.35109467993,-350.54255947782286
2020-09-25,625.0,57900.0,60517.63891090654,55793.064806215596,45389.1168133402,-350.92650439277304
2020-09-28,626.0,58200.0,60673.24966213923,55840.6789145541,45382.99808648476,-351.3047066247556
2020-09-29,627.0,58200.0,60830.70527389566,55888.293022892605,45376.9949141136,-351.6829088567382
2020-09-30,628.0,58283.333333333336,60990.076378052305,55935.90713123111,45371.107296226735,-352.0595158990076
2020-10-01,629.0,58366.666666666664,61151.430917388054,55983.521239569614,45365.33523282416,-352.43452775156373
2020-10-02,630.0,58450.0,61314.833293833864,56031.135347908115,45359.67872390587,-352.8079444144067
2020-10-05,631.0,58700.0,61480.34212729689,56078.74945624662,45354.13776947187,-353.17657550811
2020-10-06,632.0,59000.0,61648.00873125859,56126.36356458513,45348.71236952215,-353.53946391884574
2020-10-07,633.0,59900.0,61817.87621635263,56173.97767292363,45343.40252405673,-353.8851242806788
2020-10-08,634.0,59700.0,61989.97902451153,56221.59178126214,45338.20823307559,-354.23461309782357
2020-10-09,635.0,59875.0,62164.34192956087,56269.20588960065,45333.12949657874,-354.5807520165706
2020-10-12,636.0,60400.0,62340.98016763276,56316.81999793915,45328.16631456618,-354.91684124012437
2020-10-13,637.0,60900.0,62519.896743597725,56364.43410627765,45323.3186870379,-355.2433593253989
2020-10-14,638.0,60900.0,62701.08167574729,56412.04821461616,45318.58661399392,-355.5698774106734
2020-10-15,639.0,60000.0,62884.511976106085,56459.66232295467,45313.970095434226,-355.9136235448506
2020-10-16,640.0,59500.0,63070.15165292408,56507.27643129317,45309.46913135881,-356.2669408173071
2020-10-19,641.0,60000.0,63257.95015871363,56554.89053963168,45305.08372176769,-356.6106869514843
2020-10-20,642.0,60900.0,63447.84162013394,56602.504647970185,45300.81386666086,-356.9372050367588
2020-10-21,643.0,60900.0,63639.74455138237,56650.118756308686,45296.65956603832,-357.26372312203335
2020-10-22,644.0,60100.0,63833.561265088625,56697.73286464719,45292.620819900054,-357.6055550285547
2020-10-23,645.0,60200.0,64029.1795265448,56745.346972985695,45288.69762824609,-357.9454727074202
2020-10-26,646.0,60400.0,64226.4759463824,56792.9610813242,45284.8899910764,-358.28156193097396
2020-10-27,647.0,59800.0,64425.31844509815,56840.575189662704,45281.19790839101,-358.62913652046285
2020-10-28,648.0,59000.0,64625.56638593892,56888.18929800121,45277.621380189914,-358.9920249311986
2020-10-29,649.0,58100.0,64827.07320317032,56935.80340633972,45274.16040647309,-359.37214139083704
2020-10-30,650.0,56600.0,65029.68773115925,56983.41751467822,45270.81498724056,-359.7809712653133
2020-11-02,651.0,57400.0,65233.25565582087,57031.03162301672,45267.585122492324,-360.17448731854273
2020-11-03,652.0,58800.0,65437.61806093143,57078.64573135523,45264.47081222836,-360.5412041845902
2020-11-04,653.0,58500.0,65642.61140006798,57126.25983969374,45261.47205644871,-360.91366373360523
2020-11-05,654.0,60300.0,65848.07004463246,57173.87394803224,45258.58885515333,-361.2516671848149
2020-11-06,655.0,60100.0,66053.82752382074,57221.48805637074,45255.82120834224,-361.59349909133624
2020-11-09,656.0,60200.0,66259.71913794297,57269.10216470926,45253.16911601544,-361.93341677020175
2020-11-10,657.0,60200.0,66465.58503018673,57316.71627304776,45250.632578172925,-362.27333444906725
2020-11-11,658.0,61300.0,66671.27205082946,57364.33038138626,45248.2115948147,-362.59219562371834
2020-11-12,659.0,61000.0,66876.63573216509,57411.94448972477,45245.90616594076,-362.91679948133697
2020-11-13,660.0,63200.0,67081.541952428,57459.558598063275,45243.716291551114,-363.1992903305268
2020-11-16,661.0,66300.0,67285.87120622087,57507.172706401776,45241.64197164576,-363.4224401223851
2020-11-17,662.0,65700.0,67489.52429425635,57554.78681474028,45239.68320622468,-363.6570752801786
2020-11-18,663.0,64800.0,67692.42350222796,57602.400923078785,45237.8399952879,-363.9089384868748
2020-11-19,664.0,64600.0,67894.5130887272,57650.01503141729,45236.1123388354,-364.1646301488826
2020-11-20,665.0,64700.0,68095.75707867453,57697.629139755794,45234.5002368672,-364.4184075832346
2020-11-23,666.0,67500.0,68296.1353834422,57745.2432480943,45233.00368938327,-364.61858664322267
2020-11-24,667.0,67700.0,68495.64012176456,57792.85735643281,45231.622696383645,-364.814937247899
2020-11-25,668.0,66600.0,68694.27399077325,57840.47146477131,45230.3572578683,-365.0323443567898
2020-11-26,669.0,68000.0,68892.04995422083,57888.08557310981,45229.20737383724,-365.2229522784986
2020-11-27,670.0,68200.0,69088.9900571826,57935.69968144832,45228.17304429047,-365.4097317448957
2020-11-30,671.0,66700.0,69285.12353911363,57983.31378978683,45227.254269228,-365.6252246261306
2020-12-01,672.0,67800.0,69480.48458777157,58030.92789812533,45226.451048649804,-365.8196610031511
2020-12-02,673.0,69500.0,69675.11095424126,58078.54200646384,45225.7633825559,-365.9815555100221
2020-12-03,674.0,69700.0,69869.04358745637,58126.15611480235,45225.19127094629,-366.13962156158135
2020-12-04,675.0,71500.0,70062.3233984226,58173.77022314085,45224.73471382096,-366.26323151533524
2020-12-07,676.0,72900.0,70254.98917668268,58221.38433147935,45224.39371117992,-366.3600422819071
2020-12-08,677.0,71700.0,70447.07783979537,58268.99843981786,45224.168263023166,-366.47982378034925
2020-12-09,678.0,73900.0,70638.62483007045,58316.612548156365,45224.05836935071,-366.5574922703626
2020-12-10,679.0,72900.0,70829.66298946452,58364.226656494866,45224.064030162524,-366.6543030369345
2020-12-11,680.0,73400.0,71020.2193391013,58411.840764833374,45224.18524545865,-366.74154266522714
2020-12-14,681.0,73800.0,71210.31297488412,58459.45487317188,45224.42201523905,-366.82112538289635
2020-12-15,682.0,73800.0,71399.95451613312,58507.06898151038,45224.77433950373,-366.90070810056557
2020-12-16,683.0,73800.0,71589.14819943524,58554.683089848884,45225.24221825271,-366.9802908182348
2020-12-17,684.0,73300.0,71777.89544564369,58602.29719818739,45225.825651485975,-367.0694446741833
2020-12-18,685.0,73000.0,71966.19554346507,58649.9113065259,45226.524639203526,-367.1643412130993
2020-12-21,686.0,73000.0,72154.04551947901,58697.5254148644,45227.33918140537,-367.25923775201534
2020-12-22,687.0,72300.0,72341.43993604052,58745.13952320291,45228.269278091495,-367.36753388452235
2020-12-23,688.0,73900.0,72528.37160624769,58792.75363154142,45229.31492926192,-367.4452023745357
2020-12-24,689.0,77800.0,72714.82870221073,58840.36773987992,45230.47613491662,-367.4482159859707
2020-12-25,690.0,78025.0,72900.79254156408,58887.98184821842,45231.752895055615,-367.44692258518006
2020-12-28,691.0,78700.0,73086.2376566962,58935.59595655693,45233.1452096789,-367.4327081477124
2020-12-29,692.0,78300.0,73271.1326552458,58983.21006489544,45234.65307878646,-367.4261506208681
2020-12-30,693.0,81000.0,73455.44100652238,59030.82417323394,45236.27650237833,-367.36790894731575
2020-12-31,694.0,81400.0,73639.12237571596,59078.438281572446,45238.01548045447,-367.30201036313997
2021-01-01,695.0,81800.0,73822.13428766456,59126.05238991095,45239.8700130149,-367.22845486834075
2021-01-04,696.0,83000.0,74004.43312928545,59173.666498249455,45241.84010005962,-367.13192864167127
2021-01-05,697.0,83900.0,74185.97490884211,59221.280606587956,45243.92574158864,-367.0181743660991
2021-01-06,698.0,82200.0,74366.71635477821,59268.894714926464,45246.12693760193,-366.9369619606765
2021-01-07,699.0,82900.0,74546.61600939164,59316.50882326497,45248.44368809952,-366.84234996166293
2021-01-08,700.0,88800.0,74725.63324022744,59364.12293160347,45250.8759930814,-366.6347985309539
2021-01-11,701.0,91000.0,74903.72555793052,59411.73703994198,45253.42385254755,-366.38513409181604
2021-01-12,702.0,90600.0,75080.84977923367,59459.35114828048,45256.087266498,-366.1431265633016
2021-01-13,703.0,89700.0,75256.9631013325,59506.96525661899,45258.86623493275,-365.91834708368987
2021-01-14,704.0,89700.0,75432.02360067795,59554.57936495749,45261.76075785177,-365.6935676040781
2021-01-15,705.0,88000.0,75605.99072000358,59602.193473296,45264.77083525508,-365.5013299946159
2021-01-18,706.0,85000.0,75778.82600949805,59649.80758163451,45267.89646714268,-365.36651921482934
2021-01-19,707.0,87000.0,75950.49048325334,59697.42168997301,45271.137653514576,-365.1934238819257
2021-01-20,708.0,87200.0,76120.94092362784,59745.03579831152,45274.494394370755,-365.0165000937103
2021-01-21,709.0,88100.0,76290.12872599337,59792.64990665002,45277.96668971122,-364.82234825659225
2021-01-22,710.0,86800.0,76457.99901074285,59840.26401498853,45281.55453953598,-364.6530813790003
2021-01-25,711.0,89400.0,76624.49176932994,59887.87812332703,45285.25794384502,-364.43404458235614
2021-01-26,712.0,86700.0,76789.5410492271,59935.492231665536,45289.07690263835,-364.26669193242003
2021-01-27,713.0,85600.0,76953.07596704083,59983.10634000404,45293.01141591597,-364.12039578669834
2021-01-28,714.0,83700.0,77115.02395619894,60030.720448342545,45297.06148367787,-364.0104699664379
2021-01-29,715.0,82000.0,77275.31185107809,60078.33455668105,45301.22710592407,-363.93308601632697
2021-02-01,716.0,83000.0,77433.86565302122,60125.948665019554,45305.508282654555,-363.8365597896575
2021-02-02,717.0,84400.0,77590.61046238322,60173.56277335806,45309.90501386933,-363.71323437580605
2021-02-03,718.0,84600.0,77745.47280071558,60221.17688169656,45314.41729956838,-363.58608050664293
2021-02-04,719.0,82500.0,77898.38321890541,60268.79099003507,45319.04513975173,-363.49912541825273
2021-02-05,720.0,83500.0,78049.27753474649,60316.40509837357,45323.788534419364,-363.393028053304
2021-02-08,721.0,83000.0,78198.09630194004,60364.01920671208,45328.64748357129,-363.29650182663454
2021-02-09,722.0,82700.0,78344.78472241036,60411.63331505059,45333.6219872075,-363.20571828293265
2021-02-10,723.0,81600.0,78489.29218313633,60459.24742338909,45338.712045328,-363.1359912434452
2021-02-11,724.0,82120.0,78631.56996660629,60506.8615317276,45343.91765793279,-363.0563102201472
2021-02-12,725.0,82640.0,78771.5706086955,60554.4756400661,45349.238825021865,-362.96667521303885
2021-02-15,726.0,84200.0,78909.24667812457,60602.08974840461,45354.67554659523,-362.8471782544991
2021-02-16,727.0,84900.0,79044.55065669968,60649.70385674311,45360.22782265287,-362.7142817023684
2021-02-17,728.0,83200.0,79177.435667534,60697.31796508162,45365.89565319482,-362.6139270203872
2021-02-18,729.0,82100.0,79307.85623817166,60744.93207342012,45371.679038221046,-362.53462884262046
2021-02-19,730.0,82600.0,79435.76796926103,60792.546181758626,45377.57797773156,-362.4457595265744
2021-02-22,731.0,82200.0,79561.12678117739,60840.160290097134,45383.59247172636,-362.3645471211518
2021-02-23,732.0,82000.0,79683.88857742611,60887.774398435635,45389.722520205454,-362.2871631710409
2021-02-24,733.0,82000.0,79804.00975276572,60935.38850677414,45395.96812316884,-362.20977922093
2021-02-25,734.0,85300.0,79921.44759255496,60983.002615112644,45402.329280616505,-362.0692257581759
2021-02-26,735.0,82500.0,80036.16046752896,61030.61672345115,45408.805992548456,-361.9822706697857
2021-03-01,736.0,83325.0,80148.1077025527,61078.23083178965,45415.398258964706,-361.8795232032347
2021-03-02,737.0,83600.0,80257.24870266125,61125.84494012816,45422.10607986523,-361.7715116106301
2021-03-03,738.0,84000.0,80363.54186875252,61173.45904846667,45428.92945525005,-361.6558431074021
2021-03-04,739.0,82400.0,80466.94391528216,61221.07315680517,45435.86838511917,-361.57080224666777
2021-03-05,740.0,82100.0,80567.40880436455,61268.68726514368,45442.92286947256,-361.491504068901
2021-03-08,741.0,82000.0,80664.88752165555,61316.30137348218,45450.092908310246,-361.4141201187901
2021-03-09,742.0,81400.0,80759.32727997453,61363.91548182069,45457.37850163222,-361.3482215346143
2021-03-10,743.0,80900.0,80850.67012719829,61411.52959015919,45464.77964943848,-361.2918940887178
2021-03-11,744.0,82000.0,80938.85169550279,61459.1436984977,45472.296351729026,-361.2145101386069
2021-03-12,745.0,82800.0,81023.80039123732,61506.757806836205,45479.92860850386,-361.12181236724916
2021-03-15,746.0,81800.0,81105.43617259845,61554.37191517471,45487.67641976299,-361.04825687244994
2021-03-16,747.0,82800.0,81183.66920148244,61601.986023513215,45495.5397855064,-360.9555591010922
2021-03-17,748.0,82300.0,81258.39994527042,61649.600131851716,45503.5187057341,-360.87243246801376
2021-03-18,749.0,82900.0,81329.5213664759,61697.214240190224,45511.61318044609,-360.7778204690002
2021-03-19,750.0,81900.0,81396.92285940127,61744.828348528725,45519.823209642374,-360.7023507465451
2021-03-22,751.0,82000.0,81460.49635515023,61792.44245686723,45528.14879332294,-360.6249667964342
2021-03-23,752.0,81800.0,81520.14593848333,61840.056565205734,45536.58993148779,-360.55141130163497
2021-03-24,753.0,81000.0,81575.7901097371,61887.67067354424,45545.14662413693,-360.4931696280826
2021-03-25,754.0,81200.0,81627.36027531039,61935.28478188275,45553.818871270356,-360.43109949921853
2021-03-26,755.0,81500.0,81674.80283686829,61982.89889022125,45562.606672888076,-360.3632866873869
2021-03-29,756.0,81600.0,81718.07693649744,62030.51299855976,45571.51002899008,-360.29355964789943
2021-03-30,757.0,82200.0,81757.15608063852,62078.12710689826,45580.52893957637,-360.2123472424768
2021-03-31,758.0,81400.0,81792.03152224813,62125.74121523677,45589.663404646955,-360.14644865830104
2021-04-01,759.0,82900.0,81822.71499852548,62173.35532357527,45598.913424201826,-360.05183665928746
2021-04-02,760.0,84800.0,81849.23878230697,62220.96943191378,45608.27899824098,-359.9208543348126
2021-04-05,761.0,85400.0,81871.65632615158,62268.583540252286,45617.76012676443,-359.7783866444026
2021-04-06,762.0,86000.0,81890.03815446953,62316.19764859079,45627.35680977216,-359.62443358805746
2021-04-07,763.0,85600.0,81904.46962456878,62363.811756929295,45637.06904726419,-359.47813744233576
2021-04-08,764.0,84700.0,81915.04988036555,62411.425865267796,45646.89683924049,-359.3490693455168
2021-04-09,765.0,83600.0,81921.89074777653,62459.039973606305,45656.84018570109,-359.2410577529122
2021-04-12,766.0,83200.0,81925.11528243155,62506.654081944806,45666.89908664598,-359.140703070931
2021-04-13,767.0,84000.0,81924.85636457895,62554.268190283314,45677.07354207515,-359.025034567703
2021-04-14,768.0,84000.0,81921.25545818309,62601.88229862182,45687.363551988616,-358.909366064475
2021-04-15,769.0,84100.0,81914.46130329516,62649.49640696032,45697.769116386364,-358.7917833335912
2021-04-16,770.0,83900.0,81904.62725535859,62697.11051529883,45708.2902352684,-358.67802905801904
2021-04-19,771.0,83300.0,81891.90911547895,62744.72462363733,45718.92690863473,-358.575760148382
2021-04-20,772.0,83900.0,81876.46334916104,62792.33873197584,45729.67913648534,-358.46200587280987
2021-04-21,773.0,82600.0,81858.4447950492,62839.95284031434,45740.54691882024,-358.3731365567638
2021-04-22,774.0,82400.0,81838.00421124588,62887.56694865285,45751.53025563943,-358.2880956960295
2021-04-23,775.0,82800.0,81815.28773014918,62935.18105699135,45762.62914694291,-358.19539792467174
2021-04-26,776.0,83500.0,81790.43556551597,62982.79516532986,45773.84359273068,-358.08930055972303
2021-04-27,777.0,82900.0,81763.58364285341,63030.40927366837,45785.173593002735,-357.99468856070945
2021-04-28,778.0,82100.0,81734.86545842414,63078.02338200687,45796.61914775908,-357.9153903829427
2021-04-29,779.0,81700.0,81704.41043203925,63125.637490345376,45808.18025699971,-357.84374911579937
2021-04-30,780.0,81500.0,81672.3461512906,63173.25159868388,45819.856920724626,-357.77593630396774
2021-05-03,781.0,81700.0,81638.7960388883,63220.865707022385,45831.64913893383,-357.7042950368244
2021-05-04,782.0,82600.0,81603.87944834027,63268.479815360886,45843.556911627325,-357.6154257207784
2021-05-05,783.0,82450.0,81567.71169830572,63316.093923699395,45855.58023880511,-357.52942774621613
2021-05-06,784.0,82300.0,81530.4029867823,63363.7080320379,45867.71912046718,-357.4463011131377
2021-05-07,785.0,81900.0,81492.05711625006,63411.322140376404,45879.97355661354,-357.3708313906826
2021-05-10,786.0,83200.0,81452.76950468635,63458.93624871491,45892.34354724419,-357.27047670870144
2021-05-11,787.0,81200.0,81412.62541765203,63506.55035705341,45904.82909235912,-357.20840657983734
2021-05-12,788.0,80000.0,81371.69832212373,63554.16446539192,45917.43019195835,-357.1693071828435
2021-05-13,789.0,78500.0,81330.04718916301,63601.77857373042,45930.146846041855,-357.15892120068753
2021-05-14,790.0,80100.0,81287.71708254547,63649.39268206893,45942.979054609656,-357.11790757603785
2021-05-17,791.0,79600.0,81244.74493398525,63697.00679040743,45955.92681766175,-357.08646508966746
2021-05-18,792.0,79600.0,81201.16011917822,63744.62089874594,45968.990135198124,-357.05502260329706
2021-05-19,793.0,79550.0,81156.98419256396,63792.23500708445,45982.16900721878,-357.0245372307546
2021-05-20,794.0,79500.0,81112.23049835584,63839.84911542295,45995.46343372374,-356.99500897204007
2021-05-21,795.0,80100.0,81066.9068157758,63887.46322376146,46008.87341471297,-356.9539953473904
2021-05-24,796.0,79700.0,81021.0165115977,63935.07733209996,46022.3989501865,-356.92063863336415
2021-05-25,797.0,79900.0,80974.55888742307,63982.691440438466,46036.04004014432,-356.8834534640262
2021-05-26,798.0,79800.0,80927.52990283715,64030.30554877697,46049.79668458643,-356.84818252234413
2021-05-27,799.0,79600.0,80879.92258251592,64077.919657115475,46063.668883512815,-356.81674003597374
2021-05-28,800.0,80100.0,80831.72622578015,64125.53376545398,46077.65663692349,-356.77572641132406
2021-05-31,801.0,80500.0,80782.92672924192,64173.147873792484,46091.75994481846,-356.727055876051
2021-06-01,802.0,80600.0,80733.50767760264,64220.76198213099,46105.97880719772,-356.67647111312203
2021-06-02,803.0,80800.0,80683.45080700882,64268.376090469494,46120.31322406126,-356.6220578948814
2021-06-03,804.0,82800.0,80632.73635654013,64315.990198808,46134.7631954091,-356.52936012352365
2021-06-04,805.0,82200.0,80581.34319793532,64363.6043071465,46149.32872124121,-356.44814771810104
2021-06-07,806.0,81900.0,80529.24878013533,64411.21841548501,46164.00980155762,-356.372677995646
2021-06-08,807.0,81900.0,80476.42953895587,64458.83252382352,46178.80643635831,-356.2972082731909
2021-06-09,808.0,81100.0,80422.86123619566,64506.44663216202,46193.718625643305,-356.2370523719827
2021-06-10,809.0,81000.0,80368.51981614932,64554.06074050053,46208.746369412576,-356.17881069843037
2021-06-11,810.0,81000.0,80313.38181971332,64601.67484883903,46223.88966766614,-356.120569024878
2021-06-14,811.0,80500.0,80257.42492858076,64649.28895717754,46239.148520403985,-356.07189848960496
2021-06-15,812.0,80900.0,80200.6282735213,64696.90306551604,46254.52292762612,-356.01557104370846
2021-06-16,813.0,81800.0,80142.97310903405,64744.51717385455,46270.012889332545,-355.94201554890924
2021-06-17,814.0,80900.0,80084.4439401622,64792.13128219305,46285.61840552326,-355.88568810301274
2021-06-18,815.0,80500.0,80025.028067029,64839.745390531556,46301.33947619826,-355.8370175677397
2021-06-21,816.0,79900.0,79964.71450692884,64887.359498870064,46317.176101357545,-355.79983239840175
2021-06-22,817.0,80000.0,79903.49252351698,64934.973607208565,46333.12828100113,-355.7607330014079
2021-06-23,818.0,80100.0,79841.35276381655,64982.58771554707,46349.19601512899,-355.71971937675823
2021-06-24,819.0,81200.0,79778.28881400422,65030.201823885574,46365.37930374114,-355.65764924789414
2021-06-25,820.0,81600.0,79714.29722658065,65077.81593222408,46381.678146837585,-355.58792220840667
2021-06-28,821.0,81900.0,79649.37586860551,65125.43004056258,46398.092544418316,-355.5124524859516
2021-06-29,822.0,81000.0,79583.5247043806,65173.04414890109,46414.62249648333,-355.45421081239925
2021-06-30,823.0,80700.0,79516.74616943931,65220.6582572396,46431.26800303263,-355.40171182181444
2021-07-01,824.0,80100.0,79449.04459337756,65268.2723655781,46448.02906406623,-355.36069819716477
2021-07-02,825.0,80000.0,79380.42458463948,65315.88647391661,46464.90567958411,-355.32159880017093
2021-07-05,826.0,80400.0,79310.89116044351,65363.50058225511,46481.89784958628,-355.2748424925537
2021-07-06,827.0,81200.0,79240.45221601552,65411.11469059362,46499.00557407274,-355.2127723636896
2021-07-07,828.0,80800.0,79169.12386215376,65458.72879893212,46516.22885304349,-355.15835914544897
2021-07-08,829.0,79900.0,79096.93178762465,65506.34290727063,46533.567686498514,-355.12117397611104
2021-07-09,830.0,79400.0,79023.90881264274,65553.95701560914,46551.022074437846,-355.09355994505233
2021-07-12,831.0,79700.0,78950.09177215949,65601.57112394764,46568.592016861454,-355.0602032310261
2021-07-13,832.0,79800.0,78875.51976839357,65649.18523228614,46586.277513769346,-355.024932289344
2021-07-14,833.0,79500.0,78800.23299841907,65696.79934062465,46604.07856516153,-354.99540403062946
2021-07-15,834.0,80600.0,78724.27204718722,65744.41344896315,46621.99517103801,-354.9448192677005
2021-07-16,835.0,79800.0,78647.68156997184,65792.02755730166,46640.02733139877,-354.9095483260184
2021-07-19,836.0,79000.0,78570.5142130568,65839.64166564017,46658.17504624382,-354.88959120558314
2021-07-20,837.0,79000.0,78492.82905059725,65887.25577397866,46676.43831557316,-354.8696340851479
2021-07-21,838.0,78500.0,78414.69210306556,65934.86988231717,46694.81713938678,-354.8592481029919
2021-07-22,839.0,79700.0,78336.17709414613,65982.48399065569,46713.31151768469,-354.82589138896566
2021-07-23,840.0,79300.0,78257.36508924459,66030.09809899417,46731.9214504669,-354.80019158556286
2021-07-26,841.0,78800.0,78178.34211557516,66077.71220733269,46750.646937733385,-354.7840629204393
2021-07-27,842.0,78500.0,78099.19721761717,66125.32631567119,46769.48797948417,-354.7736769382833
2021-07-28,843.0,79200.0,78020.02133021514,66172.94042400969,46788.44457571923,-354.74989136253635
2021-07-29,844.0,79000.0,77940.90593454304,66220.55453234821,46807.51672643859,-354.7299342421011
2021-07-30,845.0,78500.0,77861.94193910637,66268.16864068671,46826.704431642225,-354.7195482599451
2021-08-02,846.0,79300.0,77783.2200101544,66315.78274902521,46846.00769133016,-354.6938484565423
2021-08-03,847.0,81400.0,77704.83065016457,66363.39685736372,46865.426505502386,-354.6279498723665
2021-08-04,848.0,82900.0,77626.86258498885,66411.01096570223,46884.96087415889,-354.53333787335293
2021-08-05,849.0,82100.0,77549.40238352852,66458.62507404073,46904.61079729968,-354.4540396955862
2021-08-06,850.0,81500.0,77472.53330750144,66506.23918237924,46924.37627492477,-354.38622688375455
2021-08-09,851.0,81500.0,77396.33458796695,66553.85329071773,46944.25730703413,-354.3184140719229
2021-08-10,852.0,80200.0,77320.8798381457,66601.46739905624,46964.25389362779,-354.2754862196174
2021-08-11,853.0,78500.0,77246.23663659005,66649.08150739475,46984.366034705745,-354.2651002374614
2021-08-12,854.0,77000.0,77172.46629514256,66696.69561573325,47004.59373026798,-354.2834276701432
2021-08-13,855.0,74400.0,77099.62409731888,66744.30972407176,47024.936980314495,-354.3515250218773
2021-08-16,856.0,74250.0,77027.75975239885,66791.92383241026,47045.395784845314,-354.4224937150952
2021-08-17,857.0,74200.0,76956.91789155857,66839.53794074876,47065.97014386041,-354.49441952214096
2021-08-18,858.0,73900.0,76887.13805766839,66887.15204908728,47086.6600573598,-354.5720880121543
2021-08-19,859.0,73100.0,76818.45478122613,66934.76615742578,47107.465525343476,-354.6650703234145
2021-08-20,860.0,72700.0,76750.89722764037,66982.38026576428,47128.38654781144,-354.76570954529814
2021-08-23,861.0,73300.0,76684.49058955768,67029.9943741028,47149.42312476369,-354.85486340124663
2021-08-24,862.0,75600.0,76619.25828012379,67077.6084824413,47170.57525620023,-354.89999002111045
2021-08-25,863.0,75700.0,76555.22293613665,67125.2225907798,47191.84294212106,-354.94320241331843
2021-08-26,864.0,74600.0,76492.40648795734,67172.83669911831,47213.22618252617,-355.0074713097408
2021-08-27,865.0,74300.0,76430.83017867073,67220.4508074568,47234.72497741558,-355.07748288913075
2021-08-30,866.0,74600.0,76370.51449422214,67268.06491579532,47256.33932678927,-355.14175178555314
2021-08-31,867.0,76700.0,76311.47837275596,67315.67902413382,47278.06923064725,-355.16582190120255
2021-09-01,868.0,76800.0,76253.73874206732,67363.29313247232,47299.91468898951,-355.1879777891961
2021-09-02,869.0,76000.0,76197.31066785546,67410.90724081083,47321.87570181607,-355.2254474984365
2021-09-03,870.0,76600.0,76142.2074305708,67458.52134914933,47343.952269126916,-355.25143184174175
2021-09-06,871.0,77300.0,76088.44083222716,67506.13545748784,47366.14439092205,-355.264016591456
2021-09-07,872.0,76100.0,76036.02050505926,67553.74956582635,47388.45206720146,-355.29957207304057
2021-09-08,873.0,76300.0,75984.95288728496,67601.36367416485,47410.875297965176,-355.3312990993134
2021-09-09,874.0,75300.0,75935.24058321065,67648.97778250335,47433.41408321317,-355.38216840214477
2021-09-10,875.0,75300.0,75886.8802164227,67696.59189084187,47456.06842294545,-355.43303770497613
2021-09-13,876.0,76300.0,75839.86084938,67744.20599918035,47478.83831716203,-355.464764731249
2021-09-14,877.0,76600.0,75794.16692642496,67791.82010751887,47501.72376586289,-355.49074907455423
2021-09-15,878.0,77000.0,75749.77969457205,67839.43421585739,47524.724769048036,-355.50907650723605
2021-09-16,879.0,76100.0,75706.67702412956,67887.04832419587,47547.84132671748,-355.5446319888206
2021-09-17,880.0,77200.0,75664.83288493931,67934.66243253439,47571.0734388712,-355.5591309661907
2021-09-20,881.0,77300.0,75624.21746473483,67982.27654087289,47594.42110550921,-355.571715715905
2021-09-21,882.0,77333.33333333333,75584.79754683684,68029.89064921139,47617.88432663151,-355.583662389734
2021-09-22,883.0,77366.66666666667,75546.5363408898,68077.5047575499,47641.46310223811,-355.5949709876777
2021-09-23,884.0,77400.0,75509.3953497176,68125.1188658884,47665.15743232898,-355.60564150973613
2021-09-24,885.0,77300.0,75473.33634407318,68172.7329742269,47688.96731690414,-355.6182262594504
2021-09-27,886.0,77700.0,75438.32226637902,68220.34708256542,47712.8927559636,-355.62315409854125
2021-09-28,887.0,76300.0,75404.31699509615,68267.96119090392,47736.93374950734,-355.6548811248141
2021-09-29,888.0,74100.0,75371.28521925969,68315.57529924242,47761.09029753537,-355.7287211595157
2021-09-30,889.0,74100.0,75339.19172391984,68363.18940758094,47785.362400047685,-355.80256119421733
2021-10-01,890.0,73200.0,75308.0016197367,68410.80351591943,47809.75005704429,-355.8936292778217
2021-10-04,891.0,72450.0,75277.6796714267,68458.41762425794,47834.25326852518,-355.99905406884494
2021-10-05,892.0,72200.0,75248.19083416235,68506.03173259644,47858.87203449037,-356.10926442900785
2021-10-06,893.0,71300.0,75219.50000145029,68553.64584093494,47883.60635493984,-356.2367028380734
2021-10-07,894.0,71600.0,75191.57114969425,68601.25994927346,47908.456229873584,-356.35839856417147
2021-10-08,895.0,71500.0,75164.36649502917,68648.87405761196,47933.421659291635,-356.48200851792535
2021-10-11,896.0,69625.0,75137.84512435713,68696.48816595046,47958.50264319397,-356.6415102402265
2021-10-12,897.0,69000.0,75111.96403462585,68744.10227428898,47983.69918158059,-356.8129758853768
2021-10-13,898.0,68800.0,75086.67878661325,68791.71638262748,48009.0112744515,-356.9882699858387
2021-10-14,899.0,69400.0,75061.9436967892,68839.33049096598,48034.4389218067,-357.1520787203655
2021-10-15,900.0,70100.0,75037.7121082464,68886.9445993045,48059.98212364619,-357.30248786130136
2021-10-18,901.0,70200.0,75013.93740668647,68934.558707643,48085.64087996996,-357.45098277458135
2021-10-19,902.0,70600.0,74990.57196642995,68982.1728159815,48111.41519077802,-357.5918207772379
2021-10-20,903.0,70300.0,74967.56593610736,69029.78692432001,48137.30505607037,-357.73840146286204
2021-10-21,904.0,70200.0,74944.86732864987,69077.4010326585,48163.31047584701,-357.88689637614203
2021-10-22,905.0,70400.0,74922.42426430993,69125.01514099701,48189.431450107935,-358.03156283411033
2021-10-25,906.0,70200.0,74900.18789675501,69172.62924933551,48215.66797885315,-358.1800577473903
2021-10-26,907.0,71100.0,74878.11184808893,69220.24335767401,48242.02006208265,-358.3113246117676
2021-10-27,908.0,70100.0,74856.15218380459,69267.85746601253,48268.48769979644,-358.4617337527034
2021-10-28,909.0,70700.0,74834.267286821,69315.47157435103,48295.07089199452,-358.60065752770413
2021-10-29,910.0,69800.0,74812.41875322004,69363.08568268953,48321.76963867688,-358.75680935160756
2021-11-01,911.0,69900.0,74790.57238223376,69410.69979102805,48348.583939843535,-358.9110469478551
2021-11-02,912.0,71500.0,74768.6976224421,69458.31389936655,48375.51379549448,-359.03465690160897
2021-11-03,913.0,70400.0,74746.76638769371,69505.92800770505,48402.55920562972,-359.17932335957727
2021-11-04,914.0,70600.0,74724.75381181735,69553.54211604357,48429.72017024923,-359.3201613622338
2021-11-05,915.0,70200.0,74702.63929559982,69601.15622438205,48456.996689353036,-359.4686562755138
2021-11-08,916.0,70600.0,74680.40534772932,69648.77033272057,48484.38876294113,-359.60949427817036
2021-11-09,917.0,70500.0,74658.03684829146,69696.38444105908,48511.89639101351,-359.75224650848276
2021-11-10,918.0,70200.0,74635.52045231673,69743.99854939757,48539.519573570185,-359.90074142176275
2021-11-11,919.0,69900.0,74612.84496802304,69791.61265773608,48567.25831061114,-360.0549790180103
2021-11-12,920.0,70600.0,74590.00136065915,69839.22676607459,48595.11260213639,-360.1958170206668
2021-11-15,921.0,71400.0,74566.98329284461,69886.84087441309,48623.08244814593,-360.32134120207655
2021-11-16,922.0,71300.0,74543.78723044747,69934.4549827516,48651.16784863976,-360.44877961114213
2021-11-17,923.0,70700.0,74520.41274699368,69982.0690910901,48679.368803617865,-360.58770338614283
2021-11-18,924.0,70200.0,74496.86188017887,70029.6831994286,48707.68531308026,-360.7361982994228
2021-11-19,925.0,71200.0,74473.13802131473,70077.29730776712,48736.11737702695,-360.86555093614425
2021-11-22,926.0,74900.0,74449.24486569606,70124.91141610562,48764.66499545792,-360.92407714959904
2021-11-23,927.0,75300.0,74425.18592419429,70172.52552444412,48793.328168373184,-360.9749464524304
2021-11-24,928.0,74800.0,74400.9642918014,70220.13963278264,48822.10689577274,-361.03538689354104
2021-11-25,929.0,73700.0,74376.58305556518,70267.75374112112,48851.00117765658,-361.1168838388661
2021-11-26,930.0,72300.0,74352.0465945917,70315.36784945964,48880.011014024705,-361.2251799713731
2021-11-29,931.0,72300.0,74327.35915247344,70362.98195779815,48909.13640487712,-361.3334761038801
2021-11-30,932.0,71300.0,74302.52378905023,70410.59606613664,48938.37735021382,-361.4609145129457
2021-12-01,933.0,74400.0,74277.54299090883,70458.21017447516,48967.73385003481,-361.5290118646798
2021-12-02,934.0,75800.0,74252.4195965789,70505.82428281366,48997.205904340095,-361.5703100292319
2021-12-03,935.0,75600.0,74227.15654104816,70553.43839115216,49026.79351312967,-361.6154366490957
2021-12-06,936.0,76300.0,74201.75745409168,70601.05249949067,49056.49667640352,-361.6471636753686
2021-12-07,937.0,77400.0,74176.22543845048,70648.66660782917,49086.31539416166,-361.657834197427
2021-12-08,938.0,77400.0,74150.56132950928,70696.28071616768,49116.249666404095,-361.66850471948544
2021-12-09,939.0,78200.0,74124.76285000227,70743.89482450619,49146.29949313082,-361.663861420297
2021-12-10,940.0,76900.0,74098.82372830554,70791.50893284469,49176.46487434182,-361.6841030806347
2021-12-13,941.0,76800.0,74072.73518971915,70839.1230411832,49206.74581003712,-361.7062589686283
2021-12-14,942.0,77000.0,74046.4881893052,70886.73714952171,49237.14230021671,-361.7245864013101
2021-12-15,943.0,77600.0,74020.07321636731,70934.3512578602,49267.654344880575,-361.7314284680568
2021-12-16,944.0,77800.0,73993.48013292598,70981.96536619871,49298.281944028735,-361.73444207949177
2021-12-17,945.0,78000.0,73966.69882382332,71029.57947453721,49329.025097661186,-361.7336272356151
2021-12-20,946.0,77100.0,73939.71809286647,71077.19358287571,49359.88380577792,-361.75004044064104
2021-12-21,947.0,78100.0,73912.52431294012,71124.80769121423,49390.85806837895,-361.7473113691085
2021-12-22,948.0,79400.0,73885.10208839412,71172.42179955273,49421.947885464266,-361.7196973380498
2021-12-23,949.0,79900.0,73857.43586337904,71220.03590789123,49453.15325703386,-361.68251216871187
2021-12-24,950.0,80500.0,73829.51089865608,71267.65001622975,49484.47418308775,-361.6338416334388
2021-12-27,951.0,80200.0,73801.31400368878,71315.26412456825,49515.910663625924,-361.5909137811333
2021-12-28,952.0,80300.0,73772.83567271662,71362.87823290675,49547.46269864839,-361.5460717011719
2021-12-29,953.0,78800.0,73744.07134434149,71410.49234124526,49579.13028815514,-361.52994303604834
2021-12-30,954.0,78300.0,73715.0226242161,71458.10644958375,49610.91343214619,-361.52338550920405
2021-12-31,955.0,78375.0,73685.69629824017,71505.72055792226,49642.81213062152,-361.51539231161786
2022-01-03,956.0,78600.0,73656.10119836207,71553.33466626078,49674.82638358113,-361.50309210180603
2022-01-04,957.0,78700.0,73626.24471641048,71600.94877459927,49706.956191025034,-361.48887766433836
2022-01-05,958.0,77400.0,73596.13096188263,71648.56288293778,49739.20155295324,-361.4995481863968
2022-01-06,959.0,76900.0,73565.7587284124,71696.17699127628,49771.562469365716,-361.5197898467345
2022-01-07,960.0,78300.0,73535.12033070766,71743.79109961478,49804.03894026248,-361.5132323198902
2022-01-10,961.0,78000.0,73504.20026162527,71791.4052079533,49836.63096564354,-361.5124174760135
2022-01-11,962.0,78900.0,73472.97524436709,71839.0193162918,49869.33854550889,-361.4943745832341
2022-01-12,963.0,78900.0,73441.41602954526,71886.6334246303,49902.16167985852,-361.4763316904547
2022-01-13,964.0,77900.0,73409.489480861,71934.24753296882,49935.10036869244,-361.47743107423383
2022-01-14,965.0,77300.0,73377.15843205944,71981.86164130732,49968.15461201065,-361.4900158239481
2022-01-17,966.0,77500.0,73344.38004606744,72029.47574964582,50001.32440981314,-361.4987721183507
2022-01-18,967.0,77000.0,73311.10506211883,72077.08985798433,50034.609762099935,-361.5170995510325
2022-01-19,968.0,76300.0,73277.27775293666,72124.70396632282,50068.01066887101,-361.54882657730536
2022-01-20,969.0,76500.0,73242.83843343183,72172.31807466134,50101.52713012637,-361.57672514826646
2022-01-21,970.0,75600.0,73207.7244535533,72219.93218299985,50135.15914586601,-361.6218517681303
2022-01-24,971.0,75100.0,73171.86965400822,72267.54629133834,50168.90671608996,-361.6765495262734
2022-01-25,972.0,74000.0,73135.20439287015,72315.16039967685,50202.76984079818,-361.7523037886309
2022-01-26,973.0,73300.0,73097.65582652291,72362.77450801535,50236.748519990695,-361.8414576445794
2022-01-27,974.0,71300.0,73059.14744014174,72410.38861635386,50270.8427536675,-361.968896053645
2022-01-28,975.0,73300.0,73019.59922050673,72458.00272469237,50305.05254182858,-362.0580499095935
2022-01-31,976.0,73300.0,72978.92750086404,72505.61683303087,50339.377884473965,-362.147203765542
2022-02-01,977.0,73300.0,72937.0448263464,72553.23094136937,50373.81878160364,-362.23635762149047
2022-02-02,978.0,73300.0,72893.86151441273,72600.84504970789,50408.375233217586,-362.32551147743897
2022-02-03,979.0,73300.0,72849.28713593497,72648.45915804639,50443.04723931583,-362.41466533338746
2022-02-04,980.0,74000.0,72803.23162182544,72696.07326638489,50477.834799898366,-362.490419595745
2022-02-07,981.0,73000.0,72755.60522692896,72743.6873747234,50512.73791496518,-362.585316134661
2022-02-08,982.0,73500.0,72706.32030011469,72791.30148306189,50547.75658451628,-362.67064153529776
2022-02-09,983.0,74700.0,72655.29300563727,72838.91559140041,50582.890808551674,-362.73299620406425
2022-02-10,984.0,75400.0,72602.44443927046,72886.52969973891,50618.140587071364,-362.78195127923976
2022-02-11,985.0,74900.0,72547.70105209139,72934.14380807741,50653.50592007533,-362.84047749269456
2022-02-14,986.0,73700.0,72490.99534322819,72981.75791641593,50688.98680756359,-362.9219744380196
2022-02-15,987.0,73700.0,72432.26691810686,73029.37202475443,50724.58324953614,-363.0034713833447
2022-02-16,988.0,74800.0,72371.4635974563,73076.98613309293,50760.29524599297,-363.0639118244553
2022-02-17,989.0,75000.0,72308.53990972046,73124.60024143144,50796.1227969341,-363.12052381025427
2022-02-18,990.0,74300.0,72243.45441973944,73172.21434976994,50832.06590235951,-363.1905353896442
2022-02-21,991.0,74200.0,72176.16943882467,73219.82845810844,50868.12456226921,-363.26246119668997
2022-02-22,992.0,73400.0,72106.65086615557,73267.44256644696,50904.29877666319,-363.3497008249826
2022-02-23,993.0,73000.0,72034.86786206474,73315.05667478546,50940.58854554147,-363.44459736389865
2022-02-24,994.0,71500.0,71960.79258714791,73362.67078312396,50976.993868904035,-363.56820731765254
2022-02-25,995.0,71900.0,71884.40017145795,73410.28489146248,51013.51474675088,-363.684160360783
2022-02-28,996.0,72100.0,71805.66926880805,73457.89899980096,51050.15117908202,-363.79628494860174
2022-03-01,997.0,71900.0,71724.58404995163,73505.51310813948,51086.903165897456,-363.9122379917322
2022-03-02,998.0,71700.0,71641.13661214168,73553.12721647798,51123.77070719717,-364.0320194901743
2022-03-03,999.0,72900.0,71555.32735266666,73600.74132481648,51160.75380298117,-364.1288302567462
2022-03-04,1000.0,71500.0,71467.16520571799,73648.355433155,51197.85245324946,-364.2524402105001
2022-03-07,1001.0,70100.0,71376.66802395323,73695.9695414935,51235.06665800205,-364.4028493514359
2022-03-08,1002.0,69500.0,71283.86214056538,73743.583649832,51272.39641723891,-364.5647438583069
2022-03-09,1003.0,70350.0,71188.78237868156,73791.19775817051,51309.84173096007,-364.7103674301031
2022-03-10,1004.0,71200.0,71091.47240909166,73838.81186650902,51347.40259916551,-364.8397200668245
2022-03-11,1005.0,70000.0,70991.98462122049,73886.42597484752,51385.07902185524,-364.9920434354162
2022-03-14,1006.0,70200.0,70890.37973497646,73934.04008318603,51422.870999029255,-365.14053834869617
2022-03-15,1007.0,69500.0,70786.72626154756,73981.65419152452,51460.778530687574,-365.30243285556713
2022-03-16,1008.0,70400.0,70681.10017203119,74029.26829986303,51498.80161683017,-365.44709931353543
2022-03-17,1009.0,71200.0,70573.58471092368,74076.88240820155,51536.94025745705,-365.57645195025685
2022-03-18,1010.0,70700.0,70464.26972371883,74124.49651654004,51575.19445256823,-365.71537572525756
2022-03-21,1011.0,69900.0,70353.25106400668,74172.11062487855,51613.56420216368,-365.8696133215051
2022-03-22,1012.0,70300.0,70240.63040391514,74219.72473321705,51652.04950624343,-366.01619400712923
2022-03-23,1013.0,70500.0,70126.51417565029,74267.33884155555,51690.65036480747,-366.1589462374416
2022-03-24,1014.0,69800.0,70011.01173224833,74314.95294989407,51729.366777855794,-366.31509806134505
2022-03-25,1015.0,69800.0,69894.23407380864,74362.56705823257,51768.19874538841,-366.4712498852485
2022-03-28,1016.0,69700.0,69776.29415029976,74410.18116657107,51807.146267405304,-366.62931593680776
2022-03-29,1017.0,70200.0,69657.30701818733,74457.79527490959,51846.20934390649,-366.77781085008775
2022-03-30,1018.0,69900.0,69537.38975863015,74505.40938324809,51885.38797489197,-366.9320484463353
2022-03-31,1019.0,69600.0,69416.66082840513,74553.02349158659,51924.68216036173,-367.0920287255504
2022-04-01,1020.0,69100.0,69295.23920766456,74600.6375999251,51964.09190031579,-367.2615801430448
2022-04-04,1021.0,69300.0,69173.244434993,74648.25170826359,52003.61719475413,-367.42730310522745
2022-04-05,1022.0,69200.0,69050.79528142429,74695.8658166021,52043.25804367676,-367.594940295066
2022-04-06,1023.0,68500.0,68928.0077914668,74743.4799249406,52083.01444708368,-367.77597707849554
2022-04-07,1024.0,68000.0,68804.99351049615,74791.0940332791,52122.88640497488,-367.96658500020436
2022-04-08,1025.0,67800.0,68681.85881778874,74838.70814161762,52162.87391735037,-368.16102137722487
2022-04-11,1026.0,67900.0,68558.70511950014,74886.32224995612,52202.97698421016,-368.35354352658953
2022-04-12,1027.0,67000.0,68435.62885899044,74933.93635829462,52243.195605554225,-368.56329372485686
2022-04-13,1028.0,68700.0,68312.72232758801,74981.55046663314,52283.52978138258,-368.74050205297465
2022-04-14,1029.0,67500.0,68190.0744842431,75029.16457497164,52323.97951169523,-368.9406811129627
2022-04-15,1030.0,66600.0,68067.77034843407,75076.77868331014,52364.54479649216,-369.15808822185346
2022-04-18,1031.0,66700.0,67945.88812131263,75124.39279164866,52405.225635773386,-369.3735811030884
2022-04-19,1032.0,67300.0,67824.49646488574,75172.00689998716,52446.022029538886,-369.5775886183882
2022-04-20,1033.0,67400.0,67703.6531560292,75219.62100832566,52486.93397778869,-369.7796819060321
2022-04-21,1034.0,67700.0,67583.40431534465,75267.23511666417,52527.961480522776,-369.9760325107085
2022-04-22,1035.0,67000.0,67463.78531790583,75314.84922500266,52569.10453774115,-370.1857827089758
2022-04-25,1036.0,66300.0,67344.82229438973,75362.46333334118,52610.363149443816,-370.4089325008341
2022-04-26,1037.0,66100.0,67226.53365322096,75410.07744167968,52651.73731563076,-370.63591074800416
2022-04-27,1038.0,65000.0,67108.93316782908,75457.69155001818,52693.22703630199,-370.88394549938863
2022-04-28,1039.0,64800.0,66992.03201834417,75505.3056583567,52734.83231145753,-371.1358087060848
2022-04-29,1040.0,67400.0,66875.83816335205,75552.9197666952,52776.553141097334,-371.33790199372874
2022-05-02,1041.0,67300.0,66760.35594490112,75600.5338750337,52818.38952522144,-371.5419095090285
2022-05-03,1042.0,67500.0,66645.5849954141,75648.14798337221,52860.341463829835,-371.7420885690166
2022-05-04,1043.0,67900.0,66531.52015384845,75695.76209171071,52902.40895692251,-371.93461071838124
2022-05-05,1044.0,67200.0,66418.15129400171,75743.37620004921,52944.59200449947,-372.1405324613369
2022-05-06,1045.0,66500.0,66305.46343407525,75790.99030838773,52986.89060656073,-372.3598537978835
2022-05-09,1046.0,66100.0,66193.43686240511,75838.60441672622,53029.30476310627,-372.58683204505354
2022-05-10,1047.0,65700.0,66082.04768914974,75886.21852506473,53071.83447413611,-372.82146720284703
2022-05-11,1048.0,65700.0,65971.26764480156,75933.83263340325,53114.47973965022,-373.0561023606405
2022-05-12,1049.0,64900.0,65861.06538132149,75981.44674174173,53157.240559648635,-373.30605133968083
2022-05-13,1050.0,66500.0,65751.40731390654,76029.06085008025,53200.11693413132,-373.52537267622745
2022-05-16,1051.0,66300.0,65642.2584977144,76076.67495841875,53243.1088630983,-373.74852246808575
2022-05-17,1052.0,67600.0,65533.583591399496,76124.28906675725,53286.21634654958,-373.94678730041795
2022-05-18,1053.0,68100.0,65425.3484561755,76171.90317509577,53329.43938448514,-374.13548099447087
2022-05-19,1054.0,67500.0,65317.520949401056,76219.51728343427,53372.77797690498,-374.3356600544589
2022-05-20,1055.0,68000.0,65210.0713470698,76267.13139177277,53416.232123809124,-374.52626797616773
2022-05-23,1056.0,67900.0,65102.97248211636,76314.74550011128,53459.801825197545,-374.7187901255324
2022-05-24,1057.0,66500.0,64996.19942476465,76362.35960844978,53503.48708107025,-374.938111462079
2022-05-25,1058.0,66400.0,64889.728962578556,76409.97371678828,53547.287891427244,-375.15934702628147
2022-05-26,1059.0,65900.0,64783.539603005855,76457.5878251268,53591.20425626854,-375.3901537287632
2022-05-27,1060.0,66500.0,64677.611184323716,76505.20193346529,53635.23617559411,-375.6094750653098
2022-05-30,1061.0,67700.0,64571.92445641184,76552.8160418038,53679.38364940397,-375.8058256699862
2022-05-31,1062.0,67400.0,64466.462786814845,76600.4301501423,53723.646677698125,-376.0079189576301
2022-06-01,1063.0,67050.0,64361.2126638586,76648.0442584808,53768.02526047657,-376.21671204206956
2022-06-02,1064.0,66700.0,64256.16379212639,76695.65836681932,53812.51939773929,-376.4322049233045
2022-06-03,1065.0,66800.0,64151.30839344815,76743.27247515782,53857.12908948631,-376.64578357688356
2022-06-06,1066.0,65825.0,64046.64063751315,76790.88658349632,53901.85433571761,-376.8780259501072
2022-06-07,1067.0,65500.0,63942.15732176479,76838.50069183484,53946.695136433205,-377.1164895632124
2022-06-08,1068.0,65300.0,63837.86006173226,76886.11480017334,53991.65149163308,-377.35878163162926
2022-06-09,1069.0,65200.0,63733.75605488338,76933.72890851184,54036.72340131726,-377.602987927702
2022-06-10,1070.0,63800.0,63629.859258217075,76981.34301685035,54081.91086548571,-377.8739934109567
2022-06-13,1071.0,62100.0,63526.18989736137,77028.95712518886,54127.213884138444,-378.17754076436097
2022-06-14,1072.0,61900.0,63422.77209797636,77076.57123352736,54172.63245727548,-378.48491657307693
2022-06-15,1073.0,60700.0,63319.63513257627,77124.18534186587,54218.166584896804,-378.81526311366315
2022-06-16,1074.0,60900.0,63216.81289258641,77171.79945020436,54263.81626700241,-379.1417811989377
2022-06-17,1075.0,59800.0,63114.34181683343,77219.41355854287,54309.581503592315,-379.48935578842656
2022-06-20,1076.0,58700.0,63012.25828438568,77267.02766688137,54355.46229466649,-379.85798688212986
2022-06-21,1077.0,58500.0,62910.59974419395,77314.64177521988,54401.45864022496,-380.2304464311449
2022-06-22,1078.0,57600.0,62809.405756538225,77362.25588355839,54447.57054026773,-380.6201340290626
2022-06-23,1079.0,57400.0,62708.71855132114,77409.86999189689,54493.797994794775,-381.01365008229203
2022-06-24,1080.0,58400.0,62608.58248238594,77457.4841002354,54540.14100380611,-381.3880238589629
2022-06-27,1081.0,58800.0,62509.04298671031,77505.09820857391,54586.59956730173,-381.7547407250104
2022-06-28,1082.0,59400.0,62410.14716443616,77552.71231691241,54633.17368528165,-382.1099722251227
2022-06-29,1083.0,58000.0,62311.942635173495,77600.32642525091,54679.863357745846,-382.492002912417
2022-06-30,1084.0,57000.0,62214.4775528377,77647.94053358943,54726.66858469433,-382.8931758762698
2022-07-01,1085.0,56200.0,62117.80167574255,77695.55464192791,54773.58936612711,-383.30966266136954
2022-07-04,1086.0,57100.0,62021.96668684937,77743.16875026643,54820.62570204418,-383.70892139756654
2022-07-05,1087.0,57200.0,61927.02571778302,77790.78285860494,54867.77759244553,-384.1062659061077
2022-07-06,1088.0,56400.0,61833.03190072129,77838.39696694343,54915.045037331176,-384.51892423589567
2022-07-07,1089.0,58200.0,61740.03779623607,77886.01107528195,54962.4280367011,-384.89712646787825
2022-07-08,1090.0,58700.0,61648.09659032484,77933.62518362045,55009.92659055532,-385.26575756158155
2022-07-11,1091.0,58800.0,61557.26257526933,77981.23929195895,55057.54069889383,-385.632474427629
2022-07-12,1092.0,58100.0,61467.59038177691,78028.85340029746,55105.27036171661,-386.01259088726744
2022-07-13,1093.0,58000.0,61379.134210151846,78076.46750863596,55153.115579023695,-386.3946215745617
2022-07-14,1094.0,57500.0,61291.94791582493,78124.08161697446,55201.07635081506,-386.78622340013527
2022-07-15,1095.0,60000.0,61206.085382229365,78171.69572531298,55249.15267709072,-387.12996953431247
2022-07-18,1096.0,61900.0,61121.59914613163,78219.30983365148,55297.344557850665,-387.4373453430284
2022-07-19,1097.0,60900.0,61038.5388635529,78266.92394198998,55345.6519930949,-387.76386342830295
2022-07-20,1098.0,60500.0,60956.95063705698,78314.5380503285,55394.074982823426,-388.09803842420087
2022-07-21,1099.0,61800.0,60876.87610728604,78362.15215866698,55442.61352703623,-388.40732846057267
2022-07-22,1100.0,61300.0,60798.35250999224,78409.7662670055,55491.26762573333,-388.72618963522376
2022-07-25,1101.0,61100.0,60721.4142970218,78457.380375344,55540.03727891472,-389.04887926518654
2022-07-26,1102.0,61700.0,60646.09336321119,78504.9944836825,55588.92248658039,-389.3600835292142
2022-07-27,1103.0,61800.0,60572.41693276894,78552.60859202102,55637.92324873035,-389.669373565586
2022-07-28,1104.0,61900.0,60500.4069911215,78600.22270035952,55687.039565364605,-389.97674937430196
2022-07-29,1105.0,61400.0,60430.08171984414,78647.83680869802,55736.27143648314,-390.2936963212972
2022-08-01,1106.0,61300.0,60361.455548182836,78695.45091703653,55785.61886208596,-390.6125574959483
2022-08-02,1107.0,61700.0,60294.53857893133,78743.06502537504,55835.08184217307,-390.92376175997595
2022-08-03,1108.0,61300.0,60229.33639718654,78790.67913371354,55884.66037674448,-391.24262293462704
2022-08-04,1109.0,61500.0,60165.84867510688,78838.29324205205,55934.35446580017,-391.55765565396644
2022-08-05,1110.0,61500.0,60104.07000896806,78885.90735039055,55984.16410934014,-391.87268837330583
2022-08-08,1111.0,60800.0,60043.99223766581,78933.52145872905,56034.08930736441,-392.2011206862362
2022-08-09,1112.0,60000.0,59985.60370713684,78981.13556706757,56084.13005987296,-392.5448668204134
2022-08-10,1113.0,59100.0,59928.888847257535,79028.74967540606,56134.28636686582,-392.9058410034933
2022-08-11,1114.0,59900.0,59873.82910208473,79076.36378374457,56184.55822834295,-393.25150136532636
2022-08-12,1115.0,60200.0,59820.40212492736,79123.97789208307,56234.94564430436,-393.59141904419187
2022-08-15,1116.0,60800.0,59768.58045834482,79171.59200042157,56285.448614750065,-393.91985135712224
2022-08-16,1117.0,61000.0,59718.33224090691,79219.20610876009,56336.06713968006,-394.24445521474087
2022-08-17,1118.0,60400.0,59669.62238917035,79266.82021709859,56386.80121909434,-394.5805444382946
2022-08-18,1119.0,61500.0,59622.414608426436,79314.43432543709,56437.65085299292,-394.895577157634
2022-08-19,1120.0,60900.0,59576.67447843799,79362.0484337756,56488.616041375775,-395.22209524290855
2022-08-22,1121.0,60000.0,59532.370312917126,79409.6625421141,56539.69678424292,-395.56584137708575
2022-08-23,1122.0,59100.0,59489.47419493436,79457.27665045261,56590.89308159435,-395.92681556016566
2022-08-24,1123.0,59000.0,59447.963992302444,79504.89075879112,56642.204933430075,-396.2897039709014
2022-08-25,1124.0,59700.0,59407.82316136599,79552.50486712961,56693.63233975008,-396.6391927880462
2022-08-26,1125.0,60000.0,59369.039519138314,79600.11897546813,56745.17530055438,-396.9829389222234
2022-08-29,1126.0,58600.0,59331.60394359565,79647.73308380664,56796.83381584298,-397.35348424358256
2022-08-30,1127.0,58800.0,59295.50990574172,79695.34719214513,56848.60788561586,-397.72020110963
2022-08-31,1128.0,59700.0,59260.75340938141,79742.96130048364,56900.497509873014,-398.0696899267748
2022-09-01,1129.0,58400.0,59227.33175287621,79790.57540882214,56952.50268861446,-398.4440637034457
2022-09-02,1130.0,57500.0,59195.243945631795,79838.18951716064,57004.6234218402,-398.83566552901925
2022-09-05,1131.0,57100.0,59164.490662361815,79885.80362549916,57056.85970955023,-399.23492426521625
2022-09-06,1132.0,57100.0,59135.073436681654,79933.41773383766,57109.211551744556,-399.63418300141325
2022-09-07,1133.0,56000.0,59106.99509346946,79981.03184217616,57161.678948423156,-400.05449824182466
2022-09-08,1134.0,55600.0,59080.26046103444,80028.64595051468,57214.26189958605,-400.4824703928595
2022-09-09,1135.0,56100.0,59054.876815528245,80076.26005885318,57266.96040523322,-400.9008714056151
2022-09-12,1136.0,57600.0,59030.85415329753,80123.87416719168,57319.77446536469,-401.2905590035328
2022-09-13,1137.0,58100.0,59008.20403627973,80171.4882755302,57372.70407998044,-401.6706754631712
2022-09-14,1138.0,56800.0,58986.93673981766,80219.10238386868,57425.74924908048,-402.07567688233576
2022-09-15,1139.0,56000.0,58967.058080212715,80266.7164922072,57478.90997266483,-402.49599212274717
2022-09-16,1140.0,56200.0,58948.568528262236,80314.3306005457,57532.186250733444,-402.9124789078469
2022-09-19,1141.0,56400.0,58931.464602504166,80361.9447088842,57585.57808328635,-403.32513723763486
2022-09-20,1142.0,55800.0,58915.741323226284,80409.55881722271,57639.085470323545,-403.74928093335797
2022-09-21,1143.0,55300.0,58901.391096526626,80457.17292556122,57692.70841184503,-404.18299576736035
2022-09-22,1144.0,54400.0,58888.404241215096,80504.78703389972,57746.4469078508,-404.63393865026546
2022-09-23,1145.0,54500.0,58876.7705099304,80552.40114223823,57800.30095834087,-405.08296730551467
2022-09-26,1146.0,53900.0,58866.47870744038,80600.01525057673,57854.270563315215,-405.543481326699
2022-09-27,1147.0,54200.0,58857.515648852226,80647.62935891523,57908.35572277385,-405.9982526649158
2022-09-28,1148.0,52900.0,58849.86560236087,80695.24346725375,57962.55643671677,-406.4779089626587
2022-09-29,1149.0,52600.0,58843.50975356052,80742.85757559225,58016.87270514398,-406.9633079433692
2022-09-30,1150.0,53100.0,58838.425378828026,80790.47168393075,58071.30452805548,-407.43913578580043
2022-10-03,1151.0,54675.0,58834.58615214919,80838.08579226927,58125.851905451265,-407.8848145426519
2022-10-04,1152.0,55200.0,58831.96290534725,80885.69990060775,58180.51483733136,-408.3204436043101
2022-10-05,1153.0,56000.0,58830.523882125235,80933.31400894627,58235.29332369572,-408.74075884472154
2022-10-06,1154.0,56300.0,58830.235070349285,80980.92811728477,58290.18736454437,-409.15533140216536
2022-10-07,1155.0,56200.0,58831.060002202415,81028.54222562327,58345.19695987731,-409.5718181872651
2022-10-10,1156.0,55600.0,58832.960524577975,81076.15633396179,58400.322109694534,-409.99979033829993
2022-10-11,1157.0,55400.0,58835.89680710866,81123.77044230029,58455.562813996046,-410.4315909446465
2022-10-12,1158.0,55800.0,58839.82700511921,81171.38455063879,58510.919072781864,-410.8557346403696
2022-10-13,1159.0,55200.0,58844.70722219016,81218.9986589773,58566.39088605196,-411.2913637020278
2022-10-14,1160.0,56300.0,58850.49202645974,81266.6127673158,58621.97825380633,-411.7059362594716
2022-10-17,1161.0,56600.0,58857.13497450886,81314.2268756543,58677.681176045,-412.1147661339479
2022-10-18,1162.0,56500.0,58864.5896575109,81361.84098399282,58733.499652767954,-412.52551023608004
2022-10-19,1163.0,55800.0,58872.81167793506,81409.4550923313,58789.4336839752,-412.94965393180314
2022-10-20,1164.0,55500.0,58881.75884991381,81457.06920066982,58845.48326966673,-413.37954031049384
2022-10-21,1165.0,55900.0,58891.391480605045,81504.68330900834,58901.648409842564,-413.8017697785611
2022-10-24,1166.0,57500.0,58901.6729201096,81552.29741734682,58957.92910450267,-414.19337160413465
2022-10-25,1167.0,57700.0,58912.57004380282,81599.91152568534,59014.325353647066,-414.5811449743965
2022-10-26,1168.0,59400.0,58924.05370271827,81647.52563402384,59070.837157275746,-414.93637647450885
2022-10-27,1169.0,59500.0,58936.098926420054,81695.13974236234,59127.464515388725,-415.2896937469653
2022-10-28,1170.0,57300.0,58948.68605924961,81742.75385070086,59184.20742798598,-415.68512402785063
2022-10-31,1171.0,59400.0,58961.802170094554,81790.36795903936,59241.06589506754,-416.04035552796296
2022-11-01,1172.0,60000.0,58975.441832920296,81837.98206737786,59298.03991663338,-416.38410166214015
2022-11-02,1173.0,59600.0,58989.60483197644,81885.59617571638,59355.1294926835,-416.7355047069408
2022-11-03,1174.0,59200.0,59004.29577271901,81933.21028405488,59412.33462321792,-417.0945646623648
2022-11-04,1175.0,59400.0,59019.52437599747,81980.82439239338,59469.655308236615,-417.4497961624771
2022-11-07,1176.0,60200.0,59035.306990489524,82028.43850073189,59527.091547739605,-417.78971384134263
2022-11-08,1177.0,61800.0,59051.66587070684,82076.05260907038,59584.64334172688,-418.09900387771444
2022-11-09,1178.0,62000.0,59068.62672221963,82123.6667174089,59642.31069019846,-418.40446545877455
2022-11-10,1179.0,60400.0,59086.21785919046,82171.2808257474,59700.093593154306,-418.7405546823283
2022-11-11,1180.0,62900.0,59104.46887019802,82218.8949340859,59757.99205059445,-419.0287882144857
2022-11-14,1181.0,61900.0,59123.41064166218,82266.50904242441,59816.00606251888,-419.33616402320166
2022-11-15,1182.0,62400.0,59143.076081699764,82314.12315076291,59874.135628927594,-419.63396869363834
2022-11-16,1183.0,62700.0,59163.499940784364,82361.73725910141,59932.38074982059,-419.9260306811075
2022-11-17,1184.0,61400.0,59184.71919355489,82409.35136743993,59990.741425197906,-420.2429776281027
2022-11-18,1185.0,61800.0,59206.77099445514,82456.96547577843,60049.21765505949,-420.5522676644745
2022-11-21,1186.0,61400.0,59229.68990009138,82504.57958411693,60107.809439405355,-420.8692146114698
2022-11-22,1187.0,60600.0,59253.50850959525,82552.19369245545,60166.51677823551,-421.20147537971184
2022-11-23,1188.0,61000.0,59278.25818267119,82599.80780079395,60225.339671549955,-421.52607923733046
2022-11-24,1189.0,61400.0,59303.96835873226,82647.42190913245,60284.27811934869,-421.8430261843257
2022-11-25,1190.0,61000.0,59330.66504480944,82695.03601747096,60343.332121631705,-422.16763004194434
2022-11-28,1191.0,60100.0,59358.37110388762,82742.65012580945,60402.50167839903,-422.5094619484657
2022-11-29,1192.0,60600.0,59387.10564720444,82790.26423414797,60461.78678965063,-422.84172271670775
2022-11-30,1193.0,62200.0,59416.8835586795,82837.87834248647,60521.18745538651,-423.1433558424561
2022-12-01,1194.0,62600.0,59447.71403851289,82885.49245082497,60580.70367560668,-423.4373320575811
2022-12-02,1195.0,60400.0,59479.59882175457,82933.10655916348,60640.33545031115,-423.77342128113486
2022-12-05,1196.0,60300.0,59512.531244817794,82980.72066750198,60700.08277949989,-424.1114247323445
2022-12-06,1197.0,59200.0,59546.49942428151,83028.33477584049,60759.94566317295,-424.47048468776853
2022-12-07,1198.0,58900.0,59581.48796156294,83075.948884179,60819.92410133027,-424.83528732616014
2022-12-08,1199.0,59200.0,59617.47617087742,83123.5629925175,60880.018093971885,-425.19434728158416
2022-12-09,1200.0,60400.0,59654.43811235987,83171.177100856,60940.22764109779,-425.5304365051379
2022-12-12,1201.0,59500.0,59692.34444847126,83218.79120919452,61000.55274270797,-425.8837537775944
2022-12-13,1202.0,59700.0,59731.16309592774,83266.405317533,61060.99339880245,-426.2332425947392
2022-12-14,1203.0,60500.0,59770.859521591236,83314.01942587152,61121.54960938122,-426.5674175906371
2022-12-15,1204.0,59300.0,59811.397280097815,83361.63353421004,61182.221374444285,-426.92456331840526
2022-12-16,1205.0,59500.0,59852.737935392965,83409.24764254852,61243.00869399163,-427.27788059086174
2022-12-19,1206.0,59500.0,59894.84119875153,83456.86175088704,61303.91156802326,-427.6311978633182
2022-12-20,1207.0,58600.0,59937.66504590378,83504.47585922554,61364.92999653918,-428.00174318467737
2022-12-21,1208.0,58000.0,59981.16633356998,83552.08996756404,61426.06397953938,-428.38377387197164
2022-12-22,1209.0,59100.0,60025.30093749345,83599.70407590255,61487.313517023875,-428.74474805505156
2022-12-23,1210.0,58100.0,60070.023172485475,83647.31818424106,61548.678608992675,-429.12486451469
2022-12-26,1211.0,57900.0,60115.285707374824,83694.93229257956,61610.15925544574,-429.50880942964017
2022-12-27,1212.0,58100.0,60161.04010441091,83742.54640091807,61671.7554563831,-429.8889258892786
2022-12-28,1213.0,56600.0,60207.23714357675,83790.16050925657,61733.467211804746,-430.2977557637549
2022-12-29,1214.0,55300.0,60253.82683798306,83837.77461759507,61795.294521710675,-430.73147059775727
2022-12-30,1215.0,55350.0,60300.75805593452,83885.38872593359,61857.2373861009,-431.1642283179317
2023-01-02,1216.0,55500.0,60347.981052708266,83933.00283427208,61919.29580497541,-431.5941146966224
2023-01-03,1217.0,55400.0,60395.45045400487,83980.61694261059,61981.46977833423,-432.02591530296894
2023-01-04,1218.0,57800.0,60443.12644418735,84028.2310509491,62043.75930617731,-432.41177444557496
2023-01-05,1219.0,58200.0,60490.974883635514,84075.8451592876,62106.16438850468,-432.78997667755755
2023-01-06,1220.0,59000.0,60538.96695436874,84123.45926762611,62168.68502531634,-433.1528650882933
2023-01-09,1221.0,60700.0,60587.080311292186,84171.07337596461,62231.3212166123,-433.48321162887953
2023-01-10,1222.0,60400.0,60635.29965529644,84218.68748430311,62294.072962392536,-433.8193008524333
2023-01-11,1223.0,60500.0,60683.61590760023,84266.30159264163,62356.94026265708,-434.1534758483312
2023-01-12,1224.0,60500.0,60732.02505335814,84313.91570098013,62419.923117405895,-434.4876508442291
2023-01-13,1225.0,60800.0,60780.52769793322,84361.52980931863,62483.02152663899,-434.8160831571595
2023-01-16,1226.0,61100.0,60829.12966955044,84409.14391765714,62546.23549035638,-435.13877278712226
2023-01-17,1227.0,61000.0,60877.84242452869,84456.75802599564,62609.565008558064,-435.4633766447409
2023-01-18,1228.0,60400.0,60926.68173198187,84504.37213433415,62673.01008124403,-435.79946586829465
2023-01-19,1229.0,61500.0,60975.667687136774,84551.98624267266,62736.570708414285,-436.11449858763405
2023-01-20,1230.0,61800.0,61024.82542559386,84599.60035101115,62800.24689006884,-436.42378862400585
2023-01-23,1231.0,62760.0,61074.18381063534,84647.21445934966,62864.03862620767,-436.7147020748815
2023-01-24,1232.0,63080.0,61123.77428721031,84694.82856768816,62927.945916830795,-436.99948999725837
2023-01-25,1233.0,63400.0,61173.629876508305,84742.44267602667,62991.9687619382,-437.2781523911365
2023-01-26,1234.0,63900.0,61223.78498204555,84790.05678436518,63056.10716152989,-437.54724364673535
2023-01-27,1235.0,64600.0,61274.27418845285,84837.67089270368,63120.361115605876,-437.8029353087432
2023-01-30,1236.0,63300.0,61325.13140154362,84885.28500104218,63184.730624166164,-438.0835119302772
2023-01-31,1237.0,61000.0,61376.39033406085,84932.8991093807,63249.21568721072,-438.40811578789584
2023-02-01,1238.0,61800.0,61428.08628403613,84980.5132177192,63313.81630473957,-438.71740582426764
2023-02-02,1239.0,63500.0,61480.25731843085,85028.1273260577,63378.532476752705,-438.9941539904899
2023-02-03,1240.0,63800.0,61532.942690621836,85075.74143439622,63443.36420325013,-439.26515947374463
2023-02-06,1241.0,61600.0,61586.18198680957,85123.3555427347,63508.31148423184,-439.57827796542813
2023-02-07,1242.0,61900.0,61640.015566201335,85170.96965107322,63573.37431969784,-439.8856537741441
2023-02-08,1243.0,63100.0,61694.48555865994,85218.58375941173,63638.552709648146,-440.1700588509898
2023-02-09,1244.0,63000.0,61749.63554517551,85266.19786775022,63703.84665408272,-440.45637815549134
2023-02-10,1245.0,62800.0,61805.509703685566,85313.81197608873,63769.25615300158,-440.7465259153046
2023-02-13,1246.0,62900.0,61862.151956591464,85361.42608442724,63834.78120640473,-441.03475944746197
2023-02-14,1247.0,63200.0,61919.60567670569,85409.04019276574,63900.421814292175,-441.3172502966518
2023-02-15,1248.0,62200.0,61977.9134647956,85456.65430110425,63966.1779766639,-441.6188834224002
2023-02-16,1249.0,63700.0,62037.11680076721,85504.26840944275,64032.04969351992,-441.89180313331076
2023-02-17,1250.0,62600.0,62097.25488580834,85551.88251778125,64098.036964860235,-442.18577934843574
2023-02-20,1251.0,62700.0,62158.36310870097,85599.49662611977,64164.13979068483,-442.4778413359049
2023-02-21,1252.0,62100.0,62220.47146093729,85647.11073445827,64230.35817099371,-442.78138868930915
2023-02-22,1253.0,61100.0,62283.60479317669,85694.72484279677,64296.692105786875,-443.10407831927193
2023-02-23,1254.0,62000.0,62347.78503033887,85742.33895113529,64363.141595064335,-443.40953990033205
2023-02-24,1255.0,61300.0,62413.03252855741,85789.95305947377,64429.70663882608,-443.72840107498314
2023-02-27,1256.0,60500.0,62479.366373108096,85837.56716781229,64496.38723707213,-444.06257607088105
2023-02-28,1257.0,60600.0,62546.804861853285,85885.1812761508,64563.18338980245,-444.3948368391231
2023-03-01,1258.0,60700.0,62615.36475165805,85932.79538448929,64630.09509701706,-444.72518337970934
2023-03-02,1259.0,60800.0,62685.05984606485,85980.4094928278,64697.122358715955,-445.0536156926397
2023-03-03,1260.0,60500.0,62755.90013319578,86028.02360116631,64764.265174899134,-445.3877906885376
2023-03-06,1261.0,61500.0,62827.890346215834,86075.63770950481,64831.52354556661,-445.702823407877
2023-03-07,1262.0,60700.0,62901.02969419577,86123.25181784332,64898.897470718366,-446.03316994846324
2023-03-08,1263.0,60300.0,62975.311797893904,86170.86592618182,64966.386950354434,-446.3711733996729
2023-03-09,1264.0,60100.0,63050.7239968855,86218.48003452033,65033.99198447477,-446.71300530619425
2023-03-10,1265.0,59500.0,63127.24662016681,86266.09414285884,65101.7125730794,-447.0663225786507
2023-03-13,1266.0,60000.0,63204.8537478501,86313.70825119734,65169.54871616831,-447.4100687128279
2023-03-14,1267.0,59000.0,63283.512632347185,86361.32235953584,65237.50041374151,-447.7729571235637
2023-03-15,1268.0,59800.0,63363.1843083801,86408.93646787436,65305.567665799,-448.12053171305257
2023-03-16,1269.0,59900.0,63443.825312252215,86456.55057621285,65373.75047234079,-448.4661920748856
2023-03-17,1270.0,61300.0,63525.38819576035,86504.16468455136,65442.04883336686,-448.7850532495367
2023-03-20,1271.0,60200.0,63607.820173025255,86551.77879288986,65510.46274887721,-449.1249709284022
2023-03-21,1272.0,60300.0,63691.060919166746,86599.39290122836,65578.99221887185,-449.46297437961186
2023-03-22,1273.0,61100.0,63775.04449222777,86647.00700956688,65647.63724335078,-449.78566400957465
2023-03-23,1274.0,62300.0,63859.70034088113,86694.62111790538,65716.397822314,-450.08538290766717
2023-03-24,1275.0,63000.0,63944.954066285114,86742.23522624388,65785.2739557615,-450.3717022121687
2023-03-27,1276.0,62100.0,64030.726501156365,86789.8493345824,65854.26564369332,-450.675249565573
2023-03-28,1277.0,62900.0,64116.93364912295,86837.4634429209,65923.3728861094,-450.9634830977304
2023-03-29,1278.0,62700.0,64203.488078336624,86885.0775512594,65992.59568300977,-451.2555450851995
2023-03-30,1279.0,63200.0,64290.30057199796,86932.69165959791,66061.93403439442,-451.53803593438937
2023-03-31,1280.0,64000.0,64377.28078547192,86980.3057679364,66131.38794026338,-451.80521296233235
2023-04-03,1281.0,63100.0,64464.336923107796,87027.91987627491,66200.95740061661,-452.08961803917805
2023-04-04,1282.0,63600.0,64551.377058022015,87075.53398461343,66270.64241545415,-452.36445197774447
2023-04-05,1283.0,63900.0,64638.310091937055,87123.14809295192,66340.44298477595,-452.63354323334335
2023-04-06,1284.0,62300.0,64725.04660421235,87170.76220129043,66410.35910858205,-452.93326213143587
2023-04-07,1285.0,65000.0,64811.49991677172,87218.37630962893,66480.39078687243,-453.18129688282033
2023-04-10,1286.0,65700.0,64897.5868886269,87265.99041796743,66550.53801964711,-453.4159320406138
2023-04-11,1287.0,65900.0,64983.22728615476,87313.60452630595,66620.80080690607,-453.64673874309557
2023-04-12,1288.0,66000.0,65068.34335802698,87361.21863464445,66691.17914864932,-453.87563121792147
2023-04-13,1289.0,66100.0,65152.859677080414,87408.83274298295,66761.67304487688,-454.1026094650915
2023-04-14,1290.0,65100.0,65236.70385468819,87456.44685132147,66832.2824955887,-454.34872998882014
2023-04-17,1291.0,65300.0,65319.80808924789,87504.06095965997,66903.00750078482,-454.591022057237
2023-04-18,1292.0,65600.0,65402.11274803524,87551.67506799847,66973.84806046521,-454.82757144268635
2023-04-19,1293.0,65500.0,65483.56640041851,87599.28917633698,67044.80417462991,-455.06603505579153
2023-04-20,1294.0,65300.0,65564.12526251709,87646.90328467547,67115.87584327889,-455.3083271242084
2023-04-21,1295.0,65700.0,65643.7535802997,87694.51739301399,67187.06306641217,-455.5429622820019
2023-04-24,1296.0,65200.0,65722.42412082592,87742.1315013525,67258.36584402973,-455.7871685780746
2023-04-25,1297.0,63600.0,65800.11694553203,87789.74560969099,67329.78417613156,-456.06200251664103
2023-04-26,1298.0,64100.0,65876.81927005234,87837.3597180295,67401.31806271769,-456.32726531692816
2023-04-27,1299.0,64600.0,65952.52443200858,87884.973826368,67472.96750378811,-456.582956978936
2023-04-28,1300.0,65500.0,66027.2316900659,87932.5879347065,67544.73249934282,-456.8214205920412
2023-05-01,1301.0,65650.0,66100.94726802615,87980.20204304502,67616.61304938182,-457.0570128636626
2023-05-02,1302.0,65700.0,66173.6847794759,88027.81615138352,67688.60915390511,-457.29164802145607
2023-05-03,1303.0,65400.0,66245.46236495604,88075.43025972202,67760.7208129127,-457.5320258622171
2023-05-04,1304.0,65100.0,66316.30186526106,88123.04436806054,67832.94802640454,-457.7781463859457
2023-05-05,1305.0,65300.0,66386.22907484743,88170.65847639904,67905.2907943807,-458.0204384543626
2023-05-08,1306.0,65900.0,66455.27240351077,88218.27258473754,67977.74911684114,-458.25124515684433
2023-05-09,1307.0,65300.0,66523.46279485527,88265.88669307606,68050.32299378586,-458.4935372252612
2023-05-10,1308.0,64600.0,66590.83393303113,88313.50080141454,68123.01242521488,-458.74922888726906
2023-05-11,1309.0,64200.0,66657.42083777476,88361.11490975306,68195.81741112818,-459.01257745990034
2023-05-12,1310.0,64100.0,66723.25919036461,88408.72901809156,68268.73795152576,-459.2778402601875
2023-05-15,1311.0,64500.0,66788.38597162082,88456.34312643006,68341.77404640765,-459.5354461498512
2023-05-16,1312.0,65400.0,66852.83858571817,88503.95723476858,68414.92569577381,-459.77582399061225
2023-05-17,1313.0,65000.0,66916.65401428552,88551.57134310708,68488.19289962426,-460.0238587419967
2023-05-18,1314.0,66200.0,66979.86820199073,88599.18545144558,68561.575657959,-460.2489227615109
2023-05-19,1315.0,68400.0,67042.51432313456,88646.79955978409,68635.07397077804,-460.4318737725963
2023-05-22,1316.0,68500.0,67104.62077374516,88694.4136681226,68708.68783808136,-460.61291055602584
2023-05-23,1317.0,68400.0,67166.2099166006,88742.0277764611,68782.41725986896,-460.7958615671112
2023-05-24,1318.0,68500.0,67227.29751681336,88789.64188479961,68856.26223614086,-460.97689835054075
2023-05-25,1319.0,68800.0,67287.89277436332,88837.25599313811,68930.22276689703,-461.1521924510027
2023-05-26,1320.0,70300.0,67348.00010057596,88884.87010147661,69004.2988521375,-461.29877313662683
2023-05-29,1321.0,71800.0,67407.61987947824,88932.48420981513,69078.49049186228,-461.4166404074131
2023-05-30,1322.0,72300.0,67466.7483409993,88980.09831815361,69152.79768607132,-461.52493653992013
2023-05-31,1323.0,71400.0,67525.37865199913,89027.71242649213,69227.22043476465,-461.65046072132986
2023-06-01,1324.0,70900.0,67583.50229683453,89075.32653483063,69301.75873794228,-461.7855560410189
2023-06-02,1325.0,72200.0,67641.10994074198,89122.94064316913,69376.41259560418,-461.8957664011818
2023-06-05,1326.0,71700.0,67698.19033088344,89170.55475150765,69451.18200775038,-462.0155478996239
2023-06-06,1327.0,71350.0,67754.7293916943,89218.16885984615,69526.06697438085,-462.14202919486155
2023-06-07,1328.0,71000.0,67810.7100009469,89265.78296818465,69601.06749549565,-462.2752102868947
2023-06-08,1329.0,70900.0,67866.11163216027,89313.39707652316,69676.1835710947,-462.41030560658373
2023-06-09,1330.0,72000.0,67920.9094421153,89361.01118486167,69751.41520117805,-462.52434442205833
2023-06-12,1331.0,71000.0,67975.07455490452,89408.62529320017,69826.7623857457,-462.6575255140915
2023-06-13,1332.0,72000.0,68028.5746836213,89456.23940153868,69902.22512479762,-462.7715643295661
2023-06-14,1333.0,71900.0,68081.37528968396,89503.85350987717,69977.80341833383,-462.88751737269655
2023-06-15,1334.0,71500.0,68133.44031734593,89551.46761821568,70053.49726635434,-463.01112732645043
2023-06-16,1335.0,71800.0,68184.73384975032,89599.0817265542,70129.30666885914,-463.1289945972367
2023-06-19,1336.0,71200.0,68235.22210872383,89646.69583489269,70205.23162584822,-463.25834723395815
2023-06-20,1337.0,71400.0,68284.8746517037,89694.3099432312,70281.27213732158,-463.3838714153679
2023-06-21,1338.0,70500.0,68333.66437229194,89741.9240515697,70357.42820327924,-463.5266236456803
2023-06-22,1339.0,71300.0,68381.56509657422,89789.5381599082,70433.69982372117,-463.65406205474585
2023-06-23,1340.0,71600.0,68428.5512388648,89837.15226824672,70510.0869986474,-463.7757577808439
2023-06-26,1341.0,72400.0,68474.59986070204,89884.76637658522,70586.58972805794,-463.88213968569505
2023-06-27,1342.0,72600.0,68519.69119210352,89932.38048492372,70663.20801195274,-463.9846931352345
2023-06-28,1343.0,72700.0,68563.80654453518,89979.99459326224,70739.94185033183,-464.08533235711815
2023-06-29,1344.0,72400.0,68606.92885404667,90027.60870160074,70816.79124319521,-464.1917142619693
2023-06-30,1345.0,72200.0,68649.04539508447,90075.22280993924,70893.75619054289,-464.3019246221322
2023-07-03,1346.0,73000.0,68690.14858627226,90122.83691827775,70970.83669237484,-464.39682116104825
2023-07-04,1347.0,73000.0,68730.23542142581,90170.45102661624,71048.03274869111,-464.4917176999643
2023-07-05,1348.0,72000.0,68769.30741995016,90218.06513495476,71125.34435949165,-464.6057565154389
2023-07-06,1349.0,71600.0,68807.37065718745,90265.67924329326,71202.77152477646,-464.7274522415369
2023-07-07,1350.0,69900.0,68844.43503003562,90313.29335163176,71280.31424454557,-464.88168983778445
2023-07-10,1351.0,69500.0,68880.5148028347,90360.90745997027,71357.97251879897,-465.0435843446554
2023-07-11,1352.0,71500.0,68915.62740846028,90408.52156830877,71435.74634753665,-465.1671942984093
2023-07-12,1353.0,71900.0,68949.793035929,90456.13567664727,71513.63573075863,-465.28314734153975
2023-07-13,1354.0,71900.0,68983.03464735302,90503.74978498579,71591.64066846491,-465.3991003846702
2023-07-14,1355.0,73400.0,69015.37704413458,90551.36389332429,71669.76116065546,-465.48634001296284
2023-07-17,1356.0,73300.0,69046.8468640974,90598.97800166279,71747.99720733029,-465.57549386891134
2023-07-18,1357.0,72000.0,69077.47101589339,90646.59211000131,71826.34880848942,-465.68953268438594
2023-07-19,1358.0,71700.0,69107.27576077839,90694.20621833981,71904.81596413284,-465.8093141828281
2023-07-20,1359.0,71000.0,69136.28554916437,90741.82032667831,71983.39867426053,-465.94249527486124
2023-07-21,1360.0,70300.0,69164.52326447316,90789.43443501682,72062.09693887255,-466.0890759604854
2023-07-24,1361.0,70400.0,69192.0105417753,90837.04854335531,72140.91075796883,-466.2337424184537
2023-07-25,1362.0,70000.0,69218.76890007804,90884.66265169383,72219.8401315494,-466.38606578704537
2023-07-26,1363.0,69800.0,69244.82078643847,90932.27676003233,72298.88505961424,-466.5422176109488
2023-07-27,1364.0,71700.0,69270.18931723463,90979.89086837083,72378.04554216338,-466.66199910939093
2023-07-28,1365.0,70600.0,69294.89714028574,91027.50497670934,72457.32157919681,-466.8028371120475
2023-07-31,1366.0,69800.0,69318.9658718823,91075.11908504785,72536.71317071453,-466.9589889359509
2023-08-01,1367.0,71100.0,69342.41604076399,91122.73319338635,72616.22031671656,-467.0902558003282
2023-08-02,1368.0,69900.0,69365.26688638779,91170.34730172486,72695.84301720286,-467.2444933965757
2023-08-03,1369.0,68800.0,69387.53661005558,91217.96141006336,72775.58127217344,-467.41978749703765
2023-08-04,1370.0,68300.0,69409.24359418158,91265.57551840186,72855.43508162831,-467.60465273577887
2023-08-07,1371.0,68500.0,69430.40700948979,91313.18962674038,72935.40444556747,-467.7856895192084
2023-08-08,1372.0,67600.0,69451.04749799764,91360.80373507887,73015.48936399091,-467.9839543515406
2023-08-09,1373.0,68900.0,69471.1867685898,91408.41784341738,73095.68983689867,-468.1573342243467
2023-08-10,1374.0,68000.0,69490.84733871478,91456.0319517559,73176.0058642907,-468.3479421460555
2023-08-11,1375.0,67500.0,69510.05242446627,91503.64606009438,73256.437446167,-468.54812120604356
2023-08-14,1376.0,67300.0,69528.82653944894,91551.2601684329,73336.9845825276,-468.75212872134335
2023-08-15,1377.0,67150.0,69547.19582327796,91598.87427677141,73417.64727337248,-468.95900757812694
2023-08-16,1378.0,67000.0,69565.18720662557,91646.4883851099,73498.42551870167,-469.1687577763943
2023-08-17,1379.0,66700.0,69582.82864022265,91694.10249344842,73579.31931851513,-469.3842506576292
2023-08-18,1380.0,66300.0,69600.14950278713,91741.7166017869,73660.3286728129,-469.6074004494875
2023-08-21,1381.0,66600.0,69617.1810637304,91789.33071012542,73741.45358159493,-469.82480755837827
2023-08-22,1382.0,66600.0,69633.95703724302,91836.94481846393,73822.69404486126,-470.04221466726904
2023-08-23,1383.0,67100.0,69650.51257801052,91884.55892680242,73904.05006261187,-470.2500506378805
2023-08-24,1384.0,68200.0,69666.8830787773,91932.17303514094,73985.52163484678,-470.4368301042776
2023-08-25,1385.0,67100.0,69683.10279510611,91979.78714347945,74067.10876156598,-470.6446660748891
2023-08-28,1386.0,66800.0,69699.2034450656,92027.40125181794,74148.81144276947,-470.85824472846815
2023-08-29,1387.0,66800.0,69715.21661167021,92075.01536015645,74230.62967845723,-471.0718233820472
2023-08-30,1388.0,67100.0,69731.17583915679,92122.62946849497,74312.56346862929,-471.2796593526587
2023-08-31,1389.0,66900.0,69747.11585809855,92170.24357683345,74394.61281328564,-471.4913237785819
2023-09-01,1390.0,71000.0,69763.07147627989,92217.85768517197,74476.77771242626,-471.62450487061506
2023-09-04,1391.0,71200.0,69779.07872989595,92265.47179351049,74559.0581660512,-471.7538575073365
2023-09-05,1392.0,70700.0,69795.17623421663,92313.08590184897,74641.45417416039,-471.8927812823372
2023-09-06,1393.0,70000.0,69811.40574493574,92360.70001018749,74723.96573675392,-472.04510465092886
2023-09-07,1394.0,70400.0,69827.81218855116,92408.31411852597,74806.5928538317,-472.18977110889716
2023-09-08,1395.0,70300.0,69844.4424274843,92455.92822686449,74889.33552539376,-472.3363517945213
2023-09-11,1396.0,70800.0,69861.34449588567,92503.542335203,74972.19375144012,-472.47336134186617
2023-09-12,1397.0,70500.0,69878.56718326978,92551.15644354149,75055.16753197077,-472.61611357217856
2023-09-13,1398.0,70900.0,69896.15971755913,92598.77055188,75138.25686698571,-472.7512088918676
2023-09-14,1399.0,71700.0,69914.16964688731,92646.38466021852,75221.46175648493,-472.8709903903097
2023-09-15,1400.0,72000.0,69932.64101722385,92693.99876855701,75304.78220046847,-472.9850292057843
2023-09-18,1401.0,70200.0,69951.61540116442,92741.61287689552,75388.21819893627,-473.1335241190643
2023-09-19,1402.0,69800.0,69971.13396455556,92789.22698523404,75471.76975188835,-473.28967594296773
2023-09-20,1403.0,69600.0,69991.23732928874,92836.84109357253,75555.43685932473,-473.44965622218285
2023-09-21,1404.0,68900.0,70011.96542894049,92884.45520191104,75639.2195212454,-473.62303609498895
2023-09-22,1405.0,68800.0,70033.35721459048,92932.06931024956,75723.11773765035,-473.7983301954509
2023-09-25,1406.0,69400.0,70055.44938629262,92979.68341858804,75807.1315085396,-473.9621389299777
2023-09-26,1407.0,68600.0,70078.27643265329,93027.29752692656,75891.26083391314,-474.1412614857514
2023-09-27,1408.0,68400.0,70101.87137813025,93074.91163526505,75975.50571377095,-474.32421249683676
2023-09-28,1409.0,68271.42857142857,70126.26496201963,93122.52574360356,76059.86614811305,-474.50962465776536
2023-09-29,1410.0,68142.85714285714,70151.4830396517,93170.13985194208,76144.34213693945,-474.6974979685372
2023-10-02,1411.0,67757.14285714286,70177.54442727375,93217.75396028056,76228.93368025013,-474.8927547288388
2023-10-03,1412.0,67628.57142857143,70204.46031399102,93265.36806861908,76313.6407780451,-475.0904726389836
2023-10-04,1413.0,67500.0,70232.23514626414,93312.9821769576,76398.46343032438,-475.29065169897166
2023-10-05,1414.0,66700.0,70260.86669257212,93360.59628529608,76483.40163708793,-475.5061445802066
2023-10-06,1415.0,66000.0,70290.34548941975,93408.2103936346,76568.45539833576,-475.7350370550325
2023-10-09,1416.0,66300.0,70320.65623543832,93455.82450197311,76653.62471406788,-475.9581868468908
2023-10-10,1417.0,66400.0,70351.7801083946,93503.4386103116,76738.9095842843,-476.17942241109324
2023-10-11,1418.0,68200.0,70383.69535552188,93551.05271865011,76824.31000898499,-476.3662018774903
2023-10-12,1419.0,68900.0,70416.37737554203,93598.6668269886,76909.82598816999,-476.5395817502964
2023-10-13,1420.0,68000.0,70449.79888876494,93646.28093532712,76995.45752183927,-476.7301896720052
2023-10-16,1421.0,67300.0,70483.93064575197,93693.89504366563,77081.20460999283,-476.934197187305
2023-10-17,1422.0,69400.0,70518.74357777825,93741.50915200412,77167.06725263067,-477.0980059218318
2023-10-18,1423.0,70500.0,70554.2106138813,93789.12326034263,77253.04544975281,-477.2407581521442
2023-10-19,1424.0,69500.0,70590.30537922995,93836.73736868115,77339.13920135924,-477.4026526590152
2023-10-20,1425.0,68800.0,70627.00070038457,93884.35147701963,77425.34850744995,-477.57794675947713
2023-10-23,1426.0,68400.0,70664.26839615293,93931.96558535815,77511.67336802497,-477.7608977705625
2023-10-24,1427.0,68500.0,70702.08048746116,93979.57969369667,77598.11378308426,-477.94193455399204
2023-10-25,1428.0,68000.0,70740.40909803857,94027.19380203515,77684.66975262784,-478.13254247570086
2023-10-26,1429.0,66700.0,70779.22698278012,94074.80791037367,77771.3412766557,-478.3480353569358
2023-10-27,1430.0,67300.0,70818.50822825395,94122.42201871218,77858.12835516786,-478.5520428722356
2023-10-30,1431.0,67300.0,70858.22827498075,94170.03612705067,77945.0309881643,-478.75605038753537
2023-10-31,1432.0,66900.0,70898.36288080434,94217.65023538918,78032.04917564505,-478.96771481345854
2023-11-01,1433.0,68600.0,70938.8879480876,94265.26434372767,78119.18291761007,-479.14683736923223
2023-11-02,1434.0,69700.0,70979.78079057617,94312.87845206619,78206.43221405937,-479.3049034207915
2023-11-03,1435.0,69600.0,71021.02369573637,94360.4925604047,78293.79706499298,-479.4648837000066
2023-11-06,1436.0,70900.0,71062.60573195323,94408.10666874319,78381.27747041086,-479.59997901969564
2023-11-07,1437.0,70900.0,71104.52188019466,94455.7207770817,78468.87343031302,-479.73507433938465
2023-11-08,1438.0,69900.0,71146.77144997906,94503.33488542022,78556.58494469948,-479.8893119356322
2023-11-09,1439.0,70300.0,71189.35836444805,94550.9489937587,78644.41201357025,-480.0358926212563
2023-11-10,1440.0,70500.0,71232.29054775157,94598.56310209722,78732.35463692529,-480.1786448515687
2023-11-13,1441.0,70400.0,71275.58009128456,94646.17721043574,78820.41281476461,-480.323311309537
2023-11-14,1442.0,70800.0,71319.24328861618,94693.79131877422,78908.58654708821,-480.4603208568819
2023-11-15,1443.0,72200.0,71363.30012363342,94741.40542711274,78996.87583389612,-480.5705312170448
2023-11-16,1444.0,72800.0,71407.77315446505,94789.01953545125,79085.2806751883,-480.66925621127257
2023-11-17,1445.0,72500.0,71452.68678809454,94836.63364378974,79173.8010709648,-480.7737238884679
2023-11-20,1446.0,72700.0,71498.06623337361,94884.24775212826,79262.43702122556,-480.8743631103515
2023-11-21,1447.0,72800.0,71543.93738259177,94931.86186046674,79351.18852597062,-480.9730881045793
2023-11-22,1448.0,72800.0,71590.32679531546,94979.47596880526,79440.05558519995,-481.07181309880707
2023-11-23,1449.0,72400.0,71637.2616366806,95027.09007714377,79529.03819891358,-481.17819500365823
2023-11-24,1450.0,71700.0,71684.76916543746,95074.70418548226,79618.1363671115,-481.29797650210037
2023-11-27,1451.0,71300.0,71732.87607802766,95122.31829382078,79707.35008979369,-481.42541491116594
2023-11-28,1452.0,72700.0,71781.60718383714,95169.93240215929,79796.6793669602,-481.52605413304957
2023-11-29,1453.0,72700.0,71830.98454950277,95217.54651049778,79886.12419861098,-481.6266933549332
2023-11-30,1454.0,72800.0,71881.02726790101,95265.1606188363,79975.68458474605,-481.725418349161
2023-12-01,1455.0,72000.0,71931.75121339638,95312.77472717481,80065.36052536541,-481.8394571646356
2023-12-04,1456.0,72600.0,71983.16956041755,95360.3888355133,80155.15202046905,-481.94201061417505
2023-12-05,1457.0,71200.0,72035.29186961384,95408.00294385181,80245.05907005699,-482.07136325089647
2023-12-06,1458.0,71700.0,72088.12286348848,95455.6170521903,80335.08167412922,-482.1911447493386
2023-12-07,1459.0,71500.0,72141.66299967775,95503.23116052881,80425.21983268573,-482.3147547030925
2023-12-08,1460.0,72600.0,72195.91109787839,95550.84526886733,80515.47354572652,-482.41730815263196
2023-12-11,1461.0,73000.0,72250.86279743741,95598.45937720581,80605.84281325161,-482.512204691548
2023-12-12,1462.0,73500.0,72306.51007708634,95646.07348554433,80696.32763526098,-482.59753009218474
2023-12-13,1463.0,72800.0,72362.8417622713,95693.68759388285,80786.92801175464,-482.6962550864125
2023-12-14,1464.0,73100.0,72419.8443585725,95741.30170222133,80877.6439427326,-482.7892373976727
2023-12-15,1465.0,73300.0,72477.50309803696,95788.91581055985,80968.47542819484,-482.8783912536212
2023-12-18,1466.0,72900.0,72535.8037279482,95836.52991889836,81059.42246814136,-482.9752020201931
2023-12-19,1467.0,73400.0,72594.73261749848,95884.14402723685,81150.48506257217,-483.06244164848573
2023-12-20,1468.0,74800.0,72654.27914132492,95931.75813557536,81241.66321148728,-483.1228820895964
2023-12-21,1469.0,75000.0,72714.43756146003,95979.37224391388,81332.95691488667,-483.1794940753953
2023-12-22,1470.0,75900.0,72775.20556437626,96026.98635225237,81424.36617277034,-483.21887801229155
2023-12-25,1471.0,76425.0,72836.58124991274,96074.60046059088,81515.89098513834,-483.24821225399455
2023-12-26,1472.0,76600.0,72898.5612348974,96122.21456892937,81607.53135199059,-483.2741965972998
2023-12-27,1473.0,78000.0,72961.13948957303,96169.82867726788,81699.28727332712,-483.2733817534231
2023-12-28,1474.0,78500.0,73024.30655456883,96217.4427856064,81791.15874914796,-483.26299577126713
2023-12-29,1475.0,78720.0,73088.05027305032,96265.05689394489,81883.14577945307,-483.24839848826826
2024-01-01,1476.0,79380.0,73152.3549941458,96312.6710022834,81975.24836424248,-483.22116730274075
2024-01-02,1477.0,79600.0,73217.20055066879,96360.28511062192,82067.46650351616,-483.18972481637036
2024-01-03,1478.0,77000.0,73282.56329959302,96407.8992189604,82159.80019727416,-483.2080522490522
2024-01-04,1479.0,76600.0,73348.41561910276,96455.51332729892,82252.24944551644,-483.2340365923574
2024-01-05,1480.0,76600.0,73414.72514661175,96503.12743563743,82344.814248243,-483.2600209356627
2024-01-08,1481.0,76500.0,73481.45441826881,96550.74154397592,82437.49460545383,-483.2879195066238
2024-01-09,1482.0,74700.0,73548.55868730908,96598.35565231444,82530.29051714897,-483.35027417539027
2024-01-10,1483.0,73600.0,73615.9871904353,96645.96976065295,82623.20198332838,-483.43368534837117
2024-01-11,1484.0,73200.0,73683.68399926626,96693.58386899144,82716.22900399212,-483.5247534319755
2024-01-12,1485.0,73100.0,73751.58671626373,96741.19797732995,82809.37157914012,-483.6177357432357
2024-01-15,1486.0,73900.0,73819.62638111628,96788.81208566844,82902.62970877241,-483.69540423324906
2024-01-16,1487.0,72600.0,73887.72742854102,96836.42619400696,82996.00339288898,-483.79795768278854
2024-01-17,1488.0,71000.0,73955.80890156823,96884.04030234547,83089.49263148983,-483.9311387748217
2024-01-18,1489.0,71700.0,74023.78554806414,96931.65441068396,83183.09742457498,-484.05092027326384
2024-01-19,1490.0,74700.0,74091.57047726915,96979.26851902247,83276.81777214442,-484.11327494203033
2024-01-22,1491.0,75100.0,74159.07608407419,97026.88262736099,83370.65367419817,-484.16797270017344
2024-01-23,1492.0,75200.0,74226.21648246834,97074.49673569947,83464.60513073618,-484.2207562306607
2024-01-24,1493.0,74000.0,74292.90680743485,97122.11084403799,83558.67214175849,-484.2965104930182
2024-01-25,1494.0,74100.0,74359.06277856018,97169.7249523765,83652.85470726507,-484.37035052771984
2024-01-26,1495.0,73400.0,74424.60264519956,97217.33906071499,83747.15282725595,-484.4575901560125
2024-01-29,1496.0,74400.0,74489.450682946,97264.95316905351,83841.56650173111,-484.52568750774657
2024-01-30,1497.0,74300.0,74553.5385707332,97312.567277392,83936.09573069059,-484.5956990871365
2024-01-31,1498.0,72700.0,74616.80449643283,97360.18138573051,84030.74051413433,-484.6963383090201
2024-02-01,1499.0,73600.0,74679.19485943383,97407.79549406903,84125.50085206237,-484.779749482001
2024-02-02,1500.0,75200.0,74740.66647217031,97455.40960240751,84220.37674447468,-484.8325330124883
2024-02-05,1501.0,74300.0,74801.1870339176,97503.02371074603,84315.3681913713,-484.9025445918782
2024-02-06,1502.0,74400.0,74860.73352180212,97550.63781908454,84410.47519275219,-484.9706419436123
2024-02-07,1503.0,75000.0,74919.29089134285,97598.25192742303,84505.69774861736,-485.02725392941124
2024-02-08,1504.0,74100.0,74976.85136891986,97645.86603576154,84601.03585896686,-485.10109396411286
2024-02-09,1505.0,74320.0,75033.41399319419,97693.48014410006,84696.48952380061,-485.1707226979716
2024-02-12,1506.0,74980.0,75088.983868832,97741.09425243855,84792.05874311866,-485.2277175293017
2024-02-13,1507.0,75200.0,75143.57156731041,97788.70836077706,84887.743516921,-485.28050105978895
2024-02-14,1508.0,74000.0,75197.19303147476,97836.32246911558,84983.54384520762,-485.35625532214647
2024-02-15,1509.0,73000.0,75249.86860689604,97883.93657745406,85079.45972797852,-485.4511518610625
2024-02-16,1510.0,72800.0,75301.62264308051,97931.55068579258,85175.49116523375,-485.5498768552903
2024-02-19,1511.0,73800.0,75352.48316458127,97979.16479413107,85271.63815697323,-485.6294595729595
2024-02-20,1512.0,73300.0,75402.48053647057,98026.77890246958,85367.90070319701,-485.718613428908
2024-02-21,1513.0,73000.0,75451.64643923414,98074.3930108081,85464.27880390506,-485.813509967824
2024-02-22,1514.0,73100.0,75500.01354518531,98122.00711914658,85560.77245909742,-485.9064922790842
2024-02-23,1515.0,72900.0,75547.61524183115,98169.6212274851,85657.38166877406,-486.0033030456561
2024-02-26,1516.0,72800.0,75594.48509437517,98217.23533582361,85754.10643293499,-486.10202803988386
2024-02-27,1517.0,72900.0,75640.65679797935,98264.8494441621,85850.94675158022,-486.19883880645574
2024-02-28,1518.0,73200.0,75686.16361809976,98312.46355250062,85947.90262470972,-486.2899068900601
2024-02-29,1519.0,73400.0,75731.03843518038,98360.07766083913,86044.97405232352,-486.37714651835273
2024-03-01,1520.0,73775.0,75775.31493063335,98407.69176917762,86142.16103442159,-486.4572077929359
2024-03-04,1521.0,74900.0,75819.02838570764,98455.30587751613,86239.46357100396,-486.5157340063907
2024-03-05,1522.0,73700.0,75862.21531639138,98502.91998585465,86336.88166207062,-486.59723095171574
2024-03-06,1523.0,72900.0,75904.91320044678,98550.53409419314,86434.41530762159,-486.6940417182876
2024-03-07,1524.0,72200.0,75947.16236287807,98598.14820253165,86532.06450765682,-486.80425207845053
2024-03-08,1525.0,73300.0,75989.0074685106,98645.76231087014,86629.82926217632,-486.893405934399
2024-03-11,1526.0,72400.0,76030.49652929936,98693.37641920865,86727.70957118014,-486.9997878392502
2024-03-12,1527.0,73300.0,76071.68004957621,98740.99052754717,86825.70543466824,-487.0889416951987
2024-03-13,1528.0,74100.0,76112.61066794423,98788.60463588565,86923.81685264062,-487.1627817299003
2024-03-14,1529.0,74300.0,76153.34270267792,98836.21874422417,87022.0438250973,-487.23279330929023
2024-03-15,1530.0,72300.0,76193.93122367584,98883.83285256269,87120.38635203827,-487.34108944179724
2024-03-18,1531.0,72800.0,76234.43085402575,98931.44696090117,87218.84443346351,-487.439814436025
2024-03-19,1532.0,72800.0,76274.89244538566,98979.06106923969,87317.41806937306,-487.5385394302528
2024-03-20,1533.0,76900.0,76315.35308200115,99026.6751775782,87416.10725976688,-487.5587810905905
2024-03-21,1534.0,79300.0,76355.83609196986,99074.28928591669,87514.91200464498,-487.5330812871877
2024-03-22,1535.0,78900.0,76396.35463894604,99121.9033942552,87613.83230400739,-487.5150383944083
2024-03-25,1536.0,78200.0,76436.91152746652,99169.51750259372,87712.8681578541,-487.51039509521985
2024-03-26,1537.0,79900.0,76477.5015748139,99217.1316109322,87812.01956618507,-487.4732099258819
2024-03-27,1538.0,79800.0,76518.11476205447,99264.74571927072,87911.28652900034,-487.43793898419983
2024-03-28,1539.0,80800.0,76558.73748228297,99312.35982760921,88010.6690462999,-487.3835257659592
2024-03-29,1540.0,82400.0,76599.35349488287,99359.97393594772,88110.16711808373,-487.2984849052248
2024-04-01,1541.0,82000.0,76639.94565602648,99407.58804428624,88209.78074435185,-487.2211009551139
2024-04-02,1542.0,85000.0,76680.49648907375,99455.20215262473,88309.50992510427,-487.08629017532735
2024-04-03,1543.0,84100.0,76720.98694656634,99502.81626096324,88409.354660341,-486.9687074444435
2024-04-04,1544.0,85300.0,76761.39691537476,99550.43036930176,88509.31495006199,-486.8281539816894
2024-04-05,1545.0,84500.0,76801.70597140623,99598.04447764024,88609.39079426727,-486.70291434018213
2024-04-08,1546.0,84500.0,76841.8937939161,99645.65858597876,88709.58219295685,-486.57767469867485
2024-04-09,1547.0,83600.0,76881.9387942659,99693.27269431727,88809.8891461307,-486.46966310607024
2024-04-10,1548.0,83850.0,76921.81578142634,99740.88680265576,88910.31165378884,-486.356865944326
2024-04-11,1549.0,84100.0,76961.4954140621,99788.50091099428,89010.84971593128,-486.23928321344215
2024-04-12,1550.0,83700.0,77000.9440969334,99836.11501933276,89111.50333255802,-486.1293573931817
2024-04-15,1551.0,82200.0,77040.11977458787,99883.72912767128,89212.27250366902,-486.0481449877591
2024-04-16,1552.0,80000.0,77078.97138382526,99931.3432360098,89313.15722926432,-486.00904559076525
2024-04-17,1553.0,78900.0,77117.43861874905,99978.95734434828,89414.1575093439,-485.99100269798583
2024-04-18,1554.0,79600.0,77155.44801749874,100026.5714526868,89515.27334390779,-485.95956021161544
2024-04-19,1555.0,77600.0,77192.90686276164,100074.18556102531,89616.50473295595,-485.9664022783621
2024-04-22,1556.0,76100.0,77229.70097394903,100121.7996693638,89717.85167648841,-486.00195775994666
2024-04-23,1557.0,75500.0,77265.69529930802,100169.41377770231,89819.31417450515,-486.04899860746633
2024-04-24,1558.0,78600.0,77300.73350317622,100217.02788604083,89920.89222700617,-486.0366983976545
2024-04-25,1559.0,76300.0,77334.6371812604,100264.64199437932,90022.5858339915,-486.06842542392735
2024-04-26,1560.0,76700.0,77367.20711962084,100312.25610271783,90124.39499546109,-486.09249553957676
2024-04-29,1561.0,76700.0,77398.22729469734,100359.87021105635,90226.31971141498,-486.11656565522617
2024-04-30,1562.0,77500.0,77427.46789155305,100407.48431939483,90328.35998185317,-486.12532194962876
2024-05-01,1563.0,77750.0,77454.68887910887,100455.09842773335,90430.51580677564,-486.1292926748917
2024-05-02,1564.0,78000.0,77479.64358577882,100502.71253607183,90532.7871861824,-486.128477831015
2024-05-03,1565.0,77600.0,77502.08191265876,100550.32664441035,90635.17412007344,-486.1353198977617
2024-05-06,1566.0,80375.0,77521.75403994102,100597.94075274887,90737.67660844878,-486.0890421470584
2024-05-07,1567.0,81300.0,77538.4140453688,100645.55486108735,90840.29465130839,-486.0250577905385
2024-05-08,1568.0,81300.0,77551.82256919828,100693.16896942587,90943.02824865229,-485.96107343401854
2024-05-09,1569.0,79700.0,77561.7499419244,100740.78307776438,91045.8774004805,-485.9277167199923
2024-05-10,1570.0,79200.0,77567.98056672754,100788.39718610287,91148.84210679299,-485.90393114424535
2024-05-13,1571.0,78400.0,77570.31744487188,100836.01129444138,91251.92236758977,-485.8954593897452
2024-05-14,1572.0,78300.0,77568.58479735174,100883.6254027799,91355.11818287082,-485.8889018629009
2024-05-15,1573.0,78250.0,77562.62945435039,100931.23951111839,91458.42955263617,-485.8833014498846
2024-05-16,1574.0,78200.0,77552.32191488204,100978.8536194569,91561.8564768858,-485.87865815069614
2024-05-17,1575.0,77400.0,77537.55736822274,101026.46772779542,91665.39895561972,-485.8893286727546
2024-05-20,1576.0,78900.0,77518.25628986328,101074.0818361339,91769.05698883795,-485.87128577997515
2024-05-21,1577.0,78400.0,77494.36443273051,101121.69594447242,91872.83057654045,-485.862814025475
2024-05-22,1578.0,77700.0,77465.85177040279,101169.3100528109,91976.71971872724,-485.86774186456586
2024-05-23,1579.0,78300.0,77432.71202619256,101216.92416114942,92080.72441539832,-485.86118433772157
2024-05-24,1580.0,75900.0,77394.96146963548,101264.53826948794,92184.84466655368,-485.9005682746178
2024-05-27,1581.0,77200.0,77352.63718914948,101312.15237782642,92289.08047219332,-485.9150672519879
2024-05-28,1582.0,77600.0,77305.79455588356,101359.76648616494,92393.43183231729,-485.9219093187346
2024-05-29,1583.0,75200.0,77254.50424146683,101407.38059450345,92497.89874692552,-485.97469284922187
2024-05-30,1584.0,73500.0,77198.84943294831,101454.99470284194,92602.48121601803,-486.0600182498586
2024-05-31,1585.0,73500.0,77138.92342629479,101502.60881118046,92707.17923959483,-486.14534365049536
2024-06-03,1586.0,75700.0,77074.82759438538,101550.22291951897,92811.99281765592,-486.18855604270334
2024-06-04,1587.0,75300.0,77006.66937834884,101597.83702785746,92916.9219502013,-486.2394253455347
2024-06-05,1588.0,77400.0,76934.5603497404,101645.45113619597,93021.96663723097,-486.25009586759313
2024-06-06,1589.0,77350.0,76858.61373937925,101693.06524453446,93127.12687874495,-486.26172350347946
2024-06-07,1590.0,77300.0,76778.94115974386,101740.67935287298,93232.40267474319,-486.27430825319374
2024-06-10,1591.0,75700.0,76695.65246875331,101788.29346121149,93337.79402522571,-486.3175206454017
2024-06-11,1592.0,75200.0,76608.8561565824,101835.90756954998,93443.30093019253,-486.370304175889
2024-06-12,1593.0,76500.0,76518.6577285936,101883.5216778885,93548.92338964365,-486.3982027468501
2024-06-13,1594.0,78600.0,76425.16041561557,101931.13578622701,93654.66140357904,-486.38590253703825
2024-06-14,1595.0,79600.0,76328.46399555406,101978.7498945655,93760.51497199875,-486.35446005066785
2024-06-17,1596.0,78100.0,76228.66398891372,102026.36400290401,93866.48409490271,-486.3517309791353
2024-06-18,1597.0,79800.0,76125.8507575383,102073.97811124253,93972.56877229098,-486.3164600374532
2024-06-19,1598.0,81200.0,76020.11077563318,102121.59221958101,94078.76900416352,-486.25438990858913
2024-06-20,1599.0,81600.0,75911.52579930022,102169.20632791953,94185.08479052036,-486.18466286910166
2024-06-21,1600.0,80000.0,75800.17185909249,102216.82043625804,94291.51613136148,-486.1455634721078
2024-06-24,1601.0,80600.0,75686.12037799567,102264.43454459653,94398.0630266869,-486.09497870917886
2024-06-25,1602.0,80800.0,75569.43986690593,102312.04865293505,94504.72547649662,-486.0405654909382
2024-06-26,1603.0,81300.0,75450.19604066417,102359.66276127353,94611.5034807906,-485.97658113441827
2024-06-27,1604.0,81600.0,75328.4543270915,102407.27686961205,94718.39703956888,-485.9068540949308
2024-06-28,1605.0,81500.0,75204.28386743265,102454.89097795056,94825.40615283145,-485.83904128309916
2024-07-01,1606.0,81800.0,75077.75515144685,102502.50508628905,94932.5308205783,-485.76548578829994
2024-07-02,1607.0,81800.0,74948.9331486669,102550.11919462756,95039.77104280944,-485.6919302935007
2024-07-03,1608.0,81800.0,74817.87861234054,102597.73330296608,95147.12681952488,-485.6183747987015
2024-07-04,1609.0,84600.0,74684.65022277912,102645.34741130457,95254.5981507246,-485.4912209295384
2024-07-05,1610.0,87100.0,74549.30511236087,102692.96151964308,95362.1850364086,-485.3162113689788
2024-07-08,1611.0,87400.0,74411.90110240542,102740.5756279816,95469.8874765769,-485.13545912545175
2024-07-09,1612.0,87800.0,74272.49918907435,102788.18973632008,95577.70547122948,-484.9470499713012
2024-07-10,1613.0,87800.0,74131.16759226666,102835.8038446586,95685.63902036635,-484.7586408171507
2024-07-11,1614.0,87600.0,73987.98257754276,102883.41795299712,95793.68812398751,-484.57406011831193
2024-07-12,1615.0,84400.0,73843.02568234505,102931.0320613356,95901.85278209297,-484.4507347044605
2024-07-15,1616.0,86700.0,73696.38217238264,102978.64616967412,96010.1329946827,-484.2833820545244
2024-07-16,1617.0,87700.0,73548.1396686149,103026.2602780126,96118.52876175672,-484.0968871280297
2024-07-17,1618.0,86700.0,73398.38815418462,103073.87438635112,96227.04008331503,-483.9295344780936
2024-07-18,1619.0,86900.0,73247.22012241621,103121.48849468963,96335.66695935762,-483.7583533728458
2024-07-19,1620.0,84400.0,73094.73049359805,103169.10260302812,96444.40938988452,-483.6350279589944
2024-07-22,1621.0,83000.0,72941.01689790802,103216.71671136664,96553.26737489572,-483.5385017323249
2024-07-23,1622.0,83900.0,72786.17971481774,103264.33081970515,96662.24091439118,-483.42474745675275
2024-07-24,1623.0,82000.0,72630.3217134024,103311.94492804364,96771.33000837092,-483.34736350664184
2024-07-25,1624.0,80400.0,72473.54748948375,103359.55903638215,96880.53465683496,-483.3006071990246
2024-07-26,1625.0,80900.0,72315.96293945651,103407.17314472067,96989.85485978329,-483.2442797531281
2024-07-29,1626.0,81200.0,72157.67655963718,103454.78725305916,97099.2906172159,-483.18220962426403
2024-07-30,1627.0,81000.0,71998.79875359042,103502.40136139767,97208.84192913279,-483.1239679507117
2024-07-31,1628.0,83900.0,71839.43958751661,103550.01546973616,97318.508795534,-483.01021367513954
2024-08-01,1629.0,83100.0,71679.70570380599,103597.62957807467,97428.29121641949,-482.9117732208142
2024-08-02,1630.0,79600.0,71519.6992861248,103645.24368641319,97538.18919178925,-482.8803307344438
2024-08-05,1631.0,71400.0,71359.51431100206,103692.85779475168,97648.2027216433,-483.00585491585355
2024-08-06,1632.0,72500.0,71199.23369494725,103740.47190309019,97758.33180598164,-483.11032259304886
2024-08-07,1633.0,74700.0,71038.92823672644,103788.0860114287,97868.57644480428,-483.17267726181535
2024-08-08,1634.0,73400.0,70878.65523138939,103835.70011976719,97978.93663811122,-483.259916890108
2024-08-09,1635.0,74700.0,70718.4586501845,103883.31422810571,98089.41238590243,-483.3222715588745
2024-08-12,1636.0,75500.0,70558.3716021314,103930.92833644422,98200.00368817791,-483.36931240639416
2024-08-13,1637.0,76100.0,70398.4136150522,103978.54244478271,98310.7105449377,-483.4048678879787
2024-08-14,1638.0,77200.0,70238.58623449593,104026.15655312123,98421.53295618176,-483.4193668653488
2024-08-15,1639.0,78700.0,70078.87347959318,104073.77066145974,98532.47092191012,-483.40515242788115
2024-08-16,1640.0,80200.0,69919.24061817305,104121.38476979823,98643.52444212277,-483.3622245755756
2024-08-19,1641.0,78300.0,69759.63557068731,104168.99887813674,98754.69351681972,-483.35566704873133
2024-08-20,1642.0,78900.0,69599.99302853872,104216.61298647523,98865.97814600094,-483.3376241559519
2024-08-21,1643.0,78300.0,69440.23572761392,104264.22709481374,98977.37832966646,-483.3310666291076
2024-08-22,1644.0,78300.0,69280.27929269151,104311.84120315226,99088.89406781626,-483.32450910226333
2024-08-23,1645.0,77700.0,69120.0343065351,104359.45531149075,99200.52536045034,-483.3294369413542
2024-08-26,1646.0,76100.0,68959.40776141667,104407.06941982926,99312.27220756872,-483.3649924229387
2024-08-27,1647.0,75800.0,68798.30285404675,104454.68352816778,99424.1346091714,-483.40629058749084
2024-08-28,1648.0,76400.0,68636.61922201689,104502.29763650626,99536.11256525834,-483.4361033861078
2024-08-29,1649.0,74000.0,68474.2538776847,104549.91174484478,99648.20607582958,-483.5118576484653
2024-08-30,1650.0,74300.0,68311.10502461401,104597.5258531833,99760.41514088512,-483.58186922785524
2024-09-02,1651.0,74400.0,68147.07723530929,104645.13996152178,99872.73976042493,-483.6499665795893
2024-09-03,1652.0,72500.0,67982.08420837953,104692.7540698603,99985.17993444903,-483.75443425678463
2024-09-04,1653.0,70000.0,67816.0475551968,104740.36817819881,100097.73566295742,-483.9067576253763
2024-09-05,1654.0,69000.0,67648.89261536406,104787.9822865373,100210.40694595012,-484.07822327052656
2024-09-06,1655.0,68900.0,67480.54760613307,104835.59639487581,100323.1937834271,-484.25160314333266
2024-09-09,1656.0,67500.0,67310.94555599429,104883.2105032143,100436.09617538835,-484.4517822033207
2024-09-10,1657.0,66200.0,67140.02057927831,104930.82461155282,100549.11412183389,-484.6768462228349
2024-09-11,1658.0,64900.0,66967.70465682032,104978.43871989133,100662.24762276372,-484.9267952018752
2024-09-12,1659.0,66300.0,66793.92877469848,105026.05282822982,100775.49667817783,-485.1499449937335
2024-09-13,1660.0,64400.0,66618.62883316746,105073.66693656833,100888.86128807627,-485.4094651110531
2024-09-16,1661.0,63750.0,66441.74350966304,105121.28104490685,101002.34145245896,-485.68142770813574
2024-09-17,1662.0,63533.333333333336,66263.21480362049,105168.89515324534,101115.93717132595,-485.95753779847274
2024-09-18,1663.0,63316.666666666664,66082.98932746706,105216.50926158385,101229.64844467722,-486.23779538206406
2024-09-19,1664.0,63100.0,65901.02259147153,105264.12336992237,101343.47527251278,-486.52220045890977
2024-09-20,1665.0,63000.0,65717.28215660037,105311.73747826085,101457.41765483262,-486.8085197634113
2024-09-23,1666.0,62600.0,65531.75016835452,105359.35158659937,101571.47559163676,-487.1024959785363
2024-09-24,1667.0,63200.0,65344.42580069503,105406.96569493786,101685.6490829252,-487.38498682772615
2024-09-25,1668.0,62200.0,65155.335768582045,105454.57980327637,101799.93812869792,-487.6866199534745
2024-09-26,1669.0,64700.0,64964.541186194576,105502.19391161489,101914.34272895491,-487.9403973878265
2024-09-27,1670.0,64200.0,64772.13901008607,105549.80801995337,102028.8628836962,-488.2037459604578
2024-09-30,1671.0,61500.0,64578.25754832496,105597.42212829189,102143.49859292178,-488.5187786797972
2024-10-01,1672.0,61400.0,64383.05362610633,105645.0362366304,102258.24985663165,-488.83572562679245
2024-10-02,1673.0,61300.0,64186.710108012536,105692.65034496889,102373.11667482583,-489.15458680144354
2024-10-03,1674.0,60950.0,63989.43413273684,105740.2644533074,102488.09904750426,-489.4801477728901
2024-10-04,1675.0,60600.0,63791.455171843656,105787.87856164592,102603.196974667,-489.8124085411322
2024-10-07,1676.0,61000.0,63593.02219920855,105835.4926699844,102718.410456314,-490.1370123987508
2024-10-08,1677.0,60300.0,63394.39995179699,105883.10677832292,102833.73949244531,-490.47501584996047
2024-10-09,1678.0,59600.0,63195.86841083102,105930.72088666144,102949.1840830609,-490.8264188947611
2024-10-10,1679.0,58900.0,62997.71893275048,105978.33499499992,103064.74422816078,-491.1912215331527
2024-10-11,1680.0,59300.0,62800.2492337321,106025.94910333844,103180.41992774498,-491.5483672609209
2024-10-14,1681.0,60800.0,62603.7593365626,106073.56321167693,103296.21118181343,-491.87679957385126
2024-10-15,1682.0,61000.0,62408.54314070591,106121.17732001544,103412.11799036617,-492.2014034314699
2024-10-16,1683.0,59500.0,62214.88544969888,106168.79142835396,103528.1403534032,-492.55472070392636
2024-10-17,1684.0,59700.0,62023.05890867471,106216.40553669244,103644.27827092452,-492.90420952107115
2024-10-18,1685.0,59200.0,61833.31668258915,106264.01964503096,103760.53174293014,-493.26326947649517
2024-10-21,1686.0,59000.0,61645.886757940214,106311.63375336948,103876.90076942003,-493.62615788723093
2024-10-22,1687.0,57700.0,61460.968766729726,106359.24786170796,103993.38535039424,-494.0139312574928
2024-10-23,1688.0,59100.0,61278.73396562419,106406.86197004648,104109.98548585271,-494.3749054405727
2024-10-24,1689.0,56600.0,61099.3251409347,106454.47607838499,104226.70117579548,-494.783735315049
2024-10-25,1690.0,55900.0,60922.8602540842,106502.09018672348,104343.53242022252,-495.20596478311626
2024-10-28,1691.0,58100.0,60749.43382683556,106549.704295062,104460.47921913385,-495.5860812427547
2024-10-29,1692.0,59600.0,60579.11723970273,106597.31840340051,104577.54157252947,-495.9374842875553
2024-10-30,1693.0,59100.0,60411.95802505228,106644.932511739,104694.71948040942,-496.29845847063524
2024-10-31,1694.0,59200.0,60247.98015461546,106692.54662007751,104812.01294277361,-496.65751842605926
2024-11-01,1695.0,58300.0,60087.188306103184,106740.160728416,104929.42195962211,-497.033806430386
2024-11-04,1696.0,58700.0,59929.57334737374,106787.77483675451,105046.94653095488,-497.4024375240893
2024-11-05,1697.0,57600.0,59775.115355628186,106835.38894509303,105164.58665677195,-497.792125122007
2024-11-06,1698.0,57300.0,59623.78543879875,106883.00305343152,105282.34233707329,-498.1875554028923
2024-11-07,1699.0,57500.0,59475.54977828935,106930.61716177003,105400.21357185894,-498.5791572284659
2024-11-08,1700.0,57000.0,59330.371723559685,106978.23127010855,105518.2003611289,-498.9803301923187
2024-11-11,1701.0,55000.0,59188.21319722042,107025.84537844703,105636.30270488311,-499.4197877092887
2024-11-12,1702.0,53000.0,59049.03721437331,107073.45948678555,105754.52060312162,-499.89752977937576
2024-11-13,1703.0,50600.0,58912.81009150682,107121.07359512406,105872.85405584442,-500.42121331320334
2024-11-14,1704.0,49900.0,58779.50321850925,107168.68770346255,105991.30306305148,-500.9582964406219
2024-11-15,1705.0,53500.0,58649.093980401405,107216.30181180107,106109.86762474287,-501.42646737242967
2024-11-18,1706.0,56700.0,58521.56602971029,107263.91592013955,106228.54774091856,-501.8333830192501
2024-11-19,1707.0,56300.0,58396.908707682174,107311.53002847807,106347.34341157849,-502.2479555766939
2024-11-20,1708.0,55300.0,58275.11477714954,107359.14413681658,106466.25463672273,-502.6816704106963
2024-11-21,1709.0,56400.0,58156.18163932147,107406.75824515507,106585.28141635124,-503.0943287404843
2024-11-22,1710.0,56000.0,58040.112816932524,107454.37235349359,106704.42375046405,-503.5146439808957
2024-11-25,1711.0,57900.0,57926.917058287945,107501.9864618321,106823.68163906116,-503.8985888958459
2024-11-26,1712.0,58300.0,57816.60349193433,107549.60057017059,106943.05508214254,-504.2748769001726
2024-11-27,1713.0,56300.0,57709.18039688012,107597.2146785091,107062.54407970824,-504.68944945761643
2024-11-28,1714.0,55500.0,57604.654470705726,107644.82878684762,107182.1486317582,-505.11933583630713
2024-11-29,1715.0,54200.0,57503.028853339034,107692.4428951861,107301.86873829245,-505.57410717452393
2024-12-02,1716.0,53600.0,57404.30365050811,107740.05700352462,107421.70439931098,-506.04036387867586
2024-12-03,1717.0,53600.0,57308.47852658292,107787.67111186314,107541.65561481382,-506.5066205828278
2024-12-04,1718.0,53100.0,57215.55010484773,107835.28522020162,107661.72238480093,-506.982448425259
2024-12-05,1719.0,53700.0,57125.51001345158,107882.89932854014,107781.90470927235,-507.4467909017551
2024-12-06,1720.0,54100.0,57038.34443196606,107930.51343687862,107902.20258822804,-507.90347646762774
2024-12-09,1721.0,53400.0,56954.033322374744,107978.12754521714,108022.61602166801,-508.37356162709136
2024-12-10,1722.0,54000.0,56872.551587114605,108025.74165355565,108143.14500959229,-508.83216142061985
2024-12-11,1723.0,54000.0,56793.87051459744,108073.35576189414,108263.78955200085,-509.29076121414835
2024-12-12,1724.0,55900.0,56717.956092347464,108120.96987023266,108384.54964889368,-509.7129906822156
2024-12-13,1725.0,56100.0,56644.77105588785,108168.58397857117,108505.42530027081,-510.13139169497117
2024-12-16,1726.0,55600.0,56574.276773245554,108216.19808690966,108626.41650613226,-510.559363846006
2024-12-17,1727.0,54200.0,56506.431814535405,108263.81219524817,108747.52326647798,-511.0141351842228
2024-12-18,1728.0,54900.0,56441.19093349065,108311.42630358669,108868.74558130797,-511.45550692884865
2024-12-19,1729.0,53100.0,56378.50356607264,108359.04041192518,108990.08345062225,-511.93133477127986
2024-12-20,1730.0,53000.0,56318.30734388809,108406.65452026369,109111.53687442082,-512.4090768413669
2024-12-23,1731.0,53500.0,56260.52772847792,108454.2686286022,109233.10585270368,-512.8772477731746
2024-12-24,1732.0,54400.0,56205.08544496427,108501.8827369407,109354.79038547084,-513.3281906560798
2024-12-25,1733.0,54000.0,56151.90422223103,108549.49684527921,109476.59047272228,-513.7867904496082
2024-12-26,1734.0,53600.0,56100.91357536996,108597.1109536177,109598.506114458,-514.2530471537601
2024-12-27,1735.0,53700.0,56052.051049504335,108644.72506195621,109720.53731067802,-514.7173896302562
2024-12-30,1736.0,53200.0,56005.26326019324,108692.33917029473,109842.68406138232,-515.1913032450316
2024-12-31,1737.0,53266.666666666664,55960.50593855138,108739.95327863321,109964.9463665709,-515.6639407080363
2025-01-01,1738.0,53333.333333333336,55917.74319838855,108787.56738697173,110087.32422624377,-516.1353020192705
2025-01-02,1739.0,53400.0,55876.94704964735,108835.18149531024,110209.81764040096,-516.6053871787342
2025-01-03,1740.0,54400.0,55838.09487878213,108882.79560364873,110332.42660904242,-517.0563300616393
2025-01-06,1741.0,55900.0,55801.16388100636,108930.40971198725,110455.15113216816,-517.4785595297066
2025-01-07,1742.0,55400.0,55766.1262267519,108978.02382032576,110577.99120977818,-517.9103601360531
2025-01-08,1743.0,57300.0,55732.95058156676,109025.63792866425,110700.9468418725,-518.3057904169384
2025-01-09,1744.0,56100.0,55701.60081160834,109073.25203700276,110824.0180284511,-518.724191429694
2025-01-10,1745.0,55300.0,55672.036577099294,109120.86614534125,110947.20476951402,-519.1579062636964
2025-01-13,1746.0,54100.0,55644.21294030543,109168.48025367977,111070.5070650612,-519.6145918295691
2025-01-14,1747.0,53900.0,55618.08121157896,109216.09436201828,111193.92491509268,-520.0751058507535
2025-01-15,1748.0,53700.0,55593.59216697354,109263.70847035677,111317.45831960841,-520.5394483272496
2025-01-16,1749.0,54300.0,55570.696748386115,109311.32257869528,111441.10727860847,-520.9923054378105
2025-01-17,1750.0,53700.0,55549.34563767266,109358.9366870338,111564.8717920928,-521.4566479143066
2025-01-20,1751.0,53400.0,55529.493043477996,109406.55079537228,111688.75186006143,-521.9267330737703
2025-01-21,1752.0,53500.0,55511.09710055984,109454.1649037108,111812.74748251436,-522.394904005578
2025-01-22,1753.0,54300.0,55494.119719771974,109501.77901204932,111936.85865945155,-522.8477611161389
2025-01-23,1754.0,53700.0,55478.52780887462,109549.3931203878,112061.08539087304,-523.312103592635
2025-01-24,1755.0,53700.0,55464.29448910805,109597.00722872632,112185.42767677881,-523.7764460691311
2025-01-27,1756.0,53142.857142857145,55451.39852391528,109644.62133706483,112309.88551716886,-524.2514535282812
2025-01-28,1757.0,52957.142857142855,55439.82283361798,109692.23544540332,112434.45891204322,-524.7300159816493
2025-01-29,1758.0,52771.42857142857,55429.552725353016,109739.84955374183,112559.14786140187,-525.2121334292355
2025-01-30,1759.0,52585.71428571428,55420.57549247783,109787.46366208032,112683.9523652448,-525.6978058710396
2025-01-31,1760.0,52400.0,55412.880998691835,109835.07777041884,112808.87242357201,-526.1870333070617
2025-02-03,1761.0,51000.0,55406.46279329648,109882.69187875735,112933.90803638351,-526.7030599302659
2025-02-04,1762.0,52700.0,55401.31600709214,109930.30598709584,113059.0592036793,-527.1865446833206
2025-02-05,1763.0,52900.0,55397.43533315944,109977.92009543435,113184.32592545939,-527.6662009810635
2025-02-06,1764.0,54000.0,55394.81688049313,110025.53420377287,113309.70820172374,-528.124800774592
2025-02-07,1765.0,53700.0,55393.458738260735,110073.14831211136,113435.20603247243,-528.5891432510881
2025-02-10,1766.0,55600.0,55393.35939023779,110120.76242044987,113560.81941770535,-529.017115402123
2025-02-11,1767.0,55700.0,55394.51738060493,110168.37652878839,113686.5483574226,-529.4431733255019
2025-02-12,1768.0,55800.0,55396.92976198116,110215.99063712687,113812.39285162411,-529.8673170212251
2025-02-13,1769.0,55800.0,55400.59291317024,110263.60474546539,113938.35290030991,-530.2914607169482
2025-02-14,1770.0,56000.0,55405.5040236607,110311.2188538039,114064.42850348001,-530.7117759573596
2025-02-17,1771.0,56000.0,55411.66768630153,110358.83296214239,114190.6196611344,-531.1320911977709
2025-02-18,1772.0,56900.0,55419.09504222585,110406.4470704809,114316.92637327308,-531.5351783892796
2025-02-19,1773.0,58700.0,55427.797669217965,110454.0611788194,114443.34863989604,-531.903809482983
2025-02-20,1774.0,58400.0,55437.785152855686,110501.67528715791,114569.88646100328,-532.2781832596538
2025-02-21,1775.0,58200.0,55449.06364670026,110549.28939549642,114696.53983659482,-532.6563854916365
2025-02-24,1776.0,57300.0,55461.63637253393,110596.90350383491,114823.30876667064,-533.0518157725218
2025-02-25,1777.0,57200.0,55475.50540069034,110644.51761217343,114950.19325123075,-533.4491602810629
2025-02-26,1778.0,56600.0,55490.67273708125,110692.13172051194,115077.19329027517,-533.8579901555391
2025-02-27,1779.0,56300.0,55507.14118315217,110739.74582885043,115204.30888380387,-534.272562712983
2025-02-28,1780.0,54500.0,55524.91517042605,110787.35993718894,115331.54003181684,-534.7215913682322
2025-03-03,1781.0,54500.0,55544.002429466804,110834.97404552746,115458.88673431409,-535.1706200234814
2025-03-04,1782.0,54500.0,55564.41564413892,110882.58815386595,115586.34899129564,-535.6196486787306
2025-03-05,1783.0,54000.0,55586.17425469094,110930.20226220446,115713.92680276147,-536.0782484722591
2025-03-06,1784.0,54300.0,55609.30209594216,110977.81637054295,115841.62016871164,-536.53110558282
2025-03-07,1785.0,53700.0,55633.82520199296,111025.43047888146,115969.42908914606,-536.9954480593161
2025-03-10,1786.0,53700.0,55659.77053458834,111073.04458721998,116097.35356406475,-537.4597905358122
2025-03-11,1787.0,53600.0,55687.166477789506,111120.65869555846,116225.39359346774,-537.9260472399641
2025-03-12,1788.0,54900.0,55716.04792863675,111168.27280389698,116353.54917735502,-538.3674189845899
2025-03-13,1789.0,54700.0,55746.45624878628,111215.8869122355,116481.82031572658,-538.8126191845274
2025-03-14,1790.0,54700.0,55778.43996145402,111263.50102057398,116610.20700858244,-539.2578193844649
2025-03-17,1791.0,57600.0,55812.04965743048,111311.1151289125,116738.70925592261,-539.6475069823827
2025-03-18,1792.0,57600.0,55847.33242347192,111358.72923725101,116867.32705774704,-540.0371945803004
2025-03-19,1793.0,58500.0,55884.333415833076,111406.3433455895,116996.06041405576,-540.4096541293154
2025-03-20,1794.0,60200.0,55923.097371494325,111453.95745392801,117124.90932484876,-540.7495718081809
2025-03-21,1795.0,61700.0,55963.666875279516,111501.57156226653,117253.87379012606,-541.0607760722086
2025-03-24,1796.0,60500.0,56006.084574409586,111549.18567060502,117382.95380988764,-541.3949510681065
2025-03-25,1797.0,59800.0,56050.3942098264,111596.79977894353,117512.14938413353,-541.7425256575954
2025-03-26,1798.0,61400.0,56096.63925363967,111644.41388728202,117641.46051286369,-542.0594726045906
2025-03-27,1799.0,61800.0,56144.86158451501,111692.02799562053,117770.88719607814,-542.3687626409625
2025-03-28,1800.0,60200.0,56195.101683985275,111739.64210395905,117900.42943377688,-542.708680319828
2025-03-31,1801.0,57800.0,56247.397829827576,111787.25621229754,118030.0872259599,-543.094539462434
2025-04-01,1802.0,58800.0,56301.78360613553,111834.87032063605,118159.8605726272,-543.4612563284815
2025-04-02,1803.0,58800.0,56358.28313231001,111882.48442897457,118289.74947377881,-543.8279731945289
2025-04-03,1804.0,57600.0,56416.9082279336,111930.09853731305,118419.75392941473,-544.2176607924466
2025-04-04,1805.0,56100.0,56477.657622032384,111977.71264565157,118549.8739395349,-544.6360618052022
2025-04-07,1806.0,53200.0,56540.51736356375,112025.32675399008,118680.10950413936,-545.1099754199776
2025-04-08,1807.0,53500.0,56605.46452843707,112072.94086232857,118810.46062322811,-545.5781463517853
2025-04-09,1808.0,53000.0,56672.47106230783,112120.55497066709,118940.92729680115,-546.0558884218724
2025-04-10,1809.0,56400.0,56741.502362667896,112168.1690790056,119071.50952485847,-546.4685467516604
2025-04-11,1810.0,55200.0,56812.5165837613,112215.78318734409,119202.20730740012,-546.9041758133186
2025-04-14,1811.0,56200.0,56885.46455781901,112263.3972956826,119333.02064442603,-547.3206625984183
2025-04-15,1812.0,56600.0,56960.29101576482,112311.01140402109,119463.9495359362,-547.7294924728945
2025-04-16,1813.0,54700.0,57036.937013800394,112358.6255123596,119594.99398193069,-548.1746926728321
2025-04-17,1814.0,55100.0,57115.34313905744,112406.23962069812,119726.15398240945,-548.6122359621462
2025-04-18,1815.0,55300.0,57195.450484422065,112453.85372903661,119857.42953737252,-549.0459507961486
2025-04-21,1816.0,55400.0,57277.20068849976,112501.46783737512,119988.82064681986,-549.4777514024952
2025-04-22,1817.0,55000.0,57360.53507208158,112549.08194571364,120120.32731075151,-549.9172089194651
2025-04-23,1818.0,55700.0,57445.39500074533,112596.69605405212,120251.94952916744,-550.3432668428441
2025-04-24,1819.0,55700.0,57531.72334221314,112644.31016239064,120383.68730206764,-550.769324766223
2025-04-25,1820.0,55700.0,57619.465362471456,112691.92427072916,120515.54062945214,-551.195382689602
2025-04-28,1821.0,55800.0,57708.570590623465,112739.53837906764,120647.50951132092,-551.6195263853251
2025-04-29,1822.0,55800.0,57798.995867092955,112787.15248740616,120779.593947674,-552.0436700810483
2025-04-30,1823.0,55500.0,57890.7074069409,112834.76659574464,120911.79393851139,-552.4735564597389
2025-05-01,1824.0,54900.0,57983.68481956736,112882.38070408316,121044.10948383303,-552.9149282043647
2025-05-02,1825.0,54300.0,58077.918953446715,112929.99481242168,121176.54058363897,-553.3677853149256
2025-05-05,1826.0,54480.0,58173.41567106474,112977.60892076016,121309.0872379292,-553.817196815706
2025-05-06,1827.0,54540.0,58270.195620861676,113025.22302909868,121441.7494467037,-554.2654597798929
2025-05-07,1828.0,54600.0,58368.30015672955,113072.83713743719,121574.52720996251,-554.7125742074863
2025-05-08,1829.0,54600.0,58467.791742153095,113120.45124577568,121707.4205277056,-555.1596886350798
2025-05-09,1830.0,54800.0,58568.75279093031,113168.0653541142,121840.429399933,-555.6029746073614
2025-05-12,1831.0,57600.0,58671.28035799745,113215.67946245271,121973.55382664467,-555.9926622052791
2025-05-13,1832.0,56900.0,58775.47595289848,113263.2935707912,122106.79380784062,-556.3957493967878
2025-05-14,1833.0,57400.0,58881.443461113246,113310.90767912971,122240.14934352085,-556.7892654500172
2025-05-15,1834.0,57300.0,58989.288775816516,113358.52178746823,122373.62043368538,-557.1846957309025
2025-05-16,1835.0,56800.0,59099.12457169266,113406.13589580671,122507.2070783342,-557.5896971500671
2025-05-19,1836.0,55800.0,59211.076412079005,113453.75000414523,122640.9092774673,-558.0138408457902
2025-05-20,1837.0,55900.0,59325.283683992704,113501.36411248372,122774.72703108472,-558.4360703138575
2025-05-21,1838.0,55700.0,59441.90053067418,113548.97822082223,122908.6603391864,-558.8621282372364
2025-05-22,1839.0,54700.0,59561.094651545754,113596.59232916075,123042.70920177238,-559.307328437174
2025-05-23,1840.0,54200.0,59683.04551213205,113644.20643749923,123176.87361884263,-559.7620997753908
2025-05-26,1841.0,54700.0,59807.94282785009,113691.82054583775,123311.15359039718,-560.2072999753283
2025-05-27,1842.0,53900.0,59935.98499888034,113739.43465417626,123445.54911643601,-560.6678139965127
2025-05-28,1843.0,55900.0,60067.37280658101,113787.04876251475,123580.06019695915,-561.0900434645799
2025-05-29,1844.0,56100.0,60202.30220399014,113834.66287085327,123714.68683196657,-561.5084444773355
2025-05-30,1845.0,56200.0,60340.972802313816,113882.27697919178,123849.42902145826,-561.9249312624352
2025-06-02,1846.0,56800.0,60483.59224009995,113929.89108753027,123984.28676543426,-562.3299326815998
2025-06-03,1847.0,57300.0,60630.37291785219,113977.50519586878,124119.26006389453,-562.7253629624851
2025-06-04,1848.0,57800.0,60781.526240010055,114025.1193042073,124254.34891683908,-563.1112221050911
2025-06-05,1849.0,59100.0,60937.2565374817,114072.73341254579,124389.55332426794,-563.472196288171
2025-06-06,1850.0,59275.0,61097.75710646021,114120.3475208843,124524.8732861811,-563.8298205728531
2025-06-09,1851.0,59800.0,61263.20128259424,114167.96162922279,124660.30880257853,-564.177395162342
2025-06-10,1852.0,59200.0,61433.74746777549,114215.5757375613,124795.85987346023,-564.5364551177661
2025-06-11,1853.0,59900.0,61609.544369078045,114263.18984589982,124931.52649882624,-564.8821154795992
2025-06-12,1854.0,59500.0,61790.721960291856,114310.8039542383,125067.30867867652,-565.2354327520557
2025-06-13,1855.0,58300.0,61977.39337849555,114358.41806257682,125203.2064130111,-565.6117207563824
2025-06-16,1856.0,57200.0,62169.66548731713,114406.03217091534,125339.21970183,-566.0090652649235
2025-06-17,1857.0,58100.0,62367.64266586596,114453.64627925382,125475.34854513315,-566.3891817245619
2025-06-18,1858.0,59800.0,62571.42115657534,114501.26038759234,125611.5929429206,-566.7367563140508
2025-06-19,1859.0,59200.0,62781.078266575874,114548.87449593085,125747.95289519233,-567.0958162694749
2025-06-20,1860.0,59500.0,62996.6500191246,114596.48860426934,125884.42840194835,-567.4491335419314
2025-06-23,1861.0,58000.0,63218.12316264608,114644.10271260786,126021.01946318866,-567.8311642292257
2025-06-24,1862.0,60500.0,63445.43757879055,114691.71682094637,126157.72607891324,-568.1653392251236
2025-06-25,1863.0,61300.0,63678.4977521878,114739.33092928486,126294.54824912216,-568.4842003997746
2025-06-26,1864.0,60200.0,63917.18724852802,114786.94503762337,126431.48597381532,-568.8241180786401
2025-06-27,1865.0,60800.0,64161.37086111269,114834.55914596186,126568.53925299278,-569.1525503915705
2025-06-30,1866.0,59800.0,64410.895807723646,114882.17325430037,126705.70808665453,-569.5001249810593
2025-07-01,1867.0,60200.0,64665.59317046512,114929.78736263889,126842.99247480056,-569.8400426599248
2025-07-02,1868.0,60800.0,64925.284980868484,114977.40147097738,126980.39241743088,-570.1684749728552
2025-07-03,1869.0,63800.0,65189.79038693691,115025.01557931589,127117.90791454553,-570.4394804561099
2025-07-04,1870.0,63300.0,65458.93027068439,115072.62968765441,127255.53896614442,-570.7200570776439
2025-07-07,1871.0,61700.0,65732.53062520555,115120.2437959929,127393.28557222761,-571.0312613416716
2025-07-08,1872.0,61400.0,66010.42581189288,115167.85790433141,127531.14773279509,-571.3482082886668
2025-07-09,1873.0,60400.0,66292.4613458674,115215.47201266992,127669.12544784685,-571.6842975122206
2025-07-10,1874.0,61000.0,66578.4960848311,115263.08612100841,127807.2187173829,-572.0089013698392
2025-07-11,1875.0,62600.0,66868.40333354184,115310.70022934693,127945.42754140325,-572.3028775849642
2025-07-14,1876.0,62500.0,67162.07127327831,115358.31433768541,128083.7519199079,-572.598768027745
2025-07-15,1877.0,63700.0,67459.40294178495,115405.92844602393,128222.19185289681,-572.8716877386555
2025-07-16,1878.0,64700.0,67760.31599966831,115453.54255436244,128360.74734037,-573.1254651730076
2025-07-17,1879.0,66700.0,68064.74214097868,115501.15666270093,128499.41838232751,-573.3409580542425
2025-07-18,1880.0,67100.0,68372.62607590217,115548.77077103945,128638.20497876928,-573.548794024854
2025-07-21,1881.0,67800.0,68683.92387025153,115596.38487937796,128777.10712969535,-573.7432304018745
2025-07-22,1882.0,66000.0,68998.60034151093,115643.99898771645,128916.12483510573,-573.9721228767004
2025-07-23,1883.0,66400.0,69316.62766578159,115691.61309605496,129055.25809500038,-574.1933584409029
2025-07-24,1884.0,66000.0,69637.98465264656,115739.22720439348,129194.5069093793,-574.4222509157288
2025-07-25,1885.0,65900.0,69962.65529580278,115786.84131273197,129333.87127824253,-574.6530576182106
2025-07-28,1886.0,70400.0,70290.62789639413,115834.45542107048,129473.35120159003,-574.7977240761788
2025-07-29,1887.0,70600.0,70621.893201935,115882.069529409,129612.94667942182,-574.9385620788354
2025-07-30,1888.0,72600.0,70956.44224096597,115929.68363774748,129752.6577117379,-575.0411155283748
2025-07-31,1889.0,71400.0,71294.26536471245,115977.297746086,129892.4842985383,-575.1666397097845
2025-08-01,1890.0,68900.0,71635.35279481056,116024.91185442448,130032.42643982297,-575.3400195825906
2025-08-04,1891.0,69700.0,71979.6948388248,116072.525962763,130172.48413559192,-575.4980856341498
2025-08-05,1892.0,69900.0,72327.28278995854,116120.14007110152,130312.65738584514,-575.6523232303973
2025-08-06,1893.0,68800.0,72678.11080956813,116167.75417944,130452.94619058268,-575.8276173308593
2025-08-07,1894.0,70500.0,73032.1764536898,116215.36828777852,130593.35054980448,-575.9703695611718
2025-08-08,1895.0,71800.0,73389.48053161103,116262.98239611703,130733.87046351063,-576.088236831958
2025-08-11,1896.0,71000.0,73750.02510856114,116310.59650445552,130874.50593170102,-576.2214179239912
2025-08-12,1897.0,71100.0,74113.81105901969,116358.21061279404,131015.25695437568,-576.3526847883685
2025-08-13,1898.0,71900.0,74480.83916493131,116405.82472113255,131156.12353153466,-576.468637831499
2025-08-14,1899.0,71600.0,74851.11062043493,116453.43882947104,131297.1056631779,-576.590333557597
2025-08-15,1900.0,71200.0,75224.62512013441,116501.05293780955,131438.20334930543,-576.7196861943185
2025-08-18,1901.0,70000.0,75601.38026058424,116548.66704614807,131579.41658991727,-576.8720095629102
2025-08-19,1902.0,70000.0,75981.38028592116,116596.28115448655,131720.7453850134,-577.0243329315019
2025-08-20,1903.0,70500.0,76364.66326255442,116643.89526282507,131862.18973459382,-577.1670851618144
2025-08-21,1904.0,70600.0,76751.3070302434,116691.50937116356,132003.7496386585,-577.3079231644709
2025-08-22,1905.0,71400.0,77141.42961594001,116739.12347950207,132145.42509720748,-577.4334473458806
2025-08-25,1906.0,71500.0,77535.16728745158,116786.73758784059,132287.21611024076,-577.5570572996345
2025-08-26,1907.0,70300.0,77932.66188070226,116834.35169617907,132429.1226777583,-577.7036379852586
2025-08-27,1908.0,70600.0,78334.04977637641,116881.96580451759,132571.1447997602,-577.8444759879152
2025-08-28,1909.0,69600.0,78739.45579901722,116929.5799128561,132713.28247624633,-578.0044562671303
2025-08-29,1910.0,69700.0,79149.00289551239,116977.19402119459,132855.53570721674,-578.1625223186895
2025-09-01,1911.0,67600.0,79562.84196915112,117024.8081295331,132997.90449267146,-578.3607871510218
2025-09-02,1912.0,69100.0,79981.1879946241,117072.42223787162,133140.38883261045,-578.5303385685162
2025-09-03,1913.0,69800.0,80404.31177867466,117120.03634621011,133282.98872703372,-578.6864903924196
2025-09-04,1914.0,70100.0,80832.50235354839,117167.65045454862,133425.7041759413,-578.8368995333554
2025-09-05,1915.0,69500.0,81266.08893472391,117215.26456288711,133568.53517933318,-578.9987940402265
2025-09-08,1916.0,70100.0,81705.46156428129,117262.87867122563,133711.48173720934,-579.1492031811623
2025-09-09,1917.0,71500.0,82151.05952543447,117310.49277956414,133854.54384956977,-579.2728131349162
2025-09-10,1918.0,72600.0,82603.36819520507,117358.10688790263,133997.72151641452,-579.3753665844556
2025-09-11,1919.0,73400.0,83062.9610189267,117405.72099624114,134141.01473774354,-579.4626062127483
2025-09-12,1920.0,75400.0,83530.50312930379,117453.33510457966,134284.42351355683,-579.5115612879238
2025-09-15,1921.0,76500.0,84006.73924415366,117500.94921291815,134427.94784385443,-579.5394598588849
2025-09-16,1922.0,79400.0,84492.44888152834,117548.56332125666,134571.5877286363,-579.5118458278263
2025-09-17,1923.0,78200.0,84988.35412586681,117596.17742959518,134715.3431679025,-579.5072025286379
2025-09-18,1924.0,80500.0,85495.18435234335,117643.79153793366,134859.21416165296,-579.4585319933648
2025-09-19,1925.0,79700.0,86013.66715265381,117691.40564627218,135003.20070988766,-579.4251752793385
2025-09-22,1926.0,83500.0,86544.45894285441,117739.0197546107,135147.3028126067,-579.3190779143898
2025-09-23,1927.0,84700.0,87088.11738352646,117786.63386294918,135291.52046981003,-579.1900098175709
2025-09-24,1928.0,85400.0,87645.15623559551,117834.2479712877,135435.85368149765,-579.0475421271609
2025-09-25,1929.0,86100.0,88216.03348667598,117881.86207962618,135580.30244766956,-578.89167484316
2025-09-26,1930.0,83300.0,88801.11885476511,117929.4761879647,135724.86676832574,-578.789405933523
2025-09-29,1931.0,84200.0,89400.60631928193,117977.09029630321,135869.54664346622,-578.6699089749833
2025-09-30,1932.0,83900.0,90014.46547598137,118024.7044046417,136014.34207309096,-578.5561546994111
2025-10-01,1933.0,86000.0,90642.42299763252,118072.31851298022,136159.2530572,-578.402201643066
2025-10-02,1934.0,89000.0,91283.9822793368,118119.93262131873,136304.27959579337,-578.1908217570452
2025-10-03,1935.0,89675.0,91938.45610029895,118167.54672965722,136449.421688871,-577.9665208343474
2025-10-06,1936.0,91700.0,92605.003501967,118215.16083799573,136594.6793364329,-577.7034568016186
2025-10-07,1937.0,92375.0,93282.66979242662,118262.77494633425,136740.0525384791,-577.4274717322127
2025-10-08,1938.0,93050.0,93970.42681351962,118310.38905467273,136885.5412950096,-577.1385656261298
2025-10-09,1939.0,93725.0,94667.21126240469,118358.00316301125,137031.14560602437,-576.8367384833699
2025-10-10,1940.0,94400.0,95371.95968025585,118405.61727134977,137176.86547152343,-576.521990303933
2025-10-13,1941.0,93300.0,96083.63918853457,118453.23137968825,137322.7008915068,-576.2282986287105
2025-10-14,1942.0,91600.0,96801.27260793537,118500.84548802677,137468.65186597445,-575.9671488236374
2025-10-15,1943.0,95000.0,97523.95849662354,118548.45959636525,137614.71839492637,-575.6409152782654
2025-10-16,1944.0,97700.0,98250.88679832533,118596.07370470377,137760.90047836257,-575.2629975861853
2025-10-17,1945.0,97900.0,98981.36251321343,118643.68781304228,137907.1981162831,-574.8812514387935
2025-10-20,1946.0,98100.0,99714.8771507697,118691.30192138077,138053.6113086879,-574.4956768360898
2025-10-21,1947.0,97500.0,100451.10255716502,118738.91602971929,138200.14005557698,-574.1215875993214
2025-10-22,1948.0,98600.0,101189.79197435871,118786.5301380578,138346.78435695037,-573.7264418583386
2025-10-23,1949.0,96500.0,101930.84026821432,118834.14424639629,138493.54421280802,-573.3714948981287
2025-10-24,1950.0,98800.0,102674.27196479731,118881.7583547348,138640.41962314997,-572.9725207018341
2025-10-27,1951.0,102000.0,103420.17929897495,118929.37246307332,138787.4105879762,-572.5122912205522
2025-10-28,1952.0,99500.0,104168.65840687166,118976.9865714118,138934.51710728672,-572.0999174306667
2025-10-29,1953.0,100500.0,104919.83702876295,119024.60067975032,139081.73918108153,-571.6684013642225
2025-10-30,1954.0,104100.0,105673.87466885571,119072.21478808881,139229.07680936065,-571.1679731021676
2025-10-31,1955.0,107500.0,106430.89414305038,119119.82889642732,139376.529992124,-570.6024610998137
2025-11-03,1956.0,111100.0,107191.0436757679,119167.44300476584,139524.09872937168,-569.968036901849
2025-11-04,1957.0,104900.0,107954.49293226692,119215.05711310433,139671.78302110365,-569.4522948185473
2025-11-05,1958.0,100600.0,108721.3526204836,119262.67122144284,139819.5828673199,-569.0188645244474
2025-11-06,1959.0,99200.0,109491.68026748627,119310.28532978136,139967.49826802046,-568.6122334175294
2025-11-07,1960.0,97900.0,110265.48915344685,119357.89943811984,140115.5292232053,-568.2304872701376
2025-11-10,1961.0,100600.0,111042.75585644996,119405.51354645836,140263.6757328744,-567.7970569760377
2025-11-11,1962.0,103500.0,111823.43214757355,119453.12765479687,140411.93779702781,-567.3081140799179
2025-11-12,1963.0,103100.0,112607.45547505574,119500.74176313536,140560.3154156655,-566.8268280944216
2025-11-13,1964.0,102800.0,113394.76139969686,119548.35587147388,140708.80858878745,-566.3512847918928
2025-11-14,1965.0,97200.0,114185.29176014401,119595.96997981239,140857.41731639372,-565.982938238092
2025-11-17,1966.0,100600.0,114978.99758190464,119643.58408815088,141006.14159848428,-565.549507943992
2025-11-18,1967.0,97800.0,115775.84083783123,119691.1981964894,141154.98143505916,-565.169676024256
2025-11-19,1968.0,96500.0,116575.793500186,119738.81230482788,141303.93682611827,-564.8147290640461
2025-11-20,1969.0,100600.0,117378.85158910329,119786.4264131664,141453.00777166168,-564.3812987699462
2025-11-21,1970.0,94800.0,118185.0748232427,119834.04052150491,141602.1942716894,-564.0588936798858
2025-11-24,1971.0,96700.0,118994.54815849595,119881.6546298434,141751.4963262014,-563.7001182643643
2025-11-25,1972.0,99300.0,119807.36323506395,119929.26873818191,141900.9139351977,-563.2915729297904
2025-11-26,1973.0,102800.0,120623.59514270163,119976.88284652043,142050.44709867827,-562.8160296272616
2025-11-27,1974.0,103500.0,121443.31051819536,120024.49695485891,142200.09581664312,-562.3270867311419
2025-11-28,1975.0,100500.0,122266.5842109554,120072.11106319743,142349.86008909228,-561.8955706646977
2025-12-01,1976.0,100800.0,123093.51196970594,120119.72517153595,142499.73991602572,-561.4583119152861
2025-12-02,1977.0,103400.0,123924.19448677299,120167.33927987443,142649.7352974434,-560.9712832468223
2025-12-03,1978.0,104500.0,124758.71720375183,120214.95338821295,142799.84623334545,-560.463198074144
2025-12-04,1979.0,105100.0,125597.15615365613,120262.56749655146,142950.07272373175,-559.9436275355306
2025-12-05,1980.0,108400.0,126439.57182275786,120310.18160488995,143100.41476860235,-559.3608874842739
2025-12-08,1981.0,109500.0,127286.01745866338,120357.79571322846,143250.8723679572,-558.7570909288029
2025-12-09,1982.0,108400.0,128136.5318090507,120405.40982156695,143401.44552179638,-558.1743508775462
2025-12-10,1983.0,108000.0,128991.14470233416,120453.02392990547,143552.13423011982,-557.599267736913
2025-12-11,1984.0,107300.0,129849.86500415113,120500.63803824398,143702.93849292758,-557.0375841898708
2025-12-12,1985.0,108900.0,130712.67742119788,120548.25214658247,143853.8583102196,-556.4452730003349
2025-12-15,1986.0,104800.0,131579.51749442704,120595.86625492098,144004.89368199592,-555.931445144689
2025-12-16,1987.0,102800.0,132450.28014618615,120643.4803632595,144156.04460825655,-555.4559018421602
2025-12-17,1988.0,107900.0,133324.83735680743,120691.09447159799,144307.31108900142,-554.8827329291828
2025-12-18,1989.0,107600.0,134203.01310183317,120738.7085799365,144458.6931242306,-554.315306699173
2025-12-19,1990.0,106300.0,135084.5879675857,120786.32268827502,144610.19071394406,-553.7727654286894
2025-12-22,1991.0,110500.0,135969.30948945164,120833.9367966135,144761.80385814182,-553.1498265966598
2025-12-23,1992.0,111500.0,136856.89582799154,120881.55090495202,144913.53255682386,-552.5077454880716
2025-12-24,1993.0,111100.0,137747.04393987832,120929.1650132905,145065.3768099902,-551.8733212901069
2025-12-25,1994.0,114050.0,138639.43574785796,120976.77912162902,145217.33661764083,-551.1824273762944
2025-12-26,1995.0,117000.0,139533.7398046057,121024.39322996754,145369.41197977576,-550.4350637466342
2025-12-29,1996.0,119500.0,140429.62097043652,121072.00733830602,145521.60289639494,-549.6398444255776
2025-12-30,1997.0,119900.0,141326.7499553682,121119.62144664454,145673.90936749842,-548.8369681938976
2025-12-31,1998.0,122766.66666666667,142224.80591868033,121167.23555498305,145826.33139308618,-547.9792174360831
2026-01-01,1999.0,125633.33333333333,143123.4802744704,121214.84966332154,145978.86897315824,-547.0665921521341
2026-01-02,2000.0,128500.0,144022.48327725643,121262.46377166006,146131.5221077146,-546.0990923420507
2026-01-05,2001.0,138100.0,144921.5470579686,121310.07787999857,146284.29079675526,-544.9478266770051
2026-01-06,2002.0,138900.0,145820.4259191351,121357.69198833706,146437.17504028018,-543.7812471907126
2026-01-07,2003.0,141000.0,146718.89405619557,121405.30609667557,146590.1748382894,-542.5744689236473
2026-01-08,2004.0,138800.0,147616.7455442197,121452.92020501409,146743.2901907829,-541.4098036650107
2026-01-09,2005.0,139000.0,148513.79718994492,121500.53431335257,146896.52109776068,-540.2413099510625
2026-01-12,2006.0,138800.0,149409.89102305652,121548.14842169109,147049.8675592228,-539.0766446924259
2026-01-13,2007.0,137600.0,150304.90017527554,121595.76253002958,147203.32957516913,-537.9349501656596
2026-01-14,2008.0,140300.0,151198.73166982364,121643.37663836809,147356.90714559978,-536.7415714921852
2026-01-15,2009.0,143900.0,152091.32346819795,121690.99074670661,147510.60027051473,-535.4792806231001
2026-01-16,2010.0,148900.0,152982.64694235078,121738.6048550451,147664.40894991395,-534.1212783712222
2026-01-19,2011.0,149300.0,153872.7073781888,121786.21896338361,147818.33318379748,-532.7556192087208
2026-01-20,2012.0,145200.0,154761.54494912495,121833.83307172213,147972.3729721653,-531.4684433801094
2026-01-21,2013.0,149500.0,155649.23271457656,121881.44718006061,148126.5283150174,-530.0989557622963
2026-01-22,2014.0,152300.0,156535.8785060714,121929.06128839913,148280.79921235377,-528.6758697701193
2026-01-23,2015.0,152100.0,157421.62875508773,121976.67539673764,148435.18566417444,-527.256612233254
2026-01-26,2016.0,152100.0,158306.6699098238,122024.28950507613,148589.6876704794,-525.8373546963887
2026-01-27,2017.0,159500.0,159191.22740478234,122071.90361341464,148744.30523126863,-524.2764443129902
2026-01-28,2018.0,162400.0,160075.56373803943,122119.51772175316,148899.03834654216,-522.6600213275718
2026-01-29,2019.0,160700.0,160959.97448990814,122167.13183009165,149053.8870163,-521.076140212303
2026-01-30,2020.0,160500.0,161844.78437899318,122214.74593843016,149208.85124054214,-519.4960875523459
2026-02-02,2021.0,150400.0,162730.3449389139,122262.36004676865,149363.93101926852,-518.1093718856301
2026-02-03,2022.0,167500.0,163617.03528286176,122309.97415510716,149519.12635247922,-516.3953232897632
2026-02-04,2023.0,169100.0,164505.26248624045,122357.58826344568,149674.43724017416,-514.6506470514025
2026-02-05,2024.0,159300.0,165395.4675396266,122405.20237178417,149829.86368235343,-513.0935651233157
2026-02-06,2025.0,158600.0,166288.1137900213,122452.81648012268,149985.40567901699,-511.5498827888198
2026-02-09,2026.0,166400.0,167183.6892325097,122500.4305884612,150141.06323016484,-509.8568906971672
2026-02-10,2027.0,165800.0,168082.69496067413,122548.04469679968,150296.83633579698,-508.1753839714498
2026-02-11,2028.0,167800.0,168985.65691160187,122595.6588051382,150452.7249959134,-506.45559269261526
2026-02-12,2029.0,178600.0,169893.12989763642,122643.27291347671,150608.72921051408,-504.52906482694834
2026-02-13,2030.0,181200.0,170805.69002175983,122690.8870218152,150764.84897959908,-502.5527670422292
2026-02-16,2031.0,185600.0,171723.91438900272,122738.50113015372,150921.08430316835,-500.4922432406525
2026-02-17,2032.0,187066.66666666666,172648.33520007652,122786.1152384922,151077.43518122192,-498.40364410012324
2026-02-18,2033.0,188533.33333333334,173579.40925083146,122833.72934683072,151233.9016137598,-496.2869696206414
2026-02-19,2034.0,190000.0,174517.48869779674,122881.34345516923,151390.48360078194,-494.142219802207
2026-02-20,2035.0,190100.0,175462.81570270416,122928.95756350772,151547.18114228838,-491.9955557561168
2026-02-23,2036.0,193000.0,176415.52837143771,122976.57167184624,151703.99423827906,-489.7933791080068
2026-02-24,2037.0,200000.0,177375.65576264713,123024.18578018475,151860.92288875408,-487.4572065239869
2026-02-25,2038.0,203500.0,178343.12171418863,123071.79988852324,152017.96709371335,-485.0540359720121
2026-02-26,2039.0,218000.0,179317.74775075272,123119.41399686175,152175.12685315698,-482.37330240993833
2026-02-27,2040.0,216500.0,180299.2581773521,123167.02810520027,152332.40216708486,-479.7212822627024
2026-03-02,2041.0,200450.0,181287.2880376853,123214.64221353875,152489.79303549702,-477.3764956542312
2026-03-03,2042.0,195100.0,182281.39301785931,123262.25632187727,152647.29945839345,-475.1341202253482
2026-03-04,2043.0,172200.0,183281.05146484874,123309.87043021579,152804.9214357742,-473.33010292965605
2026-03-05,2044.0,191600.0,184285.67139505586,123357.48453855427,152962.6589676392,-471.15472546872803
2026-03-06,2045.0,188200.0,185294.62919997104,123405.09864689279,153120.51205398852,-469.04443174809904
2026-03-09,2046.0,173500.0,186307.3014286155,123452.71275523127,153278.48069482215,-467.21552949288076
2026-03-10,2047.0,187900.0,187323.08451316375,123500.32686356979,153436.56489014003,-465.11097845521937
2026-03-11,2048.0,190000.0,188341.40874792932,123547.9409719083,153594.7646399422,-462.966228636785
2026-03-12,2049.0,187900.0,189361.74599536712,123595.55508024679,153753.07994422864,-460.8616775991236
2026-03-13,2050.0,183500.0,190383.61751545354,123643.1691885853,153911.5108029994,-458.8413525783198
2026-03-16,2051.0,188700.0,191406.59671105564,123690.78329692382,154070.05721625444,-456.7214877194115
2026-03-17,2052.0,193900.0,192430.32185286257,123738.39740526231,154228.71918399382,-454.50208302239884
2026-03-18,2053.0,208500.0,193454.50167591695,123786.01151360082,154387.4967062174,-452.0032010876313
2026-03-19,2054.0,200500.0,194478.90550148793,123833.62562193934,154546.3897829253,-449.65745736533216
2026-03-20,2055.0,199400.0,195503.36088277257,123881.23973027783,154705.39841411752,-447.3327701472474
2026-03-23,2056.0,186300.0,196527.74949995344,123928.85383861634,154864.52259979397,-445.25884675207965
2026-03-24,2057.0,189700.0,197551.99730859287,123976.46794695486,155023.76233995473,-443.11983961661286
2026-03-25,2058.0,189000.0,198576.06078489672,124024.08205529334,155183.11763459982,-440.99423207473706
2026-03-26,2059.0,180100.0,199599.91159299083,124071.69616363186,155342.58848372917,-439.03899079423235
2026-03-27,2060.0,179700.0,200623.5264448968,124119.31027197035,155502.1748873428,-437.0914064243511
2026-03-30,2061.0,176300.0,201646.88397209515,124166.92438030886,155661.8768454407,-435.20890579476884
2026-03-31,2062.0,167200.0,202669.96447603463,124214.53848864738,155821.6943580229,-433.50059988186945
2026-04-01,2063.0,189600.0,203692.7497936623,124262.15259698586,155981.62742508942,-431.3635069740585
2026-04-02,2064.0,178400.0,204715.22214947443,124309.76670532438,156141.6760466402,-429.44080756370334
2026-04-03,2065.0,186200.0,205737.36368983224,124357.3808136629,156301.8402226753,-427.3687983961915
2026-04-06,2066.0,193100.0,206759.15669907493,124404.99492200138,156462.11995319463,-425.1647075204256
2026-04-07,2067.0,196500.0,207780.58378383532,124452.6090303399,156622.51523819828,-422.89553290436066
2026-04-08,2068.0,210500.0,208801.62805356222,124500.22313867841,156783.02607768623,-420.35836641647603
2026-04-09,2069.0,204000.0,209822.27304791918,124547.8372470169,156943.65247165845,-417.945624726222
2026-04-10,2070.0,206000.0,210842.50238153947,124595.45135535541,157104.39442011496,-415.4945984828508
2026-04-13,2071.0,201000.0,211862.3037195744,124643.0654636939,157265.2519230558,-413.1392836222724
2026-04-14,2072.0,206500.0,212881.6696188984,124690.67957203242,157426.22498048088,-410.6786862406219
2026-04-15,2073.0,211000.0,213900.5960928386,124738.29368037093,157587.31359239027,-408.131948614458
2026-04-16,2074.0,217500.0,214919.08467084807,124785.90778870942,157748.5177587839,-405.4607861906635
2026-04-17,2075.0,216000.0,215937.14167708054,124833.52189704793,157909.83747966186,-402.8183371817068
2026-04-20,2076.0,214500.0,216954.77428038302,124881.13600538645,158071.27275502408,-400.20460158758794
2026-04-21,2077.0,219000.0,217971.99250091097,124928.75011372493,158232.8235848706,-397.5047257489556
2026-04-22,2078.0,217500.0,218988.81168369492,124976.36422206345,158394.48996920147,-394.8335633251611
2026-04-23,2079.0,224500.0,220005.25090490683,125023.97833040197,158556.27190801658,-392.02840496545673
2026-04-24,2080.0,219500.0,221021.33383574232,125071.59243874045,158718.16940131597,-389.31895798854515
2026-04-27,2081.0,224500.0,222037.08572882134,125119.20654707897,158880.18244909967,-386.5137996288408
2026-04-28,2082.0,222000.0,223052.5371641223,125166.82065541748,159042.3110513676,-383.7564969605328
2026-04-29,2083.0,226000.0,224073.12210050024,125214.43476375597,159204.55520811985,-380.9226251859906
2026-04-30,2084.0,220500.0,225093.59042223514,125262.04887209448,159366.91491935644,-378.1940359325205
2026-05-01,2085.0,223500.0,226113.94610238215,125309.66298043297,159529.39018507727,-375.4080198493747
2026-05-04,2086.0,232500.0,227134.19859732693,125357.27708877149,159691.98100528237,-372.44972327720194
2026-05-05,2087.0,249250.0,228154.3606620529,125404.89119711,159854.6873799718,-369.17079357267346
2026-05-06,2088.0,266000.0,229174.4418020289,125452.50530544849,160017.5093091455,-365.57123073578924
2026-05-07,2089.0,271500.0,230194.45085634413,125500.119413787,160180.44679280347,-361.866385377833
2026-05-08,2090.0,268500.0,231214.3969211958,125547.73352212552,160343.49983094574,-358.21896684955243
2026-05-11,2091.0,285500.0,232234.2892046429,125595.347630464,160506.66842357232,-354.24612961977647
2026-05-12,2092.0,279000.0,233254.13691625575,125642.96173880252,160669.95257068318,-350.3977171876311
2026-05-13,2093.0,284000.0,234273.94918420678,125690.57584714104,160833.35227227834,-346.453593372693
2026-05-14,2094.0,296000.0,235293.73499397785,125738.18995547952,160996.86752835775,-342.2797622390523
2026-05-15,2095.0,270500.0,236313.50314389914,125785.80406381804,161160.49833892146,-338.5940591576546
2026-05-18,2096.0,281000.0,237333.26221381026,125833.41817215655,161324.24470396945,-334.70736217239215
2026-05-19,2097.0,275500.0,238353.0205437281,125881.03228049504,161488.10662350175,-330.9259477082017
2026-05-20,2098.0,276000.0,239372.78622035583,125928.64638883356,161652.08409751835,-327.134962105732
2026-05-21,2099.0,299500.0,240392.56706940575,125976.26049717204,161816.1771260192,-322.89413300413634
2026-05-22,2100.0,292500.0,241412.3706524749,126023.87460551056,161980.38570900436,-318.78729983845056
2026-05-25,2101.0,297375.0,242432.2042670998,126071.48871384907,162144.70984647382,-314.58714807454186
2026-05-26,2102.0,299000.0,243452.07494937239,126119.10282218756,162309.14953842753,-310.3558901112255
2026-05-27,2103.0,307000.0,244471.98947818784,126166.71693052608,162473.70478486555,-305.9714939354407
2026-05-28,2104.0,299500.0,245491.95438075525,126214.33103886459,162638.37558578787,-301.7306648338451
2026-05-29,2105.0,317000.0,246511.97593892468,126261.94514720308,162803.16194119447,-297.1548458924748
2026-06-01,2106.0,349000.0,247532.06019595108,126309.5592555416,162968.06385108535,-291.9664741012309
2026-06-02,2107.0,360500.0,248552.2129636407,126357.17336388011,163133.08131546053,-286.5579661295637
2026-06-03,2108.0,356000.0,249572.43982937973,126404.7874722186,163298.21433432,-281.23559840240995
2026-06-04,2109.0,351500.0,250592.74616332684,126452.40158055711,163463.46290766372,-275.99937091976966
2026-06-05,2110.0,329000.0,251613.137125324,126500.0156888956,163628.82703549176,-271.19384465969677
2026-06-08,2111.0,295500.0,252633.61767166096,126547.62979723411,163794.3067178041,-267.02958466433535
2026-06-09,2112.0,322000.0,253654.19256160065,126595.24390557263,163959.9019546007,-262.3580543401723
2026-06-10,2113.0,302500.0,254674.86636356474,126642.85801391111,164125.6127458816,-258.05979840890103
2026-06-11,2114.0,299000.0,255695.64346114045,126690.47212224963,164291.4390916468,-253.82854044558465
2026-06-12,2115.0,322500.0,256716.52805866153,126738.08623058815,164457.38099189627,-249.14743898314234
2026-06-15,2116.0,337000.0,257737.5241865884,126785.70033892663,164623.43844663003,-244.18877451060104
2026-06-16,2117.0,343000.0,258758.63570656345,126833.31444726515,164789.6114558481,-239.11525637870844
2026-06-17,2118.0,346500.0,259779.86631615815,126880.92855560366,164955.90001955046,-233.97474027886093
2026-06-18,2119.0,362500.0,260801.2195534327,126928.54266394215,165122.30413773708,-228.52794775407662
2026-06-19,2120.0,354000.0,261822.69880114516,126976.15677228066,165288.82381040798,-223.24386458003997
2026-06-22,2121.0,353500.0,262844.30729085015,127023.77088061918,165455.45903756318,-217.9693525442826
2026-06-23,2122.0,310000.0,263866.0481066075,127071.38498895767,165622.20981920266,-213.52752953882217
2026-06-24,2123.0,340500.0,264887.92418865184,127118.99909729618,165789.07615532645,-208.50186709832596
2026-06-25,2124.0,358500.0,265909.9383367267,127166.61320563467,165956.05804593454,-203.13164367977583
2026-06-26,2125.0,339500.0,266932.0932134189,127214.22731397318,166123.1554910269,-198.12512351583817
2026-06-29,2126.0,323000.0,267954.3913470983,127261.8414223117,166290.36849060352,-193.4344509151166
2026-06-30,2127.0,334000.0,268976.8351349591,127309.45553065019,166457.69704466447,-188.53321327225098
2026-07-01,2128.0,314500.0,269999.42684568884,127357.0696389887,166625.14115320967,-184.00525002227707
2026-07-02,2129.0,286000.0,271022.16862225893,127404.68374732722,166792.70081623917,-180.02284165422185
2026-07-03,2130.0,309500.0,272045.06248438975,127452.2978556657,166960.376033753,-175.5905897870407
2026-07-06,2131.0,318000.0,273068.1103309906,127499.91196400422,167128.1668057511,-170.99562856911186
2026-07-07,2132.0,296000.0,274091.3139426322,127547.52607234273,167296.07313223346,-166.82179743547115
2026-07-08,2133.0,277500.0,275114.6749837195,127595.14018068122,167464.09501320013,-163.00209841816363
2026-07-09,2134.0,278000.0,276138.19438419543,127642.75428901974,167632.23244865105,-159.17282826257681
2026-07-10,2135.0,285000.0,277161.86997860344,127690.36839735825,167800.4854385863,-155.20956217108017
2026-07-13,2136.0,254500.0,278185.6966805603,127737.98250569674,167968.85398300583,-151.8301355146193
2026-07-14,2137.0,263000.0,279209.668192359,127785.59661403525,168137.33808190966,-148.28799950741075
2026-07-15,2138.0,279500.0,280233.778149215,127833.21072237374,168305.93773529778,-144.4300159369861
2026-07-16,2139.0,255000.0,281258.02078016667,127880.82483071226,168474.65294317016,-141.04101814224597
2026-07-17,2140.0,252250.0,282282.39154793264,127928.43893905077,168643.48370552683,-137.70466160804185
2026-07-20,2141.0,244000.0,283306.88625651714,127976.05304738926,168812.4300223678,-134.52622885544577
2026-07-21,2142.0,259000.0,284331.5007753367,128023.66715572777,168981.49189369305,-131.0606619544714
2026-07-22,2143.0,260500.0,285356.23103980854,128071.28126406629,169150.6693195026,-127.56638163865924
2026-07-23,2144.0,270000.0,286381.07305220404,128118.89537240478,169319.96229979643,-123.89024969554083
2026-07-24,2145.0,249500.0,287406.02308266173,128166.50948074329,169489.37083457454,-120.60653442187271
2026-07-27,2146.0,254000.0,288431.0782669564,128214.1235890818,169658.89492383695,-117.23667890369111
2026-07-28,2147.0,220000.0,289456.2359978592,128261.73769742029,169828.53456758364,-114.51766078850024
2026-07-29,2148.0,208500.0,290481.4937233817,128309.35180575881,169998.2897658146,-112.01877885373268
2026-07-30,2149.0,207000.0,291506.84894665296,128356.96591409732,170168.16051852988,-109.54861033380296
2026-07-31,2150.0,262500.0,292532.2992256251,128404.58002243581,170338.14682572946,-106.01604546487368
2026-08-03,2151.0,239500.0,293557.84217277105,128452.19413077433,170508.24868741332,-102.92375295679108
2026-08-04,2152.0,240000.0,294583.4754546698,128499.80823911281,170678.46610358142,-99.82188931042919
2026-08-05,2153.0,246000.0,295609.19679141697,128547.42234745133,170848.79907423386,-96.605172004716
2026-08-06,2154.0,230500.0,296635.00395617133,128595.03645578984,171019.24759937057,-93.68515998566033
2026-08-07,2155.0,231000.0,297660.8947743849,128642.65056412833,171189.81167899157,-90.7555768283254
2026-08-10,2156.0,230000.0,298686.8671233013,128690.26467246684,171360.4913130969,-87.84513594754902
2026-08-11,2157.0,239500.0,299712.91893108975,128737.87878080536,171531.28650168644,-84.75284343946642
2026-08-12,2158.0,255500.0,300739.0481761737,128785.49288914385,171702.1972447603,-81.354274506447
2026-08-13,2159.0,268000.0,301765.25288640015,128833.10699748236,171873.22354231845,-77.7164271164457
2026-08-14,2160.0,274500.0,302791.531138199,128880.72110582088,172044.3653943609,-73.95415492881382
2026-08-17,2161.0,270000.0,303817.88105581223,128928.33521415936,172215.62280088762,-70.27802298569542
2026-08-18,2162.0,268500.0,304844.3008103219,128975.94932249788,172386.99576189864,-66.63060445741483
2026-08-19,2163.0,247500.0,305870.7886189101,129023.56343083637,172558.48427739396,-63.38517373686381
2026-08-20,2164.0,271000.0,306897.34274379007,129071.17753917488,172730.08834737353,-59.68989951718686
2026-08-21,2165.0,281500.0,307923.9614915057,129118.7916475134,172901.8079718374,-55.79363139364512
2026-08-24,2166.0,257000.0,308950.6432118657,129166.40575585188,173073.6431507856,-52.36634904578787
2026-08-25,2167.0,257000.0,309977.38629708765,129214.0198641904,173245.59388421802,-48.93906669793062
2026-08-26,2168.0,261500.0,311004.1891808999,129261.63397252891,173417.66017213475,-45.4256441055599
2026-08-27,2169.0,266000.0,312031.05033760535,129309.2480808674,173589.84201453583,-41.82608126867569
2026-08-28,2170.0,257000.0,313057.9682812646,129356.86218920592,173762.13941142114,-38.39879892081844
2026-08-31,2171.0,260000.0,314084.9415645841,129404.47629754443,173934.55236279074,-34.914089743285544
2026-09-01,2172.0,261000.0,315111.968778267,129452.09040588292,174107.08086864464,-31.410238289194094
2026-09-02,2173.0,250500.0,316139.04854993365,129499.70451422143,174279.72492898282,-28.107380738967425
2026-09-03,2174.0,250000.0,317166.17954335327,129547.31862255995,174452.4845438053,-24.81409432702003
2026-09-04,2175.0,255500.0,318193.36045756,129594.93273089844,174625.35971311206,-21.415525394000607
2026-09-07,2176.0,270000.0,319220.59002583945,129642.54683923695,174798.35043690313,-17.739393450882204
2026-09-08,2177.0,269500.0,320247.8670152049,129690.16094757544,174971.45671517844,-14.072832646043075
2026-09-09,2178.0,269500.0,321275.19022522867,129737.77505591395,175144.67854793806,-10.406271841203946
2026-09-10,2179.0,269000.0,322302.55848740006,129785.38916425247,175318.015935182,-6.749282174644092
2026-09-11,2180.0,259500.0,323329.97066423506,129833.00327259096,175491.46887691016,-3.2741441353904683
2026-09-14,2181.0,249000.0,324357.4256486027,129880.61738092947,175665.03737312264,-1.6249224188413791e-12
