DATE,rolling_mean_30,rolling_std_30,rolling_cv_30,rolling_std_90,rolling_cv_90,rolling_ret_std_30
2018-05-04,,,,,,
2018-05-07,,,,,,
2018-05-08,,,,,,
2018-05-09,,,,,,
2018-05-10,,,,,,
2018-05-11,,,,,,
2018-05-14,,,,,,
2018-05-15,,,,,,
2018-05-16,,,,,,
2018-05-17,,,,,,
2018-05-18,,,,,,
2018-05-21,,,,,,
2018-05-22,,,,,,
2018-05-23,,,,,,
2018-05-24,,,,,,
2018-05-25,,,,,,
2018-05-28,,,,,,
2018-05-29,,,,,,
2018-05-30,,,,,,
2018-05-31,,,,,,
2018-06-01,,,,,,
2018-06-04,,,,,,
2018-06-05,,,,,,
2018-06-06,,,,,,
2018-06-07,,,,,,
2018-06-08,,,,,,
2018-06-11,,,,,,
2018-06-12,,,,,,
2018-06-13,,,,,,
2018-06-14,50685.833333333336,1182.1532686478129,0.0233231495055715,,,
2018-06-15,50544.166666666664,1282.0660073203833,0.025365261549873213,,,0.01574629160739929
2018-06-18,50350.0,1420.963733187611,0.028221722605513627,,,0.01593791832265323
2018-06-19,50163.333333333336,1481.7239105604065,0.029537987452197614,,,0.016047865310662917
2018-06-20,50033.333333333336,1582.5194520421983,0.03162930283895133,,,0.015085645427129575
2018-06-21,49881.666666666664,1644.0322241437277,0.03295864661319244,,,0.014788238881855983
2018-06-22,49746.666666666664,1689.2118817984842,0.03395628280216734,,,0.014837821439214693
2018-06-25,49631.666666666664,1779.3588216242201,0.03585128086821358,,,0.01443592729261782
2018-06-26,49558.333333333336,1841.9949517571506,0.03716821829676443,,,0.014228045313772105
2018-06-27,49495.0,1864.1513739038367,0.03766342810190598,,,0.014524993328957311
2018-06-28,49408.333333333336,1928.0633187007925,0.03902303900220865,,,0.015061089356414741
2018-06-29,49313.333333333336,1992.5262657089872,0.0404054265048463,,,0.015045562057786238
2018-07-02,49165.0,2102.262738263137,0.04275933567096791,,,0.015381018886267136
2018-07-03,49006.666666666664,2145.5138976612193,0.04378004144322989,,,0.01518096963977595
2018-07-04,48821.666666666664,2135.604708569526,0.04374297016835816,,,0.01470710915710363
2018-07-05,48640.0,2140.512346016307,0.044007243955927366,,,0.014697265153884673
2018-07-06,48380.0,2103.7569021748286,0.04348402030125731,,,0.014066712387978417
2018-07-09,48156.666666666664,2027.514757518173,0.04210247298784882,,,0.014560638583997858
2018-07-10,47990.0,1964.749698895586,0.040940814730060136,,,0.014719949468711977
2018-07-11,47873.333333333336,1975.877514934299,0.041273029834305086,,,0.013418205601324895
2018-07-12,47700.0,1947.234998127085,0.04082253664836656,,,0.012534085512622972
2018-07-13,47540.0,1835.211159512702,0.03860351618663656,,,0.013076508955387856
2018-07-16,47371.666666666664,1725.7523763181598,0.03643005403338479,,,0.013129240574625627
2018-07-17,47190.0,1578.541448124895,0.03345076177420841,,,0.013055652474129669
2018-07-18,47043.333333333336,1412.8555904763227,0.030033067182236008,,,0.013486064646665708
2018-07-19,46920.0,1242.95254715646,0.02649088975184271,,,0.013598490992109878
2018-07-20,46846.666666666664,1136.687059513015,0.024263990170336168,,,0.013471662224518684
2018-07-23,46733.333333333336,980.5288275258288,0.02098135864891217,,,0.013833178498677112
2018-07-24,46625.0,846.0608521360782,0.018146077257610256,,,0.013792347935328311
2018-07-25,46536.666666666664,743.2377135550671,0.01597101311270827,,,0.013668198117513169
2018-07-26,46493.333333333336,677.9448321230053,0.01458154930003596,,,0.013900622572321839
2018-07-27,46468.333333333336,646.9401898130882,0.01392217330396517,,,0.013757020518415493
2018-07-30,46465.0,646.4958596555098,0.013913609375992893,,,0.013226831153087919
2018-07-31,46440.0,639.5580370526311,0.013771706224216862,,,0.013158267600692853
2018-08-01,46425.0,631.1934508641451,0.013595981709513089,,,0.013220156566722808
2018-08-02,46375.0,639.3355926272195,0.013786212239940043,,,0.013780254430951645
2018-08-03,46325.0,627.0827366629468,0.013536594423377157,,,0.01378213390904042
2018-08-06,46296.666666666664,631.0819026212799,0.013631260046539275,,,0.013607504783863359
2018-08-07,46286.666666666664,621.8622385047706,0.013435018835620855,,,0.014022752392230274
2018-08-08,46248.333333333336,546.6959271675751,0.01182087845690097,,,0.013503946601045659
2018-08-09,46251.666666666664,550.4674084958139,0.011901569136156835,,,0.012761855284571529
2018-08-10,46210.0,566.3555603061229,0.012256125520582622,,,0.014074863042330236
2018-08-13,46193.333333333336,593.1699374653539,0.012841029097965518,,,0.01346254720556175
2018-08-14,46160.0,623.0348415563235,0.013497288595240978,,,0.01323226665750168
2018-08-15,46108.333333333336,677.226001768447,0.014687713756048009,,,0.013326934229012157
2018-08-16,46051.666666666664,757.3186972440451,0.01644497913019533,,,0.013393251094432353
2018-08-17,46025.0,811.4216982641086,0.017630020603239732,,,0.012751974852798827
2018-08-20,45966.666666666664,900.9892392228795,0.019600926161483963,,,0.012413148941776262
2018-08-21,45916.666666666664,923.2003306838321,0.02010599631253355,,,0.012745117894107642
2018-08-22,45920.0,923.6919922526927,0.020115243733725887,,,0.01379989766037427
2018-08-23,45943.333333333336,921.5554068074879,0.020058522966135556,,,0.013646164128083015
2018-08-24,45931.666666666664,916.4665403277161,0.019952825726500586,,,0.013044656275613284
2018-08-27,45940.0,918.7134932930089,0.019998116963278384,,,0.012934340123198395
2018-08-28,45963.333333333336,925.2151039113921,0.02012941701163374,,,0.012938842742565555
2018-08-29,45971.666666666664,931.7839150617682,0.020268656383898086,,,0.01267743562397195
2018-08-30,45996.666666666664,966.9480367357623,0.02102213283721492,,,0.01302681513532379
2018-08-31,46030.0,1033.707755672728,0.022457261691782054,,,0.013204511423526672
2018-09-03,46061.666666666664,1062.7455767584054,0.023072234542643677,,,0.013239472833753051
2018-09-04,46111.666666666664,1101.619758334987,0.023890261141467892,,,0.013161286960203931
2018-09-05,46126.666666666664,1105.2175112286486,0.023960489475978796,,,0.013835013510926234
2018-09-06,46100.0,1095.5238079535818,0.023764073925240388,2313.315433043882,0.048436534498257924,0.013646506372666048
2018-09-07,46033.333333333336,1105.9660571374905,0.02402533071261746,2290.1076583354093,0.04802882275498805,0.014435105257125687
2018-09-10,46000.0,1106.485582747288,0.02405403440754974,2244.844905931219,0.04715565394246862,0.01461364032207281
2018-09-11,45960.0,1118.7585484165893,0.02434200496989968,2196.639130731678,0.04622449011336506,0.014687131810384163
2018-09-12,45893.333333333336,1141.7419641248648,0.02487816598180269,2188.8570518670385,0.046129218641166474,0.014735784086453839
2018-09-13,45843.333333333336,1189.1559838906828,0.025939561925921967,2172.659531128197,0.045868955618470035,0.014359732646951222
2018-09-14,45846.666666666664,1189.02548719337,0.025934829588338742,2137.4644721112973,0.04518368603774865,0.016190533445042524
2018-09-17,45825.0,1195.8080517172289,0.026095102056022453,2128.4321625698153,0.04504512407263401,0.016432431041137407
2018-09-18,45785.0,1185.5560313406995,0.025893983429959584,2126.09786576992,0.045034905015249316,0.01607726636706859
2018-09-19,45763.333333333336,1172.2313921669409,0.02561507885862643,2110.1890029011597,0.04473688171608037,0.01630376808776955
2018-09-20,45775.0,1185.5996591278913,0.025900593317922257,2096.774542755137,0.0444750141638591,0.016880477736628846
2018-09-21,45841.666666666664,1219.5309537385535,0.02660311115226803,2081.9050534751436,0.04418148169932749,0.015709532172729055
2018-09-24,45921.666666666664,1244.2753973167837,0.027095606227636564,2059.5243260127204,0.043732821192229335,0.015614162836715448
2018-09-25,45998.88888888889,1266.4241550465354,0.027531624907410367,2019.633105399887,0.04292052188194865,0.015615872104705334
2018-09-26,46091.666666666664,1269.9349094853303,0.027552375544791112,1955.9379325543387,0.04160930682753017,0.015462331731869838
2018-09-27,46200.0,1245.8052220716531,0.02696548099722193,1899.9232029948862,0.04045498036778607,0.015296338828743424
2018-09-28,46278.333333333336,1181.426746391041,0.025528722866518694,1799.4728039164415,0.038372835529553305,0.015921242990907195
2018-10-01,46361.666666666664,1088.7719364044553,0.023484313975003532,1705.4906009013177,0.03642005767664842,0.01587753293603852
2018-10-02,46391.666666666664,1056.1691602291494,0.022766355169300867,1641.4676489187598,0.035099511375209586,0.01569113860583622
2018-10-03,46361.666666666664,1077.3099569274439,0.023237084306591882,1623.4798901765546,0.034750381153220815,0.014905639586384899
2018-10-04,46311.666666666664,1119.0714370521882,0.024163920618681865,1580.7697559174787,0.03388452908257966,0.015015907533038787
2018-10-05,46263.333333333336,1156.9662403138882,0.025008276683778835,1514.4032788152317,0.03251304137435643,0.015017252110561655
2018-10-08,46218.333333333336,1181.485119721196,0.025563126891663394,1445.2552703603264,0.031074075905403706,0.015046337661723112
2018-10-09,46170.833333333336,1196.2440221528407,0.025909084497489555,1359.3221223589765,0.029269626832460958,0.015026921612186482
2018-10-10,46120.833333333336,1200.3805869972482,0.026026862487969964,1276.7182309825748,0.027528168705265654,0.015007564616197943
2018-10-11,45969.166666666664,1284.9727362672775,0.02795292648189426,1242.3926126108815,0.026836270830353306,0.017004757995829064
2018-10-12,45820.833333333336,1244.9413925487656,0.027169767592225492,1213.3825475160995,0.02624522895184339,0.01718251628200808
2018-10-15,45699.166666666664,1258.515724773417,0.027539139476068137,1176.0126257846578,0.02547427059397669,0.0168600258509346
2018-10-16,45564.166666666664,1259.2552951913635,0.027636965346116947,1155.4682252664645,0.025064235639453075,0.016812731779943885
2018-10-17,45482.5,1269.167883638055,0.02790453215276326,1137.2119478606394,0.024695901144915107,0.016633779719421583
2018-10-18,45414.166666666664,1289.794063427843,0.028400698682742382,1133.1270810891272,0.024631858727006732,0.01654755182652839
2018-10-19,45380.833333333336,1316.1921704302852,0.029003261371657308,1140.7860063283763,0.024820829467010887,0.015875452191553896
2018-10-22,45315.833333333336,1357.6030227695514,0.029958690437916505,1166.5958044289812,0.025401119507093586,0.015701619474245834
2018-10-23,45249.166666666664,1418.8326072631073,0.0313559941935529,1199.6074901657898,0.026144891085409426,0.015734276383613528
2018-10-24,45182.5,1497.6168009125563,0.033145948119571875,1243.9419053135884,0.02714038617419845,0.01574558716121022
2018-10-25,45080.833333333336,1670.6749932139041,0.03705954104398922,1337.4272647565942,0.029222914396929693,0.01695642088785394
2018-10-26,44919.166666666664,1821.5282808064974,0.04055124829727097,1419.2840164061308,0.03105861964428737,0.014958619937815217
2018-10-29,44794.166666666664,1930.5483681886378,0.04309820925020679,1485.9939369489844,0.03256001663440644,0.014985811329697124
2018-10-30,44689.166666666664,1975.963257507403,0.04421571053776798,1518.6080765004644,0.03331234622121143,0.015588236703734926
2018-10-31,44564.166666666664,1998.8444338870754,0.044853176518213266,1534.1780617706784,0.03369947722800179,0.015289337134494008
2018-11-01,44394.166666666664,1979.3197460461633,0.04458513121572647,1568.6781104984586,0.03449644908704347,0.014460176781520322
2018-11-02,44285.833333333336,1896.330331470172,0.04282024721532857,1569.7471756243858,0.03454105823323119,0.017089552376468555
2018-11-05,44164.166666666664,1801.0149729944867,0.04078000580397728,1579.2522063340448,0.03476508357723155,0.017106540376925848
2018-11-06,44040.277777777774,1690.4454333372682,0.03838407745443985,1587.1393492641043,0.03495923040003167,0.01709962285166975
2018-11-07,43924.166666666664,1560.4277062513775,0.035525493701296804,1591.31069906187,0.03507042293875526,0.017160471648019638
2018-11-08,43809.166666666664,1407.4384186524858,0.032126573631526566,1596.1887200727097,0.03519430274608634,0.01716562735276326
2018-11-09,43737.5,1320.3766116346833,0.030188662169412593,1599.3544119288472,0.03526928730310048,0.016807352310798288
2018-11-12,43699.166666666664,1257.0916649247001,0.028766948223834174,1599.199067050408,0.03526931834482898,0.017266486486229606
2018-11-13,43659.166666666664,1209.4185574591638,0.027701366054303157,1598.3451814224125,0.03526604184284654,0.017307963072593243
2018-11-14,43622.5,1177.3426756311176,0.026989344389503525,1601.8400244079373,0.03535962282164867,0.01727193636704476
2018-11-15,43607.5,1165.9528809904052,0.026737439224683947,1605.5135038706703,0.03545158164771008,0.01717645776611438
2018-11-16,43584.166666666664,1150.233921736277,0.026391095888865075,1605.9265481420475,0.03548246585025545,0.01720374771197369
2018-11-19,43540.833333333336,1121.1232693409077,0.025748778411244025,1612.568868352912,0.03565023075596438,0.017216041351974323
2018-11-20,43463.333333333336,1087.7003052418277,0.025025699177279568,1631.3964907365357,0.03609350815619467,0.017520850681578538
2018-11-21,43356.666666666664,1057.8714260358715,0.024399279450354538,1657.2262834121143,0.03670512689436758,0.017688641733327477
2018-11-22,43335.0,1069.89767477219,0.02468899676409807,1670.7480224234687,0.03704518252982235,0.015352241161130386
2018-11-23,43281.666666666664,1075.4696915633867,0.024848157993686015,1675.7404916575676,0.037202164357002965,0.01482226799640911
2018-11-26,43241.666666666664,1077.8397402894873,0.02492595275288851,1688.0510382510058,0.03751155063612168,0.014847141713972525
2018-11-27,43223.333333333336,1076.2108924637655,0.024898840729477106,1695.9480470822132,0.03771590490116672,0.014974131771897622
2018-11-28,43190.0,1061.9110944019644,0.024586966760869747,1701.894759058661,0.03787623027226417,0.014784226528403685
2018-11-29,43160.0,1049.4169152768368,0.024314571716330786,1699.100357716691,0.037849137658051764,0.01478206904849848
2018-11-30,43091.666666666664,1066.179396606085,0.024742124848719824,1715.330763610693,0.03825850644023181,0.01575556776999364
2018-12-03,43081.666666666664,1063.1348677974147,0.02467719914420089,1714.1003188979118,0.03826187954905215,0.016909733778337713
2018-12-04,43051.666666666664,1076.6713817911232,0.02500881998663133,1729.5217247492171,0.038645411661983715,0.017428981254206853
2018-12-05,43015.0,1112.4801431781646,0.02586260939621445,1753.387327211518,0.0392283488056073,0.01756299158731569
2018-12-06,42998.333333333336,1146.9211659568118,0.026673619116015623,1805.8019830873848,0.040451798236010784,0.01673706262379861
2018-12-07,42996.666666666664,1149.9575204548937,0.02674527142696861,1843.1712760034352,0.04133829606960326,0.016867451255881596
2018-12-10,42956.666666666664,1225.7814772157606,0.028535302488145276,1895.558104481542,0.042572628382963176,0.01708947463807783
2018-12-11,42886.666666666664,1318.1055719671213,0.03073462393829756,1933.953975835304,0.04350499155178678,0.016503808003143033
2018-12-12,42821.666666666664,1389.100635199928,0.0324392006040539,1963.0038138420784,0.04422867667109872,0.01654085889211858
2018-12-13,42750.0,1477.5912364619546,0.03456353769501648,1998.028073600663,0.04509571020584181,0.016616467318671658
2018-12-14,42576.666666666664,1607.028384903411,0.037744344748377304,2072.6442074344873,0.04685559450384097,0.014543071153742596
2018-12-17,42421.666666666664,1706.159396146118,0.04021905620899976,2138.817144977672,0.04842330762359124,0.01462165052714781
2018-12-18,42260.0,1802.9860289780052,0.042664127519593115,2206.9909530379855,0.050045461554537055,0.014620971979016989
2018-12-19,42096.666666666664,1860.9384605685425,0.0442063138942563,2267.975515069291,0.05150100516762511,0.014608416081982316
2018-12-20,41916.666666666664,1925.5242606005136,0.04593696049146355,2337.8228778854386,0.05316220831393636,0.014640562729362474
2018-12-21,41728.333333333336,1960.3695698961853,0.046979340253932626,2404.198123564969,0.05474697326784797,0.0145431574752065
2018-12-24,41515.0,1917.3054907415863,0.04618343949756922,2463.9144891539327,0.05617857991243426,0.013880769370959585
2018-12-25,41317.5,1904.341116031251,0.046090424542415465,2523.8360563734523,0.05763571765737829,0.01373930482651384
2018-12-26,41125.833333333336,1903.9940249713752,0.046296788919487956,2575.7929702749534,0.05893813523625093,0.013717503783609452
2018-12-27,40925.833333333336,1879.4772215797266,0.045923981712766425,2625.057278966061,0.06018702920935598,0.013639532713856801
2018-12-28,40749.166666666664,1828.9633785918618,0.044883454760020335,2661.4321869799073,0.06113706241307631,0.01396840299156524
2018-12-31,40585.166666666664,1779.8045627566737,0.0438535728428697,2692.4169789455677,0.061968562270985086,0.01397978744858888
2019-01-01,40449.833333333336,1759.8307536832851,0.043506501971988805,2717.0654586551186,0.06266102192402874,0.013679276881536782
2019-01-02,40338.166666666664,1757.7947015063983,0.04357646484114875,2735.035931768528,0.06320583644479673,0.013463389598773216
2019-01-03,40176.5,1779.7622613419046,0.044298589009543005,2759.3309204568573,0.06393226861181776,0.014183805232340219
2019-01-04,40011.5,1795.8972159745483,0.0448845260981105,2766.001817593647,0.06426882795654182,0.014173500749205294
2019-01-07,39883.166666666664,1741.2750398395217,0.04365939782045529,2762.0997933482613,0.06432263693135427,0.015737809699611516
2019-01-08,39718.166666666664,1663.6398002746243,0.0418861176105298,2762.615566639471,0.0644940173838125,0.015713137242392212
2019-01-09,39599.833333333336,1532.1792477144327,0.038691557987561374,2753.9566043742507,0.06440882143815958,0.01751604633184745
2019-01-10,39488.166666666664,1378.9291718285879,0.03492006057076815,2748.1013897670286,0.06437727593047984,0.017568498420893006
2019-01-11,39443.166666666664,1319.9624363343341,0.03346492048899896,2747.4356810439044,0.06443547735720447,0.0171212441728954
2019-01-14,39336.5,1115.125746736585,0.028348372293838672,2743.7171925071743,0.06443978562889695,0.01595459922567908
2019-01-15,39301.5,1037.5544439393418,0.02639986880753513,2735.3099320679253,0.06430861867366931,0.01614984924858228
2019-01-16,39301.5,1037.5544439393418,0.02639986880753513,2729.1510572215693,0.06421582264695964,0.01594859724219896
2019-01-17,39349.833333333336,1125.3677432162376,0.028599047261095665,2724.7208472393645,0.06414679972155547,0.015471125244339025
2019-01-18,39394.833333333336,1214.9829595325048,0.03084117526915555,2700.9250761852077,0.06364569003295578,0.015418784425947447
2019-01-21,39479.833333333336,1354.4489166507642,0.034307361563940174,2685.641668862976,0.06332533828261212,0.015055879094945273
2019-01-22,39543.166666666664,1433.800401713696,0.036259119402350076,2665.4763869781527,0.06290506659849793,0.015343326650127843
2019-01-23,39594.833333333336,1494.2571002372804,0.037738688976355,2635.1258797252044,0.06225654539937008,0.015356720805686109
2019-01-24,39696.5,1621.1453752167113,0.04083849647240213,2583.647657571933,0.06110771234816226,0.015746648715908078
2019-01-25,39889.833333333336,1857.645192419654,0.046569389671210805,2539.365541490314,0.06010222000755496,0.016103971641386692
2019-01-28,40086.5,2076.0884764550055,0.05179021557020457,2496.3913680894857,0.05912241376781926,0.01610814127306082
2019-01-29,40306.5,2285.1873649886425,0.05669525672009831,2458.3026064366977,0.05825049771233139,0.015996309653854127
2019-01-30,40549.833333333336,2528.043567980874,0.06234411735307273,2434.692250481945,0.057707500037758895,0.016209723939872217
2019-01-31,40799.833333333336,2698.7648782019432,0.06614646820130661,2405.596227235448,0.05703813994293394,0.016020861586970078
2019-02-01,41056.5,2849.2156059108192,0.06939743051431124,2403.6218665595634,0.05699282814110834,0.015985252496197967
2019-02-04,41305.666666666664,2969.3914775803246,0.07188823513110368,2402.170385801558,0.05695953723253935,0.01604246706048558
2019-02-05,41561.5,3055.394649716703,0.07351502351254655,2411.9229621105414,0.05718250135069886,0.01593850191380191
2019-02-06,41824.0,3107.804247596606,0.07430671976847279,2428.707858136671,0.05756489892006425,0.015830944494831734
2019-02-07,42089.0,3131.3989382295267,0.0743994615749846,2451.1634756823923,0.058074197761694306,0.015795573785854514
2019-02-08,42292.333333333336,3101.6568801688904,0.07333851399786148,2452.328433156935,0.05810026903027141,0.017140509115564757
2019-02-11,42501.333333333336,3064.3601833553257,0.07210033057838167,2452.9620454675614,0.058114515584334225,0.017123285461376748
2019-02-12,42745.0,3045.533756514464,0.07124888891132213,2467.2131878866758,0.058437918047079686,0.01740932919033211
2019-02-13,42993.333333333336,3012.101549935951,0.07005973522877851,2481.6215281271143,0.05876527208709055,0.017385256054526517
2019-02-14,43323.333333333336,2942.3478583505944,0.06791600811765625,2541.58206956899,0.060115553498371,0.016439487832636566
2019-02-15,43610.0,2763.919318648806,0.0633781086596837,2566.2519662305776,0.06066638131193259,0.017790987460111294
2019-02-18,43858.333333333336,2644.295530112847,0.060291746838978075,2594.319005393872,0.061291250017508486,0.017038367763224035
2019-02-19,44120.0,2434.941406927992,0.05518906180707144,2618.9768833898424,0.06183565163459842,0.016632995421248978
2019-02-20,44363.333333333336,2330.1688311384737,0.05252465619817733,2655.9493137442514,0.06266338582129495,0.015719978182467207
2019-02-21,44601.666666666664,2209.881153511137,0.04954705325311769,2693.706859481746,0.06350594234003114,0.0157419359067137
2019-02-22,44823.333333333336,2115.785634362503,0.04720277313220427,2735.2797200088457,0.06443119726671007,0.015580667268645041
2019-02-25,45066.666666666664,1962.0794446521404,0.043537265783701345,2781.3485427001165,0.06545128083027144,0.015277855116464753
2019-02-26,45255.0,1835.267527242753,0.0405539172962712,2816.7643695795487,0.06622062936467216,0.01513541025225083
2019-02-27,45431.666666666664,1706.9701597968192,0.03757225488382155,2851.574585838811,0.06696553054916457,0.01513371640424074
2019-02-28,45536.666666666664,1577.3823434637707,0.0346398289319326,2858.746499986674,0.06706220961797675,0.01670954565388536
2019-03-01,45627.916666666664,1458.3797816905126,0.03196244510448858,2864.5809633630033,0.06712843343494647,0.01668533699266605
2019-03-04,45697.916666666664,1362.7435061322924,0.029820692178869405,2870.4302934306706,0.06720513585896071,0.01664379474254727
2019-03-05,45767.916666666664,1220.7512672977975,0.02667264223951198,2874.7256451898847,0.06727245162703444,0.016622507340068413
2019-03-06,45834.583333333336,1050.6447288519316,0.02292253256042686,2877.5916887429303,0.06731151770306391,0.016649508247119978
2019-03-07,45881.25,948.857922851783,0.02068073391312972,2882.409028013776,0.06738392190341784,0.016157402176174573
2019-03-08,45849.583333333336,1002.2629746739518,0.021859805516384955,2880.769952440265,0.0673517273346804,0.014746868543817139
2019-03-11,45802.916666666664,1071.0114626655031,0.023383040657865745,2880.2118748412104,0.06734130365088205,0.01468741608946809
2019-03-12,45774.583333333336,1090.369694370804,0.023820417685305066,2885.209414466242,0.06744238102555151,0.015190209348365355
2019-03-13,45689.583333333336,1138.2745720768626,0.024913218485107566,2884.54020998192,0.06742936518850512,0.015017345937863861
2019-03-14,45612.916666666664,1182.7809288176304,0.025930833089697847,2883.6266982071425,0.0674115126471114,0.015006088563261999
2019-03-15,45541.25,1201.5666407825095,0.026384138353306278,2883.052269348675,0.06739983472868422,0.015070776431085732
2019-03-18,45455.416666666664,1238.7410327684938,0.02725178039511596,2873.1969976051905,0.06719562032789099,0.015176499580063141
2019-03-19,45377.083333333336,1260.866916350459,0.027786424858740198,2869.8053435544934,0.06712676550622469,0.01522094590469701
2019-03-20,45304.583333333336,1272.9043093442326,0.028096590139207383,2869.5462902941845,0.06712157830210567,0.015248740991763599
2019-03-21,45292.916666666664,1265.999687335398,0.02795138358283539,2883.855059988715,0.06742823547265184,0.017041931505057714
2019-03-22,45351.25,1282.7114247319705,0.028283926567227377,2908.5041053122172,0.06795954067450577,0.016250263471492932
2019-03-25,45367.916666666664,1281.2376296010577,0.02824105058679995,2921.1062040282404,0.06822123239892273,0.016819122591637044
2019-03-26,45341.25,1274.8611739836715,0.02811702751873121,2932.329661161775,0.06843984004609854,0.01629023981458725
2019-03-27,45312.916666666664,1264.5211856758192,0.027906417831762155,2943.0395626286268,0.06863196178006856,0.01628287242856167
2019-03-28,45224.583333333336,1197.2421764300586,0.02647326051863515,2949.9510936983816,0.06875038559321608,0.015473365843219353
2019-03-29,45177.916666666664,1191.2290963779674,0.026367508381741834,2955.125892323699,0.06883088376024811,0.014479779671117366
2019-04-01,45139.583333333336,1175.6055085706291,0.026043782900904693,2963.2958221159056,0.06897744212279187,0.014574205500715665
2019-04-02,45132.916666666664,1171.4108946887088,0.02595469074911051,2977.84500829283,0.06926773656532949,0.014842460544322927
2019-04-03,45122.916666666664,1156.9974673126194,0.025641016866432307,3002.0305447383216,0.06976810669016062,0.014748507658671911
2019-04-04,45122.916666666664,1156.9974673126194,0.025641016866432307,3030.3449494472557,0.07035710367855934,0.014814093282958391
2019-04-05,45112.916666666664,1140.045386901505,0.02527093061451,3053.454869893805,0.07080233352173936,0.014796763717048494
2019-04-08,45089.583333333336,1099.1085893086065,0.02437610880507005,3075.9501238358666,0.07126152137094625,0.014790177770293
2019-04-09,45086.25,1094.0392474678417,0.024265474451032006,3095.788196499287,0.07163813317364728,0.01460791582125937
2019-04-10,45084.583333333336,1091.4523074178815,0.024208991782140192,3111.593274136535,0.0719068064452635,0.014609405516952098
2019-04-11,45122.916666666664,1112.0135672960898,0.024644097710056934,3113.0561615477,0.07183455417377921,0.01309271662948779
2019-04-12,45183.333333333336,1155.596079454484,0.02557571551725158,3124.3379724469146,0.07198599080309799,0.013267300562681357
2019-04-15,45256.666666666664,1202.564309939484,0.026572091992475896,3128.8899735286673,0.07196467129204269,0.013236326700664254
2019-04-16,45356.666666666664,1240.114937201895,0.027341403774569596,3134.7407839091584,0.07197049273234961,0.01293273865981784
2019-04-17,45458.333333333336,1250.040229237698,0.02749859349377154,3138.462517430253,0.07193482623309483,0.01290551017674457
2019-04-18,45496.666666666664,1235.6021381003486,0.027158080550231122,3121.165937757477,0.07143650188491472,0.014183944182678761
2019-04-19,45546.666666666664,1194.2342325937748,0.026220013888914845,3084.333393972644,0.07047967268872442,0.013951712139431393
2019-04-22,45603.333333333336,1140.2459908020817,0.02500356678902306,3049.2046404934467,0.06956743943282304,0.013925223357336855
2019-04-23,45621.666666666664,1128.7529992577315,0.024741599369986444,3006.753084000429,0.06848952851782737,0.013345558286389468
2019-04-24,45651.666666666664,1091.3834413678564,0.02390676006062991,2964.0688191362146,0.06742083113333017,0.013037733588933053
2019-04-25,45678.333333333336,1055.011303529353,0.023096536728485852,2910.1977219864207,0.06609524992635205,0.013048134312023505
2019-04-26,45700.0,1029.9815867118737,0.022537890300041,2854.249208872332,0.06472330501929924,0.012995918286677234
2019-04-29,45781.666666666664,960.736367489065,0.020985176762657504,2805.6584190392555,0.06350385258430029,0.013762580086994132
2019-04-30,45846.666666666664,892.5876112058429,0.01946897508810185,2746.508469141762,0.06205151104829253,0.013834934641378322
2019-05-01,45907.5,825.5914807599705,0.01798380397015674,2678.2081350714325,0.060394324636593937,0.01383081143444073
2019-05-02,45909.166666666664,825.5218655945492,0.01798163472642463,2602.920398567665,0.05858427285923473,0.011742418993059878
2019-05-03,45867.5,823.6051426712163,0.01795618123227157,2531.6592082264947,0.05688649537594807,0.011622730020989791
2019-05-06,45849.583333333336,837.6028200736872,0.01826849360841928,2456.0654275730008,0.0551021580060575,0.010943353109415693
2019-05-07,45836.25,850.5598435229494,0.01855648844578144,2376.168251996846,0.053228581873774286,0.010908635448645346
2019-05-08,45799.583333333336,894.8035045648849,0.019537372164555023,2292.205520577133,0.05127753499461047,0.011157186128765725
2019-05-09,45719.583333333336,1072.3085962420998,0.02345403256245992,2177.506627397386,0.04865302386796625,0.013301514715035122
2019-05-10,45661.25,1175.1666701307508,0.025736629420586403,2043.7229574581372,0.04560213368651903,0.013480169029483588
2019-05-13,45581.25,1293.9046009576211,0.02838677309107629,1952.9829692427668,0.04353533353524233,0.013361980654024401
2019-05-14,45477.916666666664,1399.4444838955699,0.030771956731283204,1831.1219639039932,0.04077289329993985,0.012966528209498862
2019-05-15,45342.916666666664,1480.4679600542252,0.03265047925650038,1760.020579623746,0.03916112417964391,0.012360912663339121
2019-05-16,45162.916666666664,1601.650829846231,0.03546384839729272,1711.5622176009495,0.03806643797833638,0.012755647133054621
2019-05-17,44974.583333333336,1723.9454651914073,0.03833154945348185,1692.54041013798,0.0376368680331869,0.012774745440298798
2019-05-20,44819.583333333336,1776.3584024206855,0.03963353227113933,1640.528988481282,0.03646272702232261,0.013476886001150006
2019-05-21,44702.916666666664,1766.9062778031623,0.03952552561566257,1599.6055713113358,0.03553516477153036,0.014576351969141555
2019-05-22,44596.25,1738.5498254837712,0.03898421561193534,1562.4387628449397,0.03469195143702336,0.0146928820620211
2019-05-23,44516.25,1714.8852316579723,0.038522679508223905,1532.8079318867406,0.03401809097282099,0.01474415537267839
2019-05-24,44377.916666666664,1687.2994240099663,0.038021149949054235,1525.2807706986757,0.03384769967092551,0.015145649611259632
2019-05-27,44231.25,1637.5205644931384,0.03702180165591382,1527.0201106164882,0.03388713313290567,0.015087089484789408
2019-05-28,44074.583333333336,1561.83083372077,0.035436088457348316,1519.0106696405635,0.03370606580850491,0.01502174059838691
2019-05-29,43899.583333333336,1510.2183678786835,0.03440165607977335,1523.6861166337533,0.03381147881651172,0.015246807572137757
2019-05-30,43797.916666666664,1494.3791357740424,0.034119868009872066,1532.0013857508575,0.03400019103946765,0.01483787832143898
2019-05-31,43704.583333333336,1484.7373045443894,0.03397211897023133,1555.275595682906,0.034535884582863795,0.014816795887639653
2019-06-03,43652.916666666664,1452.1152946729055,0.033265023406368166,1560.6994994522454,0.0346670175295277,0.01594013682820519
2019-06-04,43594.583333333336,1422.675369974937,0.032634223364330896,1568.5509924704404,0.03485905569448287,0.015985212342463275
2019-06-05,43566.25,1407.2516547610014,0.03230141806469461,1565.558467322994,0.03481404222870472,0.016034494429638956
2019-06-06,43546.25,1395.5330136694615,0.032047145590480504,1563.4092859854707,0.0347842985664701,0.016048239074114755
2019-06-07,43524.583333333336,1379.5476650183064,0.031695827033036264,1558.1296307807918,0.03468526685677534,0.016038114045754063
2019-06-10,43479.583333333336,1311.2842617944725,0.03015862069656001,1551.4809334202355,0.03454986614074507,0.015315642645519482
2019-06-11,43446.25,1260.6834404674928,0.029017082958080222,1544.8539529531718,0.034414211471445126,0.01528395708068932
2019-06-12,43403.75,1195.8042218812216,0.027550712136191494,1538.5590706023668,0.034287773566559904,0.015307261630932602
2019-06-13,43332.083333333336,1101.7701437743858,0.02542619830435999,1536.4702381624702,0.034262008147774685,0.01566325593886612
2019-06-14,43288.75,1045.847443463905,0.02415979771797303,1539.0438261714287,0.034326200981464126,0.015561420842167955
2019-06-17,43253.333333333336,1004.3812071098241,0.023220897205066832,1542.0902343528342,0.03440352519858832,0.015515317575167355
2019-06-18,43236.666666666664,980.845284060821,0.022685497279951145,1537.3036754369152,0.03431119755217329,0.01563994914801848
2019-06-19,43273.333333333336,1038.8764930520267,0.02400731381263349,1531.23446767836,0.03418294390927923,0.015967108415696367
2019-06-20,43375.0,1102.798165170507,0.025424741560126963,1505.8429168201167,0.033632793163996325,0.013820798156522781
2019-06-21,43468.333333333336,1177.1885951306776,0.027081521302036216,1502.9572908028747,0.033571259031763855,0.013739806133569737
2019-06-24,43563.333333333336,1222.9792152442878,0.028073591290327212,1497.270039700674,0.03345003532882647,0.013713251700273028
2019-06-25,43661.666666666664,1264.8894822469063,0.028970251912361866,1494.6002998058595,0.033393292739895206,0.013707205142666892
2019-06-26,43766.666666666664,1299.6905025039032,0.029695898762465422,1480.558940157699,0.03308942931460784,0.013679968958289221
2019-06-27,43931.666666666664,1322.581288378078,0.030105420274928747,1473.7701976582402,0.03294138687559164,0.013012462413585597
2019-06-28,44125.0,1333.374640164754,0.030218122156708306,1471.095575077033,0.03288282928364421,0.01286169424859111
2019-07-01,44278.333333333336,1345.0216850792185,0.03037652015837434,1458.1979605440483,0.03260060647699782,0.012755890660813696
2019-07-02,44381.666666666664,1374.1130890902703,0.030961277308729662,1451.348709787981,0.03245150992352245,0.01209933336176218
2019-07-03,44445.0,1375.8602324765243,0.03095646827486836,1437.0763230608572,0.03214316632403083,0.012626961731621962
2019-07-04,44516.666666666664,1399.589430766271,0.0314396727240645,1442.9497872896313,0.032267321176509114,0.012752917775242336
2019-07-05,44615.0,1370.8888382712012,0.03072708367748966,1445.9120624767336,0.03232864376095025,0.011738743623724783
2019-07-08,44673.333333333336,1320.706011122878,0.029563632542670002,1446.2544246967914,0.03233991390278768,0.012946149810954355
2019-07-09,44758.333333333336,1260.0002280605572,0.02815118737055797,1445.9232869835932,0.032325682465050604,0.013183912037195175
2019-07-10,44883.333333333336,1136.3381397348703,0.02531759687489499,1446.3631866500957,0.03232307178270678,0.012716870345971548
2019-07-11,45005.0,1071.4435959537768,0.023807212442034813,1454.0671212292573,0.032481123585176956,0.012587107730958419
2019-07-12,45131.666666666664,986.3275084995886,0.02185444459174095,1459.2656797602283,0.03257703544372159,0.012566005159083994
2019-07-15,45220.0,981.6067054263382,0.021707357483996863,1464.4337427134558,0.03266971846805936,0.011464080442204315
2019-07-16,45333.333333333336,966.359443847197,0.021316752437805814,1479.7539254657586,0.03299350073347639,0.011365863189940805
2019-07-17,45405.0,935.6308953929503,0.020606340609909707,1481.221834121711,0.033008239699395904,0.01181726052407353
2019-07-18,45473.333333333336,907.7001378373287,0.019961152422753158,1482.7263373737603,0.03302336904830585,0.011812555697716819
2019-07-19,45560.0,906.0524457683334,0.01988701592994586,1494.232311433054,0.03325823193898285,0.012066170939753346
2019-07-22,45640.0,941.8799982134151,0.020637160346481487,1507.3956841504769,0.03352220274053377,0.011935079325782857
2019-07-23,45721.666666666664,976.5953643895439,0.021359574914654844,1522.8776150738804,0.03383806943241298,0.01193467363134217
2019-07-24,45781.666666666664,960.4671396965128,0.020979296072587562,1526.4639176594803,0.033898089300105974,0.012471458075947538
2019-07-25,45896.666666666664,914.2486394371402,0.019919717614288773,1541.1648198777077,0.034213154780515884,0.012166487365944488
2019-07-26,46001.666666666664,868.6576379414621,0.018883177521281016,1549.0216358224036,0.03438248400149611,0.012168371457259148
2019-07-29,46075.0,772.6744864876686,0.016769929169564157,1552.2563781321392,0.034449185556539384,0.012966391556051754
2019-07-30,46148.333333333336,704.7233907507834,0.01527083081550327,1560.079642251802,0.0346117117446807,0.012955652162953926
2019-07-31,46148.333333333336,704.7233907507834,0.01527083081550327,1560.079642251802,0.0346117117446807,0.01330110420845647
2019-08-01,46138.333333333336,716.2742844572389,0.015524494118207683,1559.9518485578158,0.03460589079217114,0.013299307062178937
2019-08-02,46113.333333333336,744.6282726084423,0.01614778674154494,1559.348200697153,0.03458994169448031,0.013304305512549708
2019-08-05,46061.666666666664,836.7304321536116,0.018165439783339978,1563.89797012306,0.034700273917582805,0.013882692549870203
2019-08-06,45991.666666666664,956.0229521603995,0.020786873393594484,1570.8537921257753,0.03487395681145054,0.01396571379152725
2019-08-07,45908.333333333336,1082.8668314768238,0.02358758754351404,1573.8874122053178,0.034970634662308056,0.01398013802545491
2019-08-08,45780.0,1228.652191182094,0.026838186788599692,1579.4670479585018,0.035131905706539755,0.013629863383780702
2019-08-09,45651.666666666664,1296.0472621579554,0.028389922138467864,1577.8247920596832,0.035127498826014965,0.013663915372790521
2019-08-12,45555.0,1330.565733969501,0.029207896695631678,1572.0517719096522,0.035024531458191885,0.013905600827452286
2019-08-13,45446.666666666664,1402.3953236082057,0.030858045847327396,1573.0695878983774,0.03507890370226347,0.01410817738607869
2019-08-14,45390.0,1438.2340704417043,0.0316861438740186,1565.058298892591,0.03492621616385902,0.014163171830747273
2019-08-15,45316.666666666664,1461.9503584509,0.03226076554139537,1561.0393859783035,0.034857705113351005,0.01391923187518195
2019-08-16,45258.333333333336,1482.9539098874843,0.03276642776403942,1548.0715282120086,0.0345934550675396,0.013889460169981367
2019-08-19,45231.666666666664,1505.9355743268006,0.03329383339828588,1533.1318120402693,0.03428898180857753,0.013012834475271403
2019-08-20,45210.0,1512.556639007908,0.03345624063277832,1509.276358267171,0.03377895070771374,0.013186685977567197
2019-08-21,45175.0,1516.560877957666,0.03357079973342924,1488.0900001245413,0.03332591392476088,0.01304416707558236
2019-08-22,45103.333333333336,1517.2532653661913,0.033639492987204,1485.9704982364926,0.033291287708448844,0.012837617217564759
2019-08-23,45025.0,1514.000751605517,0.03362578015781271,1486.0002707857352,0.033303146447214604,0.01281845828247056
2019-08-26,44930.0,1510.914315560455,0.03362818418785789,1487.7947113605114,0.033357898656281415,0.012832256866892659
2019-08-27,44836.666666666664,1474.2580444444577,0.03288063440140788,1487.5305221954843,0.03336153304096901,0.012884506406384532
2019-08-28,44773.333333333336,1461.0891859141943,0.03263302231791679,1488.1415949173302,0.033380228742611935,0.012581073522993848
2019-08-29,44683.333333333336,1459.7078907907503,0.03266783791400411,1493.319503858934,0.03350681214192013,0.012892603563179434
2019-08-30,44590.0,1408.3127591505395,0.03158360078830544,1494.201292966036,0.03353370376865291,0.012833565316625592
2019-09-02,44476.666666666664,1325.3973596320227,0.02979983571083016,1486.585676412432,0.03338235189413846,0.01268341678113671
2019-09-03,44341.666666666664,1230.7891590451156,0.027756944011541794,1485.9495993359074,0.03338972893711916,0.012784180537738547
2019-09-04,44265.0,1168.195631939596,0.02639095520026197,1479.3022238354297,0.0332550979034507,0.013038785634157751
2019-09-05,44215.0,1065.861315944799,0.024106328529793032,1477.2992577369407,0.0332117298353113,0.014335344594874842
2019-09-06,44186.666666666664,994.0281454883361,0.022496110715638267,1487.253537372065,0.033427165927605765,0.01456532253067091
2019-09-09,44213.333333333336,1055.9301613966327,0.02388261824630502,1508.0128262534176,0.0338773552231657,0.014156831962227083
2019-09-10,44228.333333333336,1092.8200890935477,0.024708597560241498,1530.2623537847155,0.034358749586025444,0.014055329271420952
2019-09-11,44288.333333333336,1200.6236406288087,0.027109253165893396,1554.4752357072034,0.03487716481281587,0.013143326242458517
2019-09-12,44353.0,1299.5865390245417,0.02930098390243144,1561.2048749837115,0.034987248162603506,0.013117985563521102
2019-09-13,44425.666666666664,1391.7953756986287,0.031328632300366054,1572.4100477617528,0.035201283586111645,0.013056581308820491
2019-09-16,44530.666666666664,1471.2273396920914,0.03303852041346993,1578.160329297623,0.03529095047215948,0.012251729656885178
2019-09-17,44644.0,1519.266156791631,0.03403069072644994,1579.1535051283147,0.03527590904300614,0.012086127657504275
2019-09-18,44794.0,1592.1782953356487,0.035544454510328366,1591.2220235057946,0.03550012322927503,0.012227480496620853
2019-09-19,45010.666666666664,1726.9225834400931,0.03836696301854582,1617.0284586873322,0.036008026702293826,0.012764401667230472
2019-09-20,45212.333333333336,1850.9451142840403,0.04093894249247713,1630.7621779091082,0.036242112570115524,0.012712999999419024
2019-09-23,45399.0,1971.612940261578,0.043428554379206105,1661.3136545145933,0.03685465480551086,0.012621757835907018
2019-09-24,45615.666666666664,2054.3069698652125,0.04503511885240917,1712.586059512319,0.037932711515733124,0.012033922051485372
2019-09-25,45789.0,2105.828283270196,0.04598982906964983,1748.4189969123593,0.03867499108370995,0.012214786397672121
2019-09-26,45969.0,2160.042065363067,0.046989102772804874,1792.1304634435714,0.03958983073681145,0.012218997444552971
2019-09-27,46119.0,2167.6434844923383,0.047001094657133466,1801.0741038587178,0.03973181560413567,0.012766447353210936
2019-09-30,46300.666666666664,2177.605349339334,0.04703183574043573,1820.2826638408715,0.04009266372805792,0.012747455127801942
2019-10-01,46447.333333333336,2196.7514155245735,0.047295533626427924,1830.4858411039033,0.04025532885991866,0.012486934376393519
2019-10-02,46550.666666666664,2174.7927897068594,0.046718832305449105,1801.6306284442098,0.03956468377143987,0.01356752660786682
2019-10-03,46675.666666666664,2133.482959910838,0.045708676753286964,1788.7992331810676,0.03923264197233012,0.01336646113122335
2019-10-04,46810.666666666664,2082.592769525091,0.044489705398878275,1775.7890968114755,0.03889516690428199,0.013335159565945543
2019-10-07,46949.0,1998.0893459709926,0.042558720014717936,1778.2186832314,0.03891097710190593,0.01326617920395578
2019-10-08,47110.666666666664,1951.096832700711,0.04141518196942047,1793.4794365668702,0.039192979174299446,0.013742162455176482
2019-10-09,47263.166666666664,1889.5303573280862,0.03997891996222752,1809.2937429600966,0.03949230202580945,0.013801410119674123
2019-10-10,47434.833333333336,1755.6531760893674,0.03701189722228111,1822.135746802424,0.03972925101047137,0.013323817278078406
2019-10-11,47606.5,1657.2396815394586,0.03481120606512679,1845.9010238600508,0.040199214349814,0.013288958217853787
2019-10-14,47813.166666666664,1549.2481398570778,0.03240212367981786,1891.3103815676732,0.04113635902822343,0.013414724199001889
2019-10-15,48041.5,1344.8235046357322,0.027992954105007798,1936.592410761274,0.04206787765538369,0.013034034475763151
2019-10-16,48261.5,1210.9864531262185,0.025092184311018482,1991.7666430018132,0.043202799032152406,0.012814060777911026
2019-10-17,48421.5,1177.5157587348945,0.024318035557239954,2028.918619528415,0.04393717407204709,0.011481893945969416
2019-10-18,48541.5,1136.5852896680065,0.02341471297071591,2052.938584586693,0.044394313795230865,0.011658220389079993
2019-10-21,48654.833333333336,1136.774386475689,0.023364058791192837,2081.503592746514,0.044942913912567675,0.011541665972452748
2019-10-22,48794.833333333336,1183.6067637794329,0.024256805135368147,2133.4560833423484,0.04598907283479049,0.01187890206966422
2019-10-23,48929.833333333336,1219.9409845345724,0.02493245738696376,2189.7716840094986,0.04713697374927616,0.011890058924900259
2019-10-24,49048.5,1212.9610037226178,0.024729828714896842,2232.4628865784007,0.047996249527806525,0.012099826977412749
2019-10-25,49174.166666666664,1202.5920879022588,0.024455769551809226,2278.0035728193393,0.04891457892986477,0.012092333518553775
2019-10-28,49314.166666666664,1197.2613024886584,0.024278242610919615,2328.8365772141847,0.049936991716914896,0.012113781694178214
2019-10-29,49454.166666666664,1149.851627110156,0.02325085436906542,2373.1008761564203,0.05081955241912103,0.012106889863985752
2019-10-30,49544.166666666664,1112.8885089412106,0.022462553794248444,2402.45544452363,0.051390703750688174,0.01217551816284395
2019-10-31,49585.833333333336,1120.9925430658554,0.022607113114952632,2432.8962776396143,0.05199366584092667,0.01095815308916613
2019-11-01,49652.5,1156.174391749787,0.02328532081465761,2476.8124733394266,0.052879465543322526,0.011291483621411582
2019-11-04,49752.5,1250.5231663808686,0.025134880988510497,2542.6379791976483,0.054211524965747465,0.011863834180306999
2019-11-05,49859.166666666664,1359.9328604962577,0.027275483154142657,2613.9491894771804,0.05564692093421899,0.011903258834113056
2019-11-06,50005.833333333336,1484.484168701877,0.02968621998170634,2691.9835036910385,0.057201261073177946,0.01170283733343863
2019-11-07,50129.166666666664,1566.6525280604599,0.0312523154130588,2758.8341415983664,0.05852640935683384,0.011836914053418395
2019-11-08,50252.5,1571.463599587231,0.03127135166583217,2803.158781478873,0.05937644736645612,0.011775317921438282
2019-11-11,50337.5,1573.1413499417731,0.0312518768302314,2824.722368225398,0.059731987453354736,0.01179037762517118
2019-11-12,50462.5,1599.6329050862128,0.03169943829747263,2869.6628194359814,0.060575559768045115,0.01215756598664623
2019-11-13,50625.833333333336,1546.554615317867,0.03054872410958569,2913.228454496783,0.061395105520421975,0.010955106163836402
2019-11-14,50792.5,1500.2463878103517,0.029536769952460535,2964.023045180211,0.06236919114648182,0.010962941097981996
2019-11-15,50982.5,1495.325330765069,0.029330168798412576,3031.561181821324,0.06368015888826449,0.01124005849193251
2019-11-18,51174.166666666664,1433.9552747157545,0.028021077198112743,3091.838098056568,0.06483962928120923,0.011202305602069541
2019-11-19,51327.5,1428.321144947286,0.027827600115869388,3150.5768297526997,0.06596923039001801,0.010560848553797832
2019-11-20,51436.666666666664,1345.294054084125,0.026154378603151937,3176.6468636762497,0.06642315641620848,0.011975040678124821
2019-11-21,51518.333333333336,1233.755364264185,0.023947889701352622,3188.728044995935,0.06659995290185854,0.012571214780211419
2019-11-22,51600.0,1149.81257843064,0.02228318950446977,3210.547929188684,0.06698107247092977,0.012554536817905483
2019-11-25,51660.0,1109.7063917370863,0.021480959963938954,3235.2812045530286,0.06742518132121782,0.012217896150341793
2019-11-26,51716.666666666664,1069.9930174871881,0.020689520157663968,3259.286573303445,0.06785476078443534,0.01221872281818027
2019-11-27,51766.666666666664,1055.7995281672722,0.020395354697371647,3283.877295288545,0.06827511041201283,0.012114174772192295
2019-11-28,51793.333333333336,1032.5506861846072,0.01993597669297092,3299.684285298585,0.06853883735397988,0.012543436064648259
2019-11-29,51806.666666666664,1009.5862359482547,0.01948757372181678,3305.73073744507,0.06861454767421839,0.012883527455552216
2019-12-02,51810.0,1004.59290090653,0.01938994211361764,3306.429767266711,0.06856106578025573,0.012805932912643828
2019-12-03,51766.666666666664,1058.4091293339945,0.020445765537681803,3306.2058740379166,0.06850355024084621,0.012482736290649322
2019-12-04,51708.333333333336,1136.091555724529,0.02197115015099814,3293.836775289102,0.06818290875628202,0.012570544755036992
2019-12-05,51668.333333333336,1192.5402713747867,0.023080680069187186,3279.3903437744584,0.06781679419674921,0.012468503678472255
2019-12-06,51651.666666666664,1207.0542179444744,0.02336912428662143,3266.0702127834247,0.06745686370433542,0.01291015008706407
2019-12-09,51648.333333333336,1208.1963854221724,0.02339274682155937,3243.98606595798,0.06688945206732921,0.013161260553121707
2019-12-10,51661.666666666664,1204.1367872043963,0.0233081289261102,3214.978972075256,0.06617005999292742,0.013183477465812058
2019-12-11,51711.666666666664,1180.859077502313,0.022835448045295643,3181.8197712635547,0.065357550200039,0.012976477032254798
2019-12-12,51808.333333333336,1188.4562090879115,0.022939479667130346,3152.825362815728,0.06460494420230105,0.013791695195995378
2019-12-13,51925.0,1293.801535705213,0.024916736364086912,3155.2621015476343,0.06448529908163192,0.014262217774498934
2019-12-16,52005.0,1388.521292350393,0.026699765260078702,3163.4361251615514,0.06449126185717012,0.013803680052788448
2019-12-17,52138.333333333336,1628.8182374269902,0.03124032038027664,3198.3622764721517,0.06500156487451857,0.01513834521824899
2019-12-18,52238.333333333336,1787.0069049001934,0.03420872740133733,3230.3212199631744,0.06546481358269615,0.01513882090025829
2019-12-19,52341.666666666664,1911.8542783405958,0.03652643104615053,3250.9565139056226,0.06570250937843639,0.015097359820869202
2019-12-20,52471.666666666664,2024.1508791612437,0.03857607367457822,3267.75958605192,0.06586314291545638,0.014753346437915144
2019-12-23,52601.666666666664,2090.3919502684566,0.039740032640317925,3262.415509928986,0.0655806584018808,0.014734849949436057
2019-12-24,52681.666666666664,2135.7580957772793,0.04054082247038399,3259.499345474016,0.06536800577855058,0.014527541172861185
2019-12-25,52771.666666666664,2184.178348366106,0.04138922430027678,3256.7954161485404,0.06515842417843691,0.01451813472926198
2019-12-26,52858.333333333336,2236.3024953200625,0.042307472716129196,3244.210231795917,0.06474328009624218,0.014503195608135053
2019-12-27,52951.666666666664,2329.1438168434884,0.0439862229739729,3246.2283353328685,0.06460377308231861,0.014611907463424521
2019-12-30,53028.333333333336,2384.9992168484746,0.04497594148125482,3220.1090471100947,0.06391155325173938,0.01480945782187933
2019-12-31,53098.333333333336,2429.718421792003,0.04575884532079481,3194.9025455059286,0.06325015845369127,0.014835674929553998
2020-01-01,53211.666666666664,2455.8755490952094,0.04615295296949684,3163.1059662824964,0.06246609307950675,0.013775024824334656
2020-01-02,53351.666666666664,2445.138855563938,0.045830599273323634,3103.7528173463393,0.06113567277054471,0.013214103282133356
2020-01-03,53481.666666666664,2452.46123148849,0.04585611078229593,3058.3689284480015,0.06009049021705898,0.013115062421594255
2020-01-06,53605.0,2458.0041665462318,0.045854009263058146,3001.4856335012055,0.05882260740756814,0.013119435288779596
2020-01-07,53738.333333333336,2465.1950798282082,0.045874051666933126,2926.7595351179343,0.057201816362938585,0.013123767706350264
2020-01-08,53891.666666666664,2508.8836414702037,0.046554203954913324,2888.1804687552167,0.05629255969567914,0.01338782347181818
2020-01-09,54135.0,2601.1651898385057,0.04804960173341657,2926.6532343585695,0.05688350621094964,0.013792016195752049
2020-01-10,54441.666666666664,2674.724714592246,0.04913010343656353,2995.6093176754534,0.058058257183297095,0.013144682731755827
2020-01-13,54761.666666666664,2747.7791450342306,0.05017705472260214,3081.85903056399,0.05956184731145758,0.013135835780318881
2020-01-14,55098.333333333336,2750.3129393521376,0.04991644525276876,3160.74054647348,0.06091630343143826,0.012845700429480958
2020-01-15,55416.666666666664,2623.7750289037394,0.047346316311044925,3207.6796157779313,0.06166447165900315,0.013233934397865115
2020-01-16,55790.0,2548.610168916268,0.04568220413902613,3293.2877338613425,0.06312735994435191,0.013818225167814162
2020-01-17,56153.333333333336,2530.603489879135,0.045065953161803424,3387.063046803274,0.06472953931515216,0.01366908525850814
2020-01-20,56526.666666666664,2599.858528423428,0.04599348735269657,3503.7491178412106,0.06674266920067708,0.01372143592730751
2020-01-21,56856.666666666664,2567.9299772026543,0.04516497585512085,3576.1468852583253,0.0679133434982353,0.014336962951442055
2020-01-22,57203.333333333336,2577.6871928858513,0.04506183543300247,3678.4188684011656,0.06964101122920309,0.014421447966561127
2020-01-23,57453.333333333336,2549.6089400389146,0.0443770411935295,3752.0751748834246,0.07086183619289113,0.01491474606399018
2020-01-24,57643.333333333336,2549.737421684858,0.04423299754267376,3811.5922406342015,0.07181708877231897,0.014470667403602097
2020-01-27,57793.333333333336,2502.541237158356,0.04330155560892299,3844.1790979288053,0.07228127270067376,0.015079677384116589
2020-01-28,57863.333333333336,2500.273548252644,0.04320998124752539,3868.9636343107923,0.07260622042880449,0.013790494801895117
2020-01-29,57956.666666666664,2492.1508967062837,0.04300024552895181,3888.358623782013,0.07281532579218401,0.013716956907028193
2020-01-30,57996.666666666664,2469.1871248390985,0.0425746386258825,3882.697230134966,0.07258847860410923,0.015039346008887592
2020-01-31,58010.0,2459.0929081745553,0.0423908448228677,3856.36389944824,0.07197655568984848,0.015280088082515013
2020-02-03,58066.666666666664,2418.5109886661166,0.04165059107920982,3844.5122882760365,0.07163427949191144,0.01538050759415148
2020-02-04,58196.666666666664,2351.8860125635033,0.04041272717618712,3848.931878763848,0.07156772032059383,0.01609238286474481
2020-02-05,58340.0,2293.25848581413,0.03930851021278934,3838.6218303160017,0.07120096137845586,0.016154858288161628
2020-02-06,58530.0,2277.3472165718326,0.0389090588855601,3856.628058051629,0.07133940513411399,0.01674075685661647
2020-02-07,58660.0,2268.7684643496495,0.03867658479968717,3859.186158488136,0.0712052511650033,0.01665546580639534
2020-02-10,58790.0,2210.2192120957407,0.03759515584445893,3840.3718255431595,0.07068494241532265,0.016631476314103538
2020-02-11,58933.333333333336,2134.338843494735,0.03621615684663012,3840.631070455678,0.07053104791405666,0.0165956252259437
2020-02-12,59103.333333333336,2044.4176868147024,0.03459056488886192,3843.868806716046,0.07042130718352875,0.01660893851130323
2020-02-13,59286.666666666664,1925.4615807256257,0.03247714349587809,3842.9314783202744,0.07023043699084709,0.01656279235086695
2020-02-14,59496.666666666664,1839.8806807888573,0.030924096825405187,3868.2145697403757,0.07051136971789194,0.01677846152301217
2020-02-17,59696.666666666664,1712.1237735899185,0.02868039153928056,3895.7306011008,0.07084792509352113,0.016837722217992245
2020-02-18,59830.0,1545.8844137546237,0.02583794774786267,3893.180800010663,0.0706630510937592,0.01778216541123472
2020-02-19,59943.333333333336,1436.8748015753201,0.023970552214457878,3901.4582007735435,0.07067787926241059,0.0175636819893361
2020-02-20,59990.0,1414.2989002718484,0.023575577600797606,3901.367001692641,0.07054133663194498,0.016689682678702685
2020-02-21,59980.0,1418.9359782402598,0.023656818576863286,3879.6711204038243,0.07001822810719074,0.016654107410280856
2020-02-24,59873.333333333336,1533.0684428865306,0.025605196128825253,3843.82219946789,0.06928094324493779,0.01818188592093832
2020-02-25,59803.333333333336,1574.469441744846,0.026327452902483353,3824.7995304575543,0.06884570309120507,0.01858121305474798
2020-02-26,59720.0,1681.0095488866505,0.028148184006809285,3797.681507375155,0.06828520196664847,0.01885428471849271
2020-02-27,59560.0,1808.1425027758894,0.030358336178238573,3761.448151610225,0.06756350772767865,0.018053923160856796
2020-02-28,59323.333333333336,2024.2807719479028,0.0341228427029483,3730.35599744367,0.06696092618844407,0.018597848714500292
2020-03-02,59076.666666666664,2086.356886410163,0.03531609016098002,3701.4914580114005,0.06639380399219261,0.01847910952104234
2020-03-03,58876.666666666664,2142.7799110329297,0.03639438222894632,3668.392554318961,0.06574376572153817,0.01845127983059449
2020-03-04,58713.333333333336,2057.9087700252862,0.03505010962913511,3626.6199617639395,0.06490465942685794,0.0195181851976365
2020-03-05,58613.333333333336,2025.6515909247466,0.03455956990886169,3584.7151329315084,0.06406043424449456,0.01915491096720071
2020-03-06,58483.333333333336,2032.1694426592564,0.03474783885994739,3549.0239290454656,0.06335594283783597,0.019521123277244597
2020-03-09,58316.666666666664,2171.616803266581,0.03723835615775789,3532.27534333354,0.06303319769205971,0.020564970518400304
2020-03-10,58176.666666666664,2272.4259152345912,0.03906077892456182,3517.747096041562,0.06275030248520728,0.020635761586091626
2020-03-11,57943.333333333336,2520.219384721562,0.043494553035521404,3530.574544847846,0.06299410387008834,0.022107352045881566
2020-03-12,57730.0,2836.35876335887,0.049131452682467866,3558.4301006935048,0.06351755914011471,0.02181779024083383
2020-03-13,57515.0,3165.959842470817,0.05504581139651946,3592.118227216445,0.0641462410860295,0.021868326563347626
2020-03-16,57238.333333333336,3535.526184643351,0.06176850335689982,3640.2214540746168,0.06504008791922407,0.02180936962945274
2020-03-17,56851.666666666664,3956.759457219858,0.06959795005517033,3736.918757178341,0.06683811048432017,0.021382019793876324
2020-03-18,56388.333333333336,4422.389807467831,0.0784273899589365,3875.8616294683475,0.0694184172442092,0.021766267589734208
2020-03-19,55783.333333333336,4963.927347639534,0.08898585027139887,4095.3332427943656,0.07349331362999968,0.022619954736222695
2020-03-20,55283.333333333336,5231.129193938738,0.0946239830076347,4232.57465406645,0.0760821112807415,0.025735848157642537
2020-03-23,54710.0,5655.702035754836,0.10337601966285571,4448.152592441216,0.08013325726747389,0.02772773478122323
2020-03-24,54278.333333333336,5739.498406134722,0.10574197941722704,4534.151308666949,0.08178975362877065,0.03427692483853914
2020-03-25,53883.333333333336,5704.207964805208,0.10586219544952442,4576.2362144163735,0.08260437013958696,0.03505267932065864
2020-03-26,53453.333333333336,5658.666428331546,0.10586180646666649,4622.994723362042,0.08350198687523633,0.035043368109136615
2020-03-27,53003.333333333336,5506.7659532949,0.10389471014329099,4666.069016037007,0.0843358626842986,0.03487742493719998
2020-03-30,52548.333333333336,5341.969211580254,0.10165820441333857,4717.907553714024,0.08534050443860158,0.034872193267748174
2020-03-31,52146.666666666664,5229.754615020999,0.10028933677488493,4770.526612157401,0.08636260951918778,0.03468886505272787
2020-04-01,51666.666666666664,5124.894167676556,0.09919150001954626,4863.1274969082015,0.08815248078503503,0.035128707775825226
2020-04-02,51226.666666666664,4948.366733916705,0.09659747658608873,4926.060948355691,0.08937425998165772,0.0355623821866688
2020-04-03,50820.0,4768.5499856368715,0.09383215241316158,4974.365153127865,0.09031072949347074,0.03562078202610141
2020-04-06,50550.0,4646.021657437628,0.09190942942507672,4995.5207464376035,0.09072592692625124,0.035879232782283776
2020-04-07,50273.333333333336,4435.606970348307,0.08822981641058826,4999.102447529706,0.09079647248426892,0.03585926940701131
2020-04-08,50010.0,4285.146760453006,0.08568579804945023,5010.606602681962,0.0910210306477831,0.035790709253177795
2020-04-09,49783.333333333336,4140.242649338625,0.08316523567469618,5015.75856252588,0.09112197630749479,0.03588028729003805
2020-04-10,49618.333333333336,4055.933995359499,0.08174264879297637,5029.170246748975,0.09138684236498335,0.0355474496501691
2020-04-13,49395.0,3931.9502487469144,0.07960219149199138,5063.171134287264,0.09205858687175704,0.035502777163545836
2020-04-14,49181.666666666664,3764.981186318675,0.0765525335250671,5089.375637739968,0.09258179615692874,0.03560687973323057
2020-04-15,48901.666666666664,3430.17751961793,0.07014438879965776,5118.140761685643,0.09315967450055271,0.03482851321424657
2020-04-16,48608.333333333336,2991.1675535371824,0.061536106021680415,5153.564545835098,0.09388610072874022,0.03476752809269554
2020-04-17,48438.333333333336,2652.99711235448,0.054770610997236624,5166.666334420542,0.0941877009282753,0.035928450902183426
2020-04-20,48301.666666666664,2443.2695495901226,0.05058354541782801,5190.912693761649,0.09471796252061358,0.03545558504038779
2020-04-21,48123.333333333336,2144.7101457296535,0.044566949069674865,5219.658055106039,0.09538655098774462,0.0354995657856291
2020-04-22,48048.333333333336,2037.5138388925056,0.042405504989264396,5241.968144215248,0.09591987983599962,0.03463395543186029
2020-04-23,48016.666666666664,2000.3160669795184,0.04165878653896949,5264.202713824133,0.09644733510660423,0.034341288043166246
2020-04-24,47996.666666666664,1983.2459171309065,0.0413204927522239,5290.666793382515,0.09706359226696286,0.034252763939692524
2020-04-27,48028.333333333336,2005.6249921647163,0.04175920447301349,5312.231193169831,0.09757159334393568,0.034072487203239736
2020-04-28,48121.666666666664,2035.4904235510724,0.04229883469437341,5331.548039207816,0.09802441697385211,0.03347027168825239
2020-04-29,48268.333333333336,2005.8312978420179,0.04155584333086602,5350.812765686341,0.09848323051836862,0.03268404929273211
2020-04-30,48493.333333333336,1751.0948955820777,0.036110012969110754,5371.724650226535,0.09898350160116051,0.03051480922430236
2020-05-01,48626.666666666664,1657.206484821247,0.03408019916687511,5390.692144590667,0.09947761846448916,0.029027423626152276
2020-05-04,48826.666666666664,1187.9229434355034,0.02432938851929622,5421.0294732008315,0.10018741069203557,0.026308836711658373
2020-05-05,48890.0,1133.8369401711982,0.023191592149134757,5446.800049022471,0.10080340617760919,0.019241710050161547
2020-05-06,48908.333333333336,1134.2689680821984,0.02319173218092755,5468.492233090354,0.10133405416641071,0.01816699310634137
2020-05-07,48941.666666666664,1115.1065615798295,0.02278440105390423,5493.805642444276,0.10193745071487899,0.017924199095169846
2020-05-08,48958.333333333336,1108.9046578629348,0.02264996747975356,5517.1423072502575,0.10251206351535962,0.01783013843438258
2020-05-11,48976.666666666664,1094.400586475714,0.02234534648762773,5543.540093346543,0.10315375485122737,0.01781011542176188
2020-05-12,48981.666666666664,1088.9320403523684,0.022231420742843278,5573.030770822382,0.10387217589935581,0.017913864077583854
2020-05-13,49073.333333333336,913.4751127476934,0.018614490818116287,5588.510373056633,0.10433895520694887,0.01622735626228708
2020-05-14,49113.333333333336,833.2459724324652,0.01696577926766252,5592.8184288001785,0.10464950593401444,0.015965196932591123
2020-05-15,49141.666666666664,771.0363976084338,0.015690074226388344,5585.8771945378685,0.10477339603155487,0.015967647224452063
2020-05-18,49145.0,769.2752971198476,0.01565317523898357,5559.946520054533,0.10453101321375544,0.015004110561185696
2020-05-19,49168.333333333336,793.77788664937,0.016144087725488015,5520.3171725356615,0.10399668132504622,0.015650723791321985
2020-05-20,49215.0,800.3393676737877,0.01626210236053617,5493.353747325699,0.10368404946350686,0.015204389059224539
2020-05-21,49243.333333333336,811.1011388670737,0.016471288273209376,5440.2593662924955,0.1029139362212722,0.015105753941662702
2020-05-22,49226.666666666664,816.0811882082124,0.016578030638032485,5382.0820138673025,0.10208267167849805,0.0157630141497116
2020-05-25,49245.0,800.5763010440061,0.016257006823921335,5297.185552868808,0.1007601605744886,0.015346253403955908
2020-05-26,49253.333333333336,799.2381429809271,0.016227087364258132,5223.996925979726,0.09962383026013655,0.015191417322079319
2020-05-27,49283.333333333336,806.2614162072765,0.016359717609887248,5123.5055066480745,0.09796481704677694,0.015373882603270687
2020-05-28,49330.0,829.4784402013173,0.016814888307344768,5046.329335546332,0.09670282232685053,0.015467791864916713
2020-05-29,49306.666666666664,777.455324510282,0.015767752660430276,4971.916795032685,0.09547404153171994,0.012740354956161474
2020-06-01,49343.333333333336,839.6154018291317,0.017015781973163512,4914.30245322231,0.09452904469901961,0.011944981832194007
2020-06-02,49415.0,919.3466570680778,0.01860460704377371,4860.6482783053,0.09364508772382814,0.011469676782832438
2020-06-03,49570.0,1305.9281281380818,0.02634513068666697,4808.041179889647,0.09272286578528734,0.015418006424469919
2020-06-04,49728.333333333336,1596.6388906470318,0.03210722708007571,4783.305765361738,0.09229726512999012,0.015409448661391075
2020-06-05,49933.333333333336,1910.376986326307,0.03825855112803018,4774.566572481234,0.09214641652960019,0.015389318292170977
2020-06-08,50101.666666666664,2114.3794774620637,0.04220177926473631,4751.519534857912,0.09174687208616343,0.015574111403536555
2020-06-09,50281.666666666664,2332.805153684627,0.046394746004533666,4707.664381897173,0.09096643036096436,0.015634035867028297
2020-06-10,50461.666666666664,2511.788871169987,0.049776177385539924,4651.342851757253,0.08995731359030262,0.015631754274365695
2020-06-11,50615.0,2602.4573930726833,0.05141672217865619,4551.186377275509,0.0881490878473763,0.016126234070443068
2020-06-12,50711.666666666664,2609.6202436546187,0.0514599581356286,4454.891860151264,0.0864346884144339,0.017681087108772444
2020-06-15,50758.333333333336,2581.0677866999654,0.050850128780823484,4372.214683195933,0.08501016915381443,0.01949014120426855
2020-06-16,50866.666666666664,2566.371829610064,0.05045291932392001,4278.7760115835035,0.08333383993735521,0.020938745788099018
2020-06-17,50966.666666666664,2557.6232681161623,0.05018227471777951,4167.230111716184,0.08130740015271944,0.020917508460977452
2020-06-18,51083.333333333336,2535.109782474004,0.04962694517077985,4045.5544643280073,0.07907737287337423,0.02082985019637172
2020-06-19,51220.0,2518.2300845277555,0.04916497626957742,3888.2529397975486,0.07614983616006689,0.020890275211796545
2020-06-22,51340.0,2464.415717281922,0.0480018643802478,3727.2836299946453,0.07314853557049643,0.021113634082734974
2020-06-23,51456.666666666664,2377.2533170306615,0.04619913163886756,3606.525375052556,0.07090851738478662,0.021140276133278617
2020-06-24,51601.666666666664,2325.958583752786,0.045075260820117945,3473.7918799156487,0.06840791405118066,0.021597036777853455
2020-06-25,51731.666666666664,2224.4907721548816,0.04300056262421241,3334.379096256479,0.06577909947351207,0.021816610789265296
2020-06-26,51913.333333333336,2116.4761431132924,0.04076941331282828,3221.2797547599134,0.0636302173779736,0.022219322684080785
2020-06-29,52033.333333333336,2034.331769187692,0.03909670280309466,3159.3025451489125,0.06246630030941312,0.022314167600662044
2020-06-30,52116.666666666664,2011.961357915953,0.03860495090340812,3070.964918488308,0.06078778086852096,0.021712422496400128
2020-07-01,52203.333333333336,1973.2667354403134,0.03779963097069753,3012.588082331681,0.059683442642801614,0.021689688623736283
2020-07-02,52301.666666666664,1930.1368244037515,0.03690392577171699,2968.1697261267373,0.058842313149422634,0.02169545190763286
2020-07-03,52463.333333333336,1822.5093223039762,0.03473872524882094,2960.2993678115236,0.058694044853893734,0.021206270861928098
2020-07-06,52668.333333333336,1746.350052465698,0.033157496012133116,2960.2993678115236,0.058694044853893734,0.021602395216033545
2020-07-07,52806.666666666664,1626.490474723913,0.030800854842644484,2929.9693960299396,0.05811829756850395,0.022429077093378488
2020-07-08,52910.0,1531.1366073426038,0.02893851081728603,2847.6429243706534,0.05654011564321758,0.022415004996722304
2020-07-09,52990.0,1456.3416613152767,0.027483330087097125,2747.991037843658,0.05462177267487422,0.022387172726557106
2020-07-10,53056.666666666664,1392.265168296021,0.02624109759934701,2680.161838052222,0.05331828017477702,0.02237994278774923
2020-07-13,53130.0,1348.345090382423,0.0253782249272054,2668.272281138357,0.05309114139224056,0.022432810269628217
2020-07-14,53210.0,1312.8936191375776,0.02467381355267013,2654.9455065868065,0.0528353205879142,0.022455911872267562
2020-07-15,53216.666666666664,1320.1576011801678,0.024807220817666793,2689.2320653158126,0.05348689757647388,0.019946834297856902
2020-07-16,53190.0,1299.164187547768,0.02442497062507554,2714.2471590569257,0.053948663180645826,0.02017464289929457
2020-07-17,53153.333333333336,1246.1619237601687,0.023444661804091972,2747.9080682511376,0.05456408740046385,0.020045709071458855
2020-07-20,53130.0,1218.577463472274,0.022935770063472128,2772.9208224613258,0.05499644630030396,0.019962351708132424
2020-07-21,53123.333333333336,1205.6428628094811,0.022695165893382965,2799.875376216986,0.05543331951681304,0.020211777378295624
2020-07-22,53100.0,1166.19037896896,0.02196215402954727,2784.882947936412,0.055026337639526024,0.02030607630721903
2020-07-23,53093.333333333336,1159.6471916902872,0.02184167236985724,2686.564865033336,0.05295404952924305,0.0200706801746271
2020-07-24,53156.666666666664,1166.6880129409012,0.021948103334938882,2650.147865283047,0.052135765735592254,0.01878665334099758
2020-07-27,53346.666666666664,1078.867008944215,0.020223700492580887,2545.0675043595465,0.04992558231723519,0.01694959177629422
2020-07-28,53563.333333333336,1418.9562296310962,0.02649118606567483,2632.694181192434,0.05151371343319399,0.017773328154787892
2020-07-29,53790.0,1707.4582844400968,0.031743043027330296,2747.716620980516,0.05364363949462499,0.0177767373892966
2020-07-30,54013.333333333336,1929.5762145651904,0.0357240721037742,2842.9809859355555,0.05536896416134512,0.017788216358491288
2020-07-31,54180.0,2042.7162444089072,0.03770240392043018,2906.785563059661,0.056494239739862756,0.018206407638296677
2020-08-03,54340.0,2054.028841754228,0.03779957382690887,2935.102462762661,0.05693454784762798,0.01828719194709084
2020-08-04,54536.666666666664,2045.260852317512,0.03750249102715321,2968.535843842694,0.057464800977758225,0.0181056411930321
2020-08-05,54670.0,2065.170945583514,0.03777521393055632,2952.949867733515,0.05702693748238145,0.017562428919701174
2020-08-06,54873.333333333336,2083.255630734746,0.03796480921032826,2976.5547139340065,0.05734497634704982,0.01733307582634532
2020-08-07,55013.333333333336,2114.7647351554187,0.038440948894003006,2987.8514424576574,0.057433523738787316,0.016916581570589093
2020-08-10,55193.333333333336,2114.471211850991,0.03831026473941885,3027.8503868326684,0.05808949507368985,0.016512394097699886
2020-08-11,55373.333333333336,2133.4662314925417,0.03852876652105481,3082.514062630719,0.059030004922977754,0.01650648919359936
2020-08-12,55586.666666666664,2166.314737112154,0.03897184103703803,3139.7098735212253,0.059992545591310315,0.016557143888961377
2020-08-13,55780.0,2177.0590728999387,0.03902938459842127,3191.2208399666138,0.06085277304878336,0.016632283252000005
2020-08-14,55926.666666666664,2173.3389746769694,0.03886051331523965,3225.9897686624204,0.061401941245557326,0.016760765015259232
2020-08-17,56036.666666666664,2208.054742782838,0.03940374890457744,3250.471011676894,0.061737341152457624,0.016191599703466272
2020-08-18,56203.333333333336,2190.8089095492196,0.03898005295443721,3282.731840948103,0.0622266403431684,0.015063507286945903
2020-08-19,56363.333333333336,2123.023759889834,0.037666753088115804,3300.654609155252,0.06245063065233727,0.01513955644386649
2020-08-20,56450.0,2023.2698014981727,0.03584180339235027,3285.6360867236954,0.06208293922133328,0.0172254318541307
2020-08-21,56556.666666666664,1899.3071937133336,0.0335823750877586,3296.416167682832,0.06222784107128427,0.017263743821386096
2020-08-24,56646.666666666664,1806.2598685247171,0.03188642818391286,3298.3243958446064,0.06218560323990585,0.017136814469962246
2020-08-25,56733.333333333336,1725.5350661076268,0.030414836652895887,3292.1142965914296,0.06197569140683547,0.017116281047898807
2020-08-26,56790.0,1683.8686982964778,0.029650795884776857,3291.424942529993,0.061877936379107094,0.01688075189438715
2020-08-27,56850.0,1603.8208688346592,0.028211448880117136,3281.6122696988673,0.06161944988533357,0.01680292217793278
2020-08-28,56883.333333333336,1560.964187738306,0.027441503446908395,3262.6090751922816,0.0611853924209342,0.01671550166872863
2020-08-31,56876.666666666664,1573.198659733639,0.027659825231207393,3242.2309426754114,0.06075069689081081,0.01737517267550891
2020-09-01,56840.0,1623.236443566789,0.028557995136643016,3224.5324545677527,0.06036754571876351,0.01697054216251767
2020-09-02,56830.0,1637.7339264338161,0.028818122935664544,3205.473091498902,0.05995585353247803,0.016875797320681295
2020-09-03,56906.666666666664,1557.3924567580978,0.027367486939282412,3194.861130072536,0.05967427320124277,0.017988626959175625
2020-09-04,56953.333333333336,1493.1414080277243,0.026216927449860546,3171.3832900696902,0.05915962735250684,0.01821415890466297
2020-09-07,56983.333333333336,1473.9305493702918,0.02586599384680243,3138.571454345332,0.058450628721525434,0.01785136958254572
2020-09-08,56986.666666666664,1477.8207005546035,0.025932745096302123,3139.4235179356883,0.058347571835665864,0.016554485800367
2020-09-09,56966.666666666664,1453.493611324149,0.02551480885882064,3137.5571180717075,0.05820230859831681,0.01653008706175143
2020-09-10,56973.333333333336,1463.565163737147,0.02568859987837258,3138.8396911502914,0.05810155533689686,0.016725248591127433
2020-09-11,57010.0,1500.8847965160355,0.026326693501421427,3132.260554260158,0.05785839334265424,0.016356077651648523
2020-09-14,57130.0,1622.5033871701091,0.028400199320323984,3140.714868885634,0.05787202632919908,0.016427593915313517
2020-09-15,57253.333333333336,1769.8106918697874,0.03091192405454915,3145.735872935139,0.05780949658270971,0.016444654039328887
2020-09-16,57390.0,1895.430075843715,0.03302718375751377,3158.6178510683226,0.057899041028982356,0.016360634084737407
2020-09-17,57440.0,1931.5171810493332,0.03362669187063602,3122.916833756643,0.05711085678484519,0.016769569758487417
2020-09-18,57500.0,1961.1748765856707,0.03410738915801167,3074.3280783907608,0.05609177891971466,0.016693763641520035
2020-09-21,57546.666666666664,1985.0707159004498,0.03449497305202357,3041.2080358144544,0.05537075643779351,0.016681724572011683
2020-09-22,57546.666666666664,1985.0707159004498,0.03449497305202357,3020.169196010898,0.05489996720748537,0.01695010889273818
2020-09-23,57533.333333333336,1976.2963154435804,0.034350457394731984,2995.754590756513,0.05436173824386277,0.016806065119078468
2020-09-24,57503.333333333336,1964.7730997070448,0.034167986198603756,2957.9359072602365,0.05359064964689259,0.016965908403076158
2020-09-25,57500.0,1963.9860944796533,0.03415627990399397,2890.402561286384,0.052270828162391654,0.01683012974274588
2020-09-28,57496.666666666664,1962.6659092325074,0.03413529901847946,2823.342652394976,0.05096235270716255,0.016830224809973406
2020-09-29,57490.0,1959.8293381011158,0.03408991716996201,2761.20800790525,0.04975149563793243,0.016826914404710864
2020-09-30,57506.11111111111,1964.446844496492,0.03416066234596986,2711.121606424262,0.04876718978388296,0.016717413107272122
2020-10-01,57605.0,1929.1231903442506,0.03348881503939329,2669.3947304987873,0.04794028071176247,0.014644984848263902
2020-10-02,57690.0,1907.4646670221061,0.03306404345678811,2631.622257347546,0.047188938885712406,0.014580905636088135
2020-10-05,57776.666666666664,1891.7323650546361,0.03274215135962562,2603.955744266993,0.046623168142288895,0.014584893855744416
2020-10-06,57863.333333333336,1886.0366114197993,0.03259467615795494,2581.1186592410536,0.04614450743548028,0.01458282727051014
2020-10-07,57980.0,1900.5917610430154,0.03278012695831348,2609.975342008295,0.04661040177409845,0.01478952571039527
2020-10-08,58116.666666666664,1870.7262916409004,0.03218915328318154,2634.583688362346,0.04700230577687695,0.014506076482275955
2020-10-09,58265.833333333336,1824.4775009135985,0.031312990762114995,2664.4724264822694,0.047494346664172,0.014462251453770806
2020-10-12,58479.166666666664,1676.6636245712998,0.02867112717471407,2699.464172683009,0.04806571779852328,0.013479987776598493
2020-10-13,58702.5,1526.520267913702,0.026004348501574924,2744.2268450152815,0.04881060006252508,0.013505103360113704
2020-10-14,58919.166666666664,1345.3217329445315,0.02283334624462099,2786.6294064357803,0.04951098299354359,0.01352373080657183
2020-10-15,59039.166666666664,1271.3938372002517,0.02153475241916104,2805.7608746143605,0.04979486582799695,0.012483057922070032
2020-10-16,59169.166666666664,1094.7260149879687,0.01850162976191939,2791.701534244528,0.04947510534019396,0.012260584918495273
2020-10-19,59285.833333333336,981.0590053759979,0.016547949994394354,2728.6941223974904,0.04826248945229644,0.012040597225705772
2020-10-20,59359.166666666664,1017.3126598501533,0.017138257104633993,2725.521646001015,0.048123153673304137,0.010242061125624957
2020-10-21,59442.5,1038.2123183657168,0.0174658252658572,2720.685445160688,0.04795591244854546,0.010175016048169769
2020-10-22,59472.5,1043.9507142908512,0.01755350311977555,2702.054649514399,0.04755487256601941,0.010243787746396863
2020-10-23,59512.5,1048.203055515727,0.01761315783265242,2692.619510502394,0.04732126671552661,0.010219162188087298
2020-10-26,59512.5,1048.203055515727,0.01761315783265242,2666.289313773476,0.04678179311520435,0.009290412669528127
2020-10-27,59472.5,1011.744136289731,0.017011965804190694,2614.788935392823,0.04580317819825396,0.00926960878713925
2020-10-28,59405.833333333336,972.7640389516819,0.016374890888128525,2583.901849367461,0.04520845580374545,0.009558081833164117
2020-10-29,59359.166666666664,1001.2548400821564,0.016867737475236733,2524.175880021424,0.04411031260140251,0.008874411356497242
2020-10-30,59269.166666666664,1120.9498187551824,0.018912866196676446,2490.2727270932387,0.04348998402794066,0.010005596948788678
2020-11-02,59209.166666666664,1171.799770892554,0.019790850587198844,2435.7904229208693,0.04249727643593857,0.010402246022220842
2020-11-03,59229.166666666664,1159.032390563,0.019568608774894126,2392.5140905607213,0.04169373811480643,0.010917762920556967
2020-11-04,59225.833333333336,1161.0462937227296,0.019603713926457704,2340.244329919176,0.040736308235423124,0.010890345187149753
2020-11-05,59309.166666666664,1144.7831655677269,0.019301960049476225,2308.4171451404786,0.04012486889883069,0.01190361403387592
2020-11-06,59382.5,1121.6315044609933,0.01888824998039815,2285.6219052494853,0.03967883097876823,0.011934652230145094
2020-11-09,59449.166666666664,1108.2811542460176,0.01864250108769707,2284.8051688926844,0.03962490718239159,0.01191203876167148
2020-11-10,59515.833333333336,1090.5602228283815,0.018323867141713798,2254.55512343737,0.03904911905343026,0.01191203876167148
2020-11-11,59616.38888888889,1111.8666851477242,0.01865035279510112,2228.2385183156052,0.03853176611892507,0.012309238620695271
2020-11-12,59704.166666666664,1113.748008498943,0.018654443578738664,2187.587148254769,0.037769296265986775,0.01236792927347519
2020-11-13,59862.5,1257.6447267091075,0.021008890819947505,2186.073576305736,0.03766729147278599,0.013834871863395572
2020-11-16,60115.833333333336,1702.2612158904706,0.0283163539703706,2298.670451764702,0.039509821703595314,0.01611906941525594
2020-11-17,60339.166666666664,1969.3741712623291,0.03263840520274,2384.5594296497366,0.040893155808268036,0.01629472201564312
2020-11-18,60502.5,2128.4642148252015,0.035179772981698304,2449.4445247899257,0.041925194051375875,0.016442847870597372
2020-11-19,60665.833333333336,2249.3340329867274,0.03707744391521962,2484.6546675749482,0.04244068724595303,0.016439743841248983
2020-11-20,60826.666666666664,2360.5863288789556,0.03880841180752338,2528.453081311347,0.0431045507797986,0.01644081353269864
2020-11-23,61063.333333333336,2654.012360407088,0.04346327354779881,2650.6500657215543,0.045074185234019334,0.01795194913451601
2020-11-24,61290.0,2916.9362765369847,0.04759236868228071,2785.198205123115,0.04725146460842518,0.01793178700643956
2020-11-25,61480.0,3072.166482557514,0.049970177009718834,2862.8336587071376,0.048459862096370966,0.01828880855066767
2020-11-26,61746.666666666664,3279.479913910914,0.05311185349672178,2964.4850713825826,0.05004969379207196,0.018247038825193147
2020-11-27,62036.666666666664,3453.9815439207337,0.05567645280620172,3063.203459424618,0.05158090122562982,0.018095230376117027
2020-11-30,62260.0,3533.44610533516,0.05675306947213556,3131.73201222227,0.0526255525194304,0.018724403184267418
2020-12-01,62490.0,3664.0236032966613,0.05863375905419525,3249.63266194446,0.05451311297139395,0.018757018921770403
2020-12-02,62776.666666666664,3866.1825895952825,0.061586299414781755,3411.8500922239286,0.05712254192345072,0.01913526307561875
2020-12-03,63096.666666666664,4030.785269033209,0.06388269748586628,3568.9827725256596,0.05963461752831212,0.01884748332398936
2020-12-04,63473.333333333336,4271.552518644454,0.06729680472604432,3767.9647199065016,0.06280086572218527,0.01920356806555598
2020-12-07,63890.0,4561.2573886500495,0.07139235230317811,3990.0399658977485,0.06630451524070871,0.01935742851478525
2020-12-08,64286.666666666664,4708.373563046238,0.07324028149506748,4158.518108899558,0.0689209547777014,0.019585267659306283
2020-12-09,64783.333333333336,4912.902318935263,0.07583589892876659,4380.77410122522,0.07237791947686176,0.019707903726241413
2020-12-10,65276.666666666664,4961.484992754728,0.07600702128511559,4562.022032152602,0.07516684584605027,0.019640416992203123
2020-12-11,65836.66666666667,4896.056353442927,0.07436671085174816,4741.366101924891,0.07789509264914687,0.018582334360101007
2020-12-14,66383.33333333333,4836.7902817759,0.07286151566822849,4921.552205147074,0.08061987440575458,0.018562940026256598
2020-12-15,66883.33333333333,4801.011627113056,0.0717818832860163,5091.938815617829,0.08317481084175028,0.018379700788806262
2020-12-16,67393.33333333333,4691.1459767000515,0.06960845746414164,5255.794324899038,0.08562133544044807,0.01828139223080709
2020-12-17,67826.66666666667,4613.094804809157,0.06801299594273377,5395.476854737721,0.08766520590636599,0.017954606845297573
2020-12-18,68256.66666666667,4466.942434444379,0.06544331348993082,5515.04836832749,0.08936599101567273,0.017969868331361133
2020-12-21,68683.33333333333,4278.179062632851,0.06228846002377362,5629.324977605535,0.09097694740580425,0.01798779704269256
2020-12-22,69086.66666666667,4012.973214835164,0.0580860737455635,5722.7785393425775,0.09225699916991674,0.01819136457694467
2020-12-23,69506.66666666667,3824.8672127798304,0.05502878207529009,5839.486221317908,0.09386774305884873,0.018290222509316112
2020-12-24,70066.66666666667,3765.847739274384,0.05374663757289796,6020.539445025794,0.0963924643523616,0.01992609500632401
2020-12-25,70560.83333333333,3806.1864531427664,0.05394191470446683,6198.796271734922,0.09885736691642324,0.019262185655772864
2020-12-28,70974.16666666667,3996.078267875137,0.05630327843992725,6383.260846832085,0.10139313028854353,0.017657062510490748
2020-12-29,71394.16666666667,4083.8183795887167,0.0572010091336414,6545.899618099488,0.10357618200547723,0.017556315401527307
2020-12-30,71934.16666666667,4249.505464803818,0.05907492450000094,6768.627255127088,0.10663920401950773,0.017872988711811352
2020-12-31,72494.16666666667,4355.316228934251,0.06007816117068156,6974.682434968775,0.109391530444067,0.01776976240179382
2021-01-01,73064.16666666667,4418.601370876035,0.060475628101454675,7171.55588385489,0.11196420100732739,0.017740198828934794
2021-01-04,73580.83333333333,4645.90885717641,0.0631402044079832,7363.747133605834,0.11438929216640922,0.016560049419267548
2021-01-05,74120.83333333333,4874.644475688714,0.06576618551718992,7565.394079492833,0.11692232495695899,0.01655761970304682
2021-01-06,74640.83333333333,4876.759113798584,0.06533634333930602,7706.160874146409,0.11853200688289185,0.016773426362676556
2021-01-07,75137.5,4935.492280585451,0.06568613915269275,7877.715709930741,0.12062446431321208,0.016573825022662636
2021-01-08,75824.16666666667,5352.418416220197,0.07058987459433817,8189.1916108032065,0.12468951343658131,0.020060696803358768
2021-01-11,76634.16666666667,5748.089950123146,0.07500688270188205,8554.143139814012,0.12949051074498957,0.019369493658585875
2021-01-12,77394.16666666667,6039.666593237174,0.07803774952768414,8899.668403394851,0.13400200028533563,0.01951800007478011
2021-01-13,78067.5,6251.521021815458,0.08007840678663282,9189.799564867808,0.13764969557602483,0.019621680848540622
2021-01-14,78734.16666666667,6393.236200015523,0.08120027772799428,9466.014526912471,0.14107090583400217,0.019657100143256803
2021-01-15,79284.16666666667,6458.830106959625,0.08146431221399343,9678.352116341279,0.14354603425631007,0.02000505077281355
2021-01-18,79687.5,6424.121937853222,0.08061643216129534,9824.048956012733,0.1451186511794682,0.02124083328192709
2021-01-19,80197.5,6375.2767012290915,0.07949470620940917,10005.51796886178,0.1471712319933254,0.02108149092640721
2021-01-20,80640.83333333333,6384.68157110132,0.07917430050245,10179.619687947994,0.1490936828777229,0.020606696024147657
2021-01-21,81147.5,6352.240814237274,0.07828017886240826,10347.577849589044,0.15085154393180758,0.020300867798361783
2021-01-22,81594.16666666667,6259.1163972804825,0.07671034159648442,10475.27504786089,0.1520359223201871,0.020664978154779544
2021-01-25,82114.16666666667,6237.234146546304,0.07595807641652948,10643.4131629755,0.1537275620535041,0.02112135354065105
2021-01-26,82544.16666666667,6087.146163805561,0.07374411069393833,10734.967554771409,0.15434399091480852,0.02215804371034447
2021-01-27,82937.5,5880.368970067299,0.07090120838061552,10802.516367155802,0.15464814179840333,0.022386203698904265
2021-01-28,83284.16666666667,5592.106826980343,0.06714489741323793,10822.806481561314,0.15430291533449264,0.02284680420594562
2021-01-29,83584.16666666667,5252.4644598789155,0.06284042384278021,10814.699748452831,0.15360092435506725,0.02325110111948026
2021-02-01,83917.5,4860.276838644897,0.05791732163904903,10816.102473700736,0.15302196378732472,0.023286727556335676
2021-02-02,84320.83333333333,4336.821512735498,0.051432384397713075,10828.917120607715,0.1525748768499921,0.023240892351630814
2021-02-03,84677.5,3864.5178023680483,0.04563807153456406,10837.679262094805,0.15207181151517626,0.023028624057433063
2021-02-04,84834.16666666667,3666.275024798768,0.04321696279760043,10813.442788668985,0.15116296622169545,0.02186236821517627
2021-02-05,85016.66666666667,3445.244932319043,0.04052434737093562,10795.228997159837,0.15032346356980836,0.021939678350406312
2021-02-08,85160.0,3257.733504478036,0.03825426848846919,10767.41403755687,0.14937453000078896,0.02195605549867806
2021-02-09,85306.66666666667,3029.274788974788,0.035510410936716016,10733.602728258895,0.1483634730223769,0.021941794394051178
2021-02-10,85326.66666666667,3001.7159843273835,0.03517910755911458,10694.523856247974,0.14733229454948302,0.02124539107265414
2021-02-11,85350.66666666667,2971.9689669008458,0.034820688378542394,10651.985191824022,0.1462443736177886,0.021257816867205792
2021-02-12,85378.66666666667,2941.160612261463,0.03444842519905202,10610.943218354476,0.14517673299324999,0.02126991503617674
2021-02-15,85418.66666666667,2915.745286321221,0.03413475531875805,10587.680183285775,0.14433623374168433,0.021378461437096607
2021-02-16,85452.0,2903.475206688329,0.033977849631235416,10572.703429391384,0.14360999453585818,0.021341667834790513
2021-02-17,85485.33333333333,2870.405153827277,0.03357775002917394,10532.461100430493,0.14258350196914563,0.021333501262286683
2021-02-18,85458.66666666667,2898.827031906407,0.03392080809326622,10462.882107747406,0.1411722871957145,0.021419779349033
2021-02-19,85252.0,2873.2948766647137,0.033703548030130835,10383.381625734435,0.1396161055005949,0.017063780938942535
2021-02-22,84958.66666666667,2710.8514164909084,0.03190788559720305,10301.518766279392,0.13805747212865974,0.01629308394175936
2021-02-23,84672.0,2543.256668673183,0.030036572523067635,10225.642335650638,0.1366113763978214,0.016292819896160462
2021-02-24,84415.33333333333,2403.0077895782347,0.02846648463839391,10143.720713610304,0.13509380133060275,0.016254030653709176
2021-02-25,84268.66666666667,2194.5743964608027,0.026042590719296252,10072.950552696813,0.1336528902456239,0.018006236901885356
2021-02-26,84085.33333333333,2099.799224116759,0.024972241184948136,9969.427579870546,0.13184583484576312,0.018658321296078025
2021-03-01,84029.5,2096.906732503797,0.024954411635244728,9868.691704326997,0.13007541557588734,0.017731147024966816
2021-03-02,83916.16666666667,2021.3411744854839,0.024087625242877123,9751.443328618445,0.1280835695767607,0.017168153479366052
2021-03-03,83809.5,1924.1739606976046,0.02295890037164766,9612.989173453545,0.12580598626595266,0.017192128856853364
2021-03-04,83619.5,1760.3508417923892,0.021051917815729456,9432.4651629986,0.12300880045525764,0.01735370739581049
2021-03-05,83462.83333333333,1674.5888241229177,0.020063886609683564,9202.672536970864,0.1195702680349797,0.01719214102321587
2021-03-08,83216.16666666667,1264.7445450999967,0.015198303355718099,8977.623274031555,0.1162334108710089,0.016142027847607866
2021-03-09,83039.5,1123.6151246170934,0.01353109212624225,8769.770191600188,0.11317438851450126,0.015297146630565552
2021-03-10,82882.83333333333,1081.1517512300777,0.013044338709826254,8539.641237161064,0.10985172557704534,0.015185444439331085
2021-03-11,82826.16666666667,1081.3957163752657,0.013056208682545157,8345.906996576321,0.10702762277762373,0.014922973871089023
2021-03-12,82852.83333333333,1070.125422337353,0.01291597860065964,8139.982135333068,0.10405029992003423,0.014553414510814763
2021-03-15,82812.83333333333,1086.73322816038,0.01312276351886338,7917.769601073037,0.10090029665462262,0.014549607948175074
2021-03-16,82759.5,1044.5988753283805,0.012622102300380989,7686.798372110393,0.097644442772831,0.014386005693744474
2021-03-17,82682.83333333333,987.7139081537335,0.01194581593704941,7467.602957614986,0.09457969608617899,0.014407527359097198
2021-03-18,82696.16666666667,987.8605263561923,0.011945662854459504,7228.933873249636,0.09127557006085477,0.013727923747559136
2021-03-19,82642.83333333333,986.1556176848376,0.011932742113369432,7029.918499339912,0.0885304591884253,0.013715891477080522
2021-03-22,82609.5,990.5574449352528,0.011990841791019832,6894.5154196220665,0.0866349526571715,0.01368190539223994
2021-03-23,82579.5,1001.2925698003307,0.012125195354783338,6737.377752232342,0.08447051613113639,0.01367403734816515
2021-03-24,82559.5,1027.1892935677006,0.0124418061345781,6546.9157751789135,0.08189775676042235,0.013572113131283207
2021-03-25,82528.83333333333,1054.1426352229707,0.012773022380739307,6340.465709884629,0.07913261628625662,0.013525428693850929
2021-03-26,82490.83333333333,1070.4189345274283,0.012976216765831699,6124.892033494802,0.07626446048283445,0.01348911951184023
2021-03-29,82404.16666666667,1031.8230295745311,0.01252149097931372,5971.935723000202,0.0742151410390091,0.013001518479938584
2021-03-30,82314.16666666667,918.1053235059857,0.011153673306611689,5817.198986190802,0.07214772583302288,0.012979091742237311
2021-03-31,82254.16666666667,917.0342784261986,0.011148788147626142,5622.0776500877255,0.06958581465051418,0.012581658982803017
2021-04-01,82280.83333333333,924.0018690541441,0.011229855503660967,5458.102893039546,0.06741811155077936,0.0128112821638596
2021-04-02,82354.16666666667,1031.2798236682397,0.01252249722642942,5300.295075760662,0.06532006512725197,0.013411876774899568
2021-04-05,82460.83333333333,1170.8323618403977,0.01419864818861962,5090.096261374413,0.06256938890813595,0.013412595400776188
2021-04-06,82594.16666666667,1333.062382667993,0.016139909590079923,4903.797178364654,0.06012985977195853,0.013433257309408517
2021-04-07,82714.16666666667,1435.8057231760629,0.017358643398564085,4750.4135361082235,0.05812159450696653,0.013479144021282096
2021-04-08,82694.16666666667,1402.3330826537397,0.016958065353103177,4583.730584077886,0.05596808977005686,0.011572577971593211
2021-04-09,82730.83333333333,1411.4324365625855,0.017060536920687597,4450.816844890585,0.0542561253526885,0.010062796785086129
2021-04-12,82726.66666666667,1409.801485982175,0.017041681271442198,4344.48099961896,0.052886094315767414,0.00994173269315954
2021-04-13,82740.0,1420.1991118268836,0.017164601303201396,4203.292960329704,0.051082404613485365,0.010079574990686903
2021-04-14,82740.0,1420.1991118268836,0.017164601303201396,4110.730430125373,0.04988945612912095,0.010041830460189787
2021-04-15,82796.66666666667,1439.943325829762,0.01739132001082687,3987.6913367572215,0.04832322194669788,0.009362400822348042
2021-04-16,82856.66666666667,1447.3956000281944,0.017468667981190743,3869.6878033474377,0.046827040905539616,0.00934505132822931
2021-04-19,82900.0,1440.3064807925964,0.017374022687486085,3753.73429381455,0.04536594190655044,0.009450462063698017
2021-04-20,82983.33333333333,1422.7422121703219,0.017144915189841195,3632.3690848445494,0.04383971828333467,0.009405329228045994
2021-04-21,83040.0,1369.7721934910953,0.01649532988308159,3501.966032442291,0.04221604124934953,0.009803812434336293
2021-04-22,83053.33333333333,1361.2198721082218,0.016389707883788192,3348.104246799338,0.04031210840156475,0.009513029489436949
2021-04-23,83053.33333333333,1361.2198721082218,0.016389707883788192,3172.168262504054,0.03814378160614972,0.0093852662202531
2021-04-26,83110.0,1342.5015250717652,0.01615330916943527,2981.5323880127567,0.03580125372353118,0.009216813852572194
2021-04-27,83113.33333333333,1341.8292540852078,0.01614457272100595,2742.716296691988,0.032887119005447635,0.009062920283545215
2021-04-28,83106.66666666667,1346.4982254933711,0.01620204827723453,2553.317647930028,0.030582683322713508,0.009171087318043536
2021-04-29,83066.66666666667,1370.4601123464583,0.016498315959227027,2487.9398092351407,0.029784153153092106,0.009103533644916957
2021-04-30,83053.33333333333,1384.0802581179967,0.016664957354125823,2427.746087277166,0.02905012146764791,0.008844180626454506
2021-05-03,83043.33333333333,1393.007991491886,0.016774471057181627,2380.2463711002747,0.028470389726073922,0.008853668438336008
2021-05-04,83070.0,1375.9385511512355,0.0165636036011946,2314.836720336375,0.027672203688993993,0.009067923514819472
2021-05-05,83118.33333333333,1325.2510063672785,0.015944147978191076,2301.176842301674,0.027503612592224527,0.008874539306335366
2021-05-06,83155.0,1284.949348254096,0.015452460444400169,2293.1510691268545,0.027404413367009568,0.008877826973621791
2021-05-07,83168.33333333333,1269.1623176324467,0.015260162934199076,2292.2548588012223,0.027393339422558487,0.008907634686034893
2021-05-10,83221.66666666667,1234.1186533583875,0.014829295095728926,2291.685809248193,0.027385811789322527,0.009350954360398116
2021-05-11,83188.33333333333,1275.4771475865032,0.015332404154266463,2306.4185537188964,0.027571753689041995,0.010308558723327704
2021-05-12,83141.66666666667,1365.5921624026007,0.016424883180145542,2333.4746352335496,0.027903345630570044,0.01050895902799044
2021-05-13,82995.0,1607.3296552612062,0.019366584194966036,2394.181201076992,0.028646012428409234,0.010402999859995815
2021-05-14,82838.33333333333,1653.714905447197,0.019963160035980088,2356.3119213681152,0.028225558014268015,0.010209594728627432
2021-05-17,82645.0,1682.6882228044913,0.02036043587397291,2251.692303653429,0.027013338202584884,0.010095794017971067
2021-05-18,82431.66666666667,1648.012561326952,0.01999246925324352,2150.2610538886174,0.025834357773759295,0.009952211347844875
2021-05-19,82230.0,1616.8082649188364,0.01966202438184162,2071.996872420636,0.02492782756326472,0.009950329578416671
2021-05-20,82056.66666666667,1621.606979324817,0.019762038176765858,1985.1720625609782,0.023915862764494086,0.009835234948083735
2021-05-21,81940.0,1632.6095041669137,0.019924450868524696,1935.9406100299514,0.023347448659925434,0.009762204184808743
2021-05-24,81823.33333333333,1664.214287703064,0.02033911623868168,1952.458612833208,0.02356339053904133,0.009764780568714352
2021-05-25,81686.66666666667,1647.5652534453895,0.02016932898202958,1926.5616596243965,0.02327300893404691,0.00957364189225673
2021-05-26,81546.66666666667,1622.4679654290153,0.019896189896529783,1893.470382791084,0.0228960053058992,0.0095688469695593
2021-05-27,81396.66666666667,1585.8715287626433,0.019483249053146853,1832.0215949095423,0.022178289601878138,0.00955401714357561
2021-05-28,81270.0,1529.7960197561758,0.01882362519695061,1795.3733375940253,0.021754234379010726,0.009666569679440639
2021-05-31,81176.66666666667,1486.4754271077595,0.01831160958125602,1652.1026599825175,0.02004226290402358,0.009677167589630336
2021-06-01,81066.66666666667,1397.4319632622364,0.017238058757346665,1599.2783572724843,0.019417397630483904,0.009561248044090032
2021-06-02,81006.66666666667,1367.6517335786757,0.016883199739675857,1569.8884326621685,0.01907291473066809,0.009193105061269444
2021-06-03,81020.0,1383.561122358995,0.017076785020476364,1563.7883362748948,0.019001111824141746,0.010269239339664848
2021-06-04,81000.0,1361.0974274053617,0.01680367194327607,1563.4995489512546,0.018997089907382213,0.010316912191324228
2021-06-07,80946.66666666667,1289.208079115751,0.01592663579866271,1562.2812565970155,0.018985106583806612,0.010202270393939271
2021-06-08,80913.33333333333,1249.2710518188214,0.015439619162299021,1546.4858486323835,0.018799504074973748,0.010126892857796029
2021-06-09,80880.0,1229.7041976776677,0.015204057834788176,1530.962546968404,0.018619600886632566,0.010130680298454308
2021-06-10,80856.66666666667,1220.2129077430975,0.015091061232754636,1536.0712416895997,0.01868552050859238,0.010096938073471323
2021-06-11,80840.0,1214.5241724684715,0.01502380223241553,1535.0214215653266,0.018679061684780448,0.01008873571625222
2021-06-14,80800.0,1204.9467007785586,0.014912706692803942,1542.593921973678,0.018777555540056824,0.010133577488435986
2021-06-15,80743.33333333333,1156.371654050661,0.014321574380349185,1547.057535887432,0.018836475659109255,0.009957524231235722
2021-06-16,80721.66666666667,1129.0584522064232,0.013987055753801207,1546.4298227286276,0.018828323386150876,0.010182539642175678
2021-06-17,80675.0,1089.823617487899,0.01350881459544963,1551.8839995905125,0.018897848864514854,0.010369382057745336
2021-06-18,80628.33333333333,1065.257240528687,0.013211946675428658,1560.1932410549311,0.01900453625606169,0.010370602151850058
2021-06-21,80518.33333333333,955.2471546306028,0.011863722398177677,1560.8726481812957,0.019023883474294078,0.009969268507677835
2021-06-22,80478.33333333333,950.8329681528862,0.011814769625193774,1545.6606579496631,0.0188509889612632,0.008980679440722525
2021-06-23,80481.66666666667,949.2722560388283,0.011794888144780321,1552.9984137239235,0.018948440752699088,0.008562452654140311
2021-06-24,80571.66666666667,880.4077555797759,0.010927014321574282,1554.9777356677114,0.018974906016954143,0.008127961473877173
2021-06-25,80621.66666666667,895.1674215680143,0.011103310791987443,1553.8472902343403,0.018963682744226246,0.007333250758391227
2021-06-28,80698.33333333333,903.1060705729252,0.011191136585715425,1553.6008122312521,0.01896144601573918,0.007235462653994219
2021-06-29,80745.0,880.2771898825362,0.010901940552139899,1556.7015380355228,0.019001866701459293,0.007559461200424313
2021-06-30,80783.33333333333,850.9967110934397,0.010534310432351224,1562.007000874785,0.01906999014202462,0.007597317305867712
2021-07-01,80803.33333333333,826.4937713110627,0.010228461342078249,1531.0382442932207,0.018705097922914478,0.007732905358824157
2021-07-02,80800.0,829.6239280914946,0.010267622872419488,1541.7794016868954,0.01884272009937645,0.007613502187771657
2021-07-05,80823.33333333333,807.1590593677467,0.009986708368471318,1540.6035913606063,0.01883583155225433,0.007607421487998893
2021-07-06,80866.66666666667,790.6057622211862,0.009776658230270232,1529.6736165858208,0.018708298294929048,0.007799047426263019
2021-07-07,80900.0,764.7402083059719,0.00945290739562388,1514.2391158170863,0.018527587202068867,0.007857042473552558
2021-07-08,80910.0,748.9532925862069,0.009256622081154454,1524.6841223362376,0.018661730564015367,0.008124305987004744
2021-07-09,80886.66666666667,785.0909603892553,0.009706061490017992,1543.1977921553723,0.018895271181702155,0.008120274320754444
2021-07-12,80860.0,811.809388188877,0.01003969067757701,1556.6754484896485,0.019066260715568425,0.00809614275339441
2021-07-13,80833.33333333333,833.4942373352969,0.01031126891548821,1568.6018807110204,0.019216520692029105,0.00809622658035315
2021-07-14,80790.0,868.3515893643679,0.010748255840628393,1582.7779431978204,0.019393883662278778,0.008101743605613618
2021-07-15,80716.66666666667,781.2824705851299,0.009679320304585544,1585.800758272991,0.01943462672012326,0.007141626218548056
2021-07-16,80636.66666666667,746.247316554186,0.009254441526446024,1591.741326168791,0.019515403075345838,0.007241159675941918
2021-07-19,80540.0,764.5598237751087,0.009492920583251909,1614.2676899377336,0.019799137640795873,0.0074154843971972985
2021-07-20,80443.33333333333,769.9902969936658,0.009571834794600744,1630.3511719306414,0.020006763675673597,0.0074154843971972985
2021-07-21,80356.66666666667,836.9416134719177,0.010415335132599464,1658.1076107823114,0.020357923273318694,0.0073027690283986564
2021-07-22,80313.33333333333,836.137809678994,0.010410946414198482,1660.9241895827072,0.020401410798602946,0.007882507388953698
2021-07-23,80256.66666666667,845.5495390464728,0.010535567625283127,1674.8972800956526,0.02058034749247167,0.007924054056312668
2021-07-26,80200.0,884.7364696240754,0.011031626803292711,1695.4981885455404,0.020842587650977098,0.007927269073184693
2021-07-27,80120.0,926.766719146401,0.011567233139620582,1721.0980584606066,0.021166824987900328,0.007872567784484329
2021-07-28,80033.33333333333,884.8663773363771,0.01105622295713924,1735.1549776604377,0.021344953389661216,0.007766436850944605
2021-07-29,79970.0,888.6836448832368,0.011112712828351091,1751.8689859163708,0.0215570424846149,0.007541045102704047
2021-07-30,79903.33333333333,921.9482120707492,0.011538294757049133,1775.7574740760651,0.021859960698515372,0.007571787094552273
2021-08-02,79883.33333333333,928.5076395888951,0.01162329613505815,1786.9362254018374,0.022004496050756682,0.0077207078855441634
2021-08-03,79930.0,968.8777724379626,0.01212157853669414,1783.9323086633829,0.021969910340823556,0.009101189461474332
2021-08-04,80023.33333333333,1110.3535731759232,0.013875372681000416,1792.817198743445,0.022074800652161605,0.009657332140276193
2021-08-05,80053.33333333333,1154.5213468027123,0.014421902233544875,1786.3433241976613,0.02199749598798532,0.00955557122236911
2021-08-06,80050.0,1150.0374806456598,0.014366489452163145,1745.1505842743763,0.02149994559904369,0.009616103329266748
2021-08-09,80036.66666666667,1129.9933882393007,0.014118446398391995,1686.3663482973113,0.020786831477080835,0.00959058095486129
2021-08-10,80010.0,1115.8265839773323,0.013946089038586832,1606.9950866399226,0.01982421703459524,0.009828468038026157
2021-08-11,79936.66666666667,1140.926221835344,0.01427287713400622,1555.1653692897667,0.01920352380271373,0.010544553477247573
2021-08-12,79833.33333333333,1259.812064069464,0.015780526898573663,1560.1950164590837,0.019286005862174146,0.011008634802437727
2021-08-13,79646.66666666667,1602.5267404996455,0.020120449575202714,1678.0915531994553,0.020769602259193432,0.012552260015027182
2021-08-16,79441.66666666667,1873.3191699860408,0.023581065813314265,1795.1123994995364,0.022245339642548972,0.012474643529741963
2021-08-17,79208.33333333333,2072.1504460965125,0.026160763127993848,1887.3106886390585,0.023419478133080828,0.012255161524406859
2021-08-18,78978.33333333333,2263.491479585161,0.02865965112269392,1980.1011493843775,0.024605171163521313,0.01225140609749504
2021-08-19,78751.66666666667,2496.4969710437413,0.03170087792059945,2090.2577808747574,0.026013509908214216,0.012244209315614443
2021-08-20,78528.33333333333,2725.666110718684,0.03470933349812617,2206.84647139538,0.027507071126934127,0.012237683561370248
2021-08-23,78315.0,2877.0539889210236,0.036736946803562834,2300.2217908577272,0.028710703230293868,0.012348225712022645
2021-08-24,78175.0,2904.359090080278,0.03715201906082863,2313.204037983678,0.028906017344375857,0.013785278246207375
2021-08-25,78048.33333333333,2927.3526740307484,0.03750692101942064,2341.0773713020817,0.029282378677505244,0.013791578905632039
2021-08-26,77848.33333333333,2951.8691720991847,0.03791820641117367,2393.096931038113,0.029965527028463126,0.013673456025732706
2021-08-27,77665.0,2996.928024861639,0.038587884180282486,2443.0382758921105,0.030627094786955092,0.013605471396717467
2021-08-30,77518.33333333333,3036.7429050314104,0.03917451233082166,2470.2209563173647,0.031006308943127107,0.013574057350737417
2021-08-31,77441.66666666667,3027.0642239777844,0.03908831452462435,2465.5319917804077,0.03097423617700245,0.014615122248988043
2021-09-01,77385.0,3022.477574714073,0.03905766717986784,2468.4286777875795,0.03103358608129775,0.014585015961039576
2021-09-02,77261.66666666667,3000.16330973029,0.03883120102332278,2485.4651759921067,0.03127267293064954,0.014370831514517082
2021-09-03,77171.66666666667,2977.3189551866813,0.038580467207567734,2494.3099416250802,0.03140547348525223,0.014456771490798279
2021-09-06,77121.66666666667,2961.584016206844,0.03840145246091903,2492.2940537650843,0.03139941974184872,0.014540529121151188
2021-09-07,77041.66666666667,2955.4766035307075,0.03836205434544996,2491.935870366317,0.031423499342590325,0.014787921119890725
2021-09-08,76945.0,2929.762553635381,0.03807606151972683,2488.9531213836303,0.031412954834458946,0.014687109454311918
2021-09-09,76821.66666666667,2918.126564025739,0.03798572317739013,2501.3866316794097,0.031600897929694956,0.014847465035416204
2021-09-10,76715.0,2913.143520736378,0.03797358431514538,2516.7228458140967,0.03182412905320323,0.014822648952245632
2021-09-13,76615.0,2872.5559326497864,0.0374933881439638,2494.8761474784387,0.03157849001800991,0.014914720903228162
2021-09-14,76455.0,2726.8255511127863,0.03566575830374451,2496.532926716213,0.03161991632368302,0.014031626176396585
2021-09-15,76258.33333333333,2444.066824715089,0.0320498326921441,2502.436764993765,0.03170807822853185,0.013575911137155788
2021-09-16,76058.33333333333,2180.87626067199,0.028673731925127517,2519.7026358837184,0.031937643437720535,0.013618917232877404
2021-09-17,75915.0,1938.767383032872,0.025538660120303917,2522.653666893674,0.031988112886106666,0.013927110470994682
2021-09-20,75775.0,1651.9972238418438,0.02180134904443212,2526.742362467553,0.03205034496386055,0.013934904584205831
2021-09-21,75679.44444444445,1458.8328099203934,0.01927647356068144,2530.3422669253696,0.032106264459956006,0.013673598473346414
2021-09-22,75641.66666666667,1396.6211964160277,0.018463649175930737,2533.6463068048783,0.032158086493500646,0.01313106780693343
2021-09-23,75655.0,1411.862374305541,0.01866185148774755,2536.676349845631,0.03220608308744233,0.012641524178863673
2021-09-24,75751.66666666667,1422.2126062276936,0.018774670826530025,2537.275724545528,0.03222642203361547,0.010841136830165606
2021-09-27,75866.66666666667,1436.0172679548946,0.018928171370231475,2537.4676126286963,0.03223795836173077,0.01084518513219028
2021-09-28,75936.66666666667,1402.770930522792,0.018472906332331222,2546.864182880285,0.032373791755947894,0.01142269523943553
2021-09-29,75943.33333333333,1393.2005106337424,0.01834526415266307,2588.9856612297913,0.03293572254608797,0.0126615947739178
2021-09-30,75976.66666666667,1333.5100457591052,0.017551573453592397,2629.877372379527,0.0334819551875625,0.012491075122195784
2021-10-01,75993.33333333333,1293.6745609799439,0.017023526988945662,2684.0854902270707,0.034205486087356914,0.01266081886523292
2021-10-04,75965.0,1362.190243883453,0.017931813912768418,2749.0029971152067,0.035072760871589774,0.012709124273619778
2021-10-05,75851.66666666667,1525.280892413328,0.02010873273380055,2814.5978928388913,0.03595245541393457,0.011257933120280597
2021-10-06,75705.0,1737.1925980156448,0.02294686741979585,2896.2363109792723,0.037045218081681354,0.01142010257033378
2021-10-07,75605.0,1883.2044000202322,0.024908463726211656,2935.89095172073,0.03761230240919925,0.01121710874661073
2021-10-08,75511.66666666667,2014.8925890947487,0.026683195829713933,2982.499726608897,0.038267702924669356,0.011205862661434326
2021-10-11,75345.83333333333,2279.82651882415,0.030258163165282088,3078.397012718034,0.03956737863785966,0.012065776010140061
2021-10-12,75089.16666666667,2540.636356085811,0.033834925447556494,3183.9270506391163,0.04099931459604183,0.010696794376846588
2021-10-13,74822.5,2764.825199035451,0.03695178855338235,3296.5167298125243,0.042523963735188096,0.010658810306180537
2021-10-14,74602.5,2925.797816661318,0.039218495582069204,3384.575252682377,0.043732600092804566,0.010809769769499194
2021-10-15,74385.83333333333,3012.174490767558,0.040493926810896676,3448.4526850053267,0.044627807712424736,0.010892202940222985
2021-10-18,74149.16666666667,3053.946907618898,0.04118653040765436,3510.456835531341,0.0454976134787062,0.010687616954297407
2021-10-19,73965.83333333333,3097.5722402424485,0.04187842008462171,3554.6750638573694,0.04613914480783164,0.010540317695768133
2021-10-20,73765.83333333333,3135.138228939065,0.04250122431033878,3588.271584191899,0.04665259758495461,0.010499741549031097
2021-10-21,73595.83333333333,3186.924578065722,0.04330305716671989,3631.7414927667432,0.047290866380772525,0.010313554841119442
2021-10-22,73432.5,3221.945188083602,0.04387628349958944,3671.8210387960517,0.04788273511892584,0.010348810354221544
2021-10-25,73229.16666666667,3227.2180809702945,0.04407011888664982,3718.415480552705,0.04855860287365734,0.009929694937702412
2021-10-26,73045.83333333333,3185.071101475131,0.04360373420535232,3744.5816139846393,0.048963535888974175,0.010259775364992271
2021-10-27,72815.83333333333,3138.477336291854,0.04310157822303099,3784.0233597505244,0.0495512612719544,0.010368042062528655
2021-10-28,72635.83333333333,3098.2206223734997,0.04265416228041944,3795.1530561654486,0.04977304306493555,0.010446942016283274
2021-10-29,72389.16666666667,3015.792683136417,0.04166082885058423,3812.0106468446616,0.05008024205324617,0.010111996046768925
2021-11-01,72142.5,2900.7103354502633,0.0402080650857714,3817.361541915376,0.050238540462795356,0.010114202998538309
2021-11-02,71948.05555555556,2731.3208207609764,0.03796239939593578,3808.4576459598893,0.050191084236471,0.011158936267897579
2021-11-03,71715.83333333333,2544.504586741907,0.035480373977042366,3816.7124708988504,0.05037585249377958,0.011385936203467438
2021-11-04,71489.16666666667,2313.0410208996486,0.03235512636039934,3826.821543293657,0.05057974746343127,0.011420418334093218
2021-11-05,71252.5,2045.7730812572468,0.02871159722476049,3841.3168879733757,0.050844510450009935,0.01142504184119166
2021-11-08,71015.83333333333,1645.742722661192,0.0231743069878012,3841.197447519879,0.050916314029918606,0.011438583243930477
2021-11-09,70822.5,1310.0136548368591,0.018497139395486733,3826.5198464730965,0.0508018168073696,0.011085152994496814
2021-11-10,70692.5,1158.2751370466617,0.016384696213129563,3819.155112182301,0.050783448157644816,0.00989014781907547
2021-11-11,70552.5,970.8765591466957,0.013761051120041043,3826.4785743907582,0.050956113546450285,0.009894144448594565
2021-11-12,70465.83333333333,832.5926305840479,0.011815550759834642,3827.6340244778125,0.05103795576835797,0.009928679292847888
2021-11-15,70430.83333333333,765.6888754710503,0.010871501006486985,3812.9805012278107,0.050905162577164424,0.01002784440356241
2021-11-16,70400.83333333333,709.5555716027806,0.010078795065438817,3795.5675184533366,0.05073666353437083,0.010013865649095786
2021-11-17,70380.83333333333,691.5650458495088,0.009826042305781766,3786.707245539018,0.050684471294873475,0.009869811777662215
2021-11-18,70334.16666666667,652.5970443512797,0.009278521027257208,3763.603965564122,0.05045327329136957,0.009908384975084731
2021-11-19,70324.16666666667,636.2092522439909,0.009046808265209792,3739.083246427843,0.05018884973262677,0.01026817807983939
2021-11-22,70500.0,1038.2345758449121,0.014726731572268257,3708.4956724972553,0.04980873693180464,0.01278579210107453
2021-11-23,70710.0,1322.5758566330858,0.01870422651156959,3677.924590242119,0.04942542816193135,0.01260977398368945
2021-11-24,70910.0,1469.3066626686377,0.020720725746278913,3652.3243608113908,0.04910853286915716,0.01268799693185969
2021-11-25,71053.33333333333,1525.5826096437545,0.02147095059547412,3608.4842565590857,0.04856259723744102,0.013032112644996189
2021-11-26,71126.66666666667,1531.0427668813934,0.021525580188603337,3574.913121090205,0.04816121201524108,0.013494544014928857
2021-11-29,71196.66666666667,1535.214987377364,0.021563017754258586,3547.060213461946,0.04783251774028044,0.01349561318702988
2021-11-30,71220.0,1531.1478678103738,0.021498846781948522,3529.130169521995,0.047642125788059465,0.01373296084019501
2021-12-01,71356.66666666667,1626.2254442109331,0.022790098251192596,3486.838202771497,0.04710511267211317,0.015711363240175368
2021-12-02,71543.33333333333,1800.896966806857,0.025172114338259197,3451.649728146657,0.04665214591661429,0.015990108059666722
2021-12-03,71716.66666666667,1932.495855074895,0.02694625872751422,3422.4583345611977,0.04627775254536489,0.016018072731503564
2021-12-06,71920.0,2082.5051227316108,0.028955855432864445,3384.2082156043493,0.045781177362497164,0.01603388806659971
2021-12-07,72130.0,2302.94414264314,0.0319276880998633,3310.348670113926,0.0448089548777063,0.016070162969692627
2021-12-08,72373.33333333333,2461.277119193932,0.03400806631163318,3190.5031445256677,0.043222476810878444,0.015758698890102854
2021-12-09,72623.33333333333,2658.452146661318,0.03660603313895421,3101.9803715272838,0.042047922620587395,0.01578206464644843
2021-12-10,72860.0,2713.8978203511015,0.037248117215908615,3009.7500865757415,0.04082600900414349,0.01593744858607461
2021-12-13,73090.0,2746.5778079581933,0.03757802446241884,2912.469545686969,0.03953444402140609,0.015955876313043744
2021-12-14,73273.33333333333,2819.3828296678385,0.0384776111773429,2850.7233596984383,0.03871497427169197,0.015525300768289882
2021-12-15,73513.33333333333,2872.309335628054,0.03907195069776078,2834.9960009170645,0.038506614360962976,0.015173583751088182
2021-12-16,73753.33333333333,2920.8800437335326,0.03960336315285455,2846.9303754077373,0.03866404611289495,0.015173903944370374
2021-12-17,74013.33333333333,2940.763838532198,0.03973289279227434,2882.8982725825895,0.03913126706142169,0.015081167992669587
2021-12-20,74230.0,2919.984648045797,0.039336988388061385,2904.8818229173885,0.03941272188931953,0.015323722928490224
2021-12-21,74483.33333333333,2914.894371224752,0.039134853943496334,2941.2231233443704,0.03988234344682017,0.015405921162886645
2021-12-22,74790.0,2932.6168142642946,0.03921134930156832,3000.958661330317,0.040658652373402465,0.015515407841672192
2021-12-23,75123.33333333333,2925.946158003494,0.03894856668594082,3067.7758258183326,0.041521424199839826,0.01543815033774096
2021-12-24,75453.33333333333,2956.3179957421803,0.03918074742545742,3143.196894838521,0.04249238183750606,0.015414241807561561
2021-12-27,75746.66666666667,2976.7760080821945,0.039299102377427314,3210.0887629144954,0.04335175073992364,0.015426223948514645
2021-12-28,76046.66666666667,2966.680873011729,0.039011320325393124,3273.2378801954965,0.044173416337232436,0.015402555758973297
2021-12-29,76316.66666666667,2828.681102847025,0.037065050485001416,3306.4095365053104,0.04460034671155194,0.015803683488059977
2021-12-30,76586.66666666667,2602.2183286341688,0.033977432912180125,3335.1442763308137,0.04496301700847815,0.01578713241283554
2021-12-31,76825.83333333333,2412.9007022347646,0.0314074133340751,3364.3893176394276,0.04532961647155976,0.015667699419355526
2022-01-03,76949.16666666667,2405.619170182266,0.03126244603275668,3395.7327080052723,0.0457245365650747,0.012852318297596149
2022-01-04,77062.5,2405.334857323697,0.03121277998149161,3418.3158530054607,0.04601485626666639,0.012833166032486907
2022-01-05,77149.16666666667,2367.5471387107145,0.03068791590374553,3423.8521318423172,0.046085245812921435,0.013176728324139948
2022-01-06,77255.83333333333,2277.1511555124584,0.02947545909817975,3430.199562518004,0.04616446882944968,0.012914005125396035
2022-01-07,77455.83333333333,2082.000895744097,0.026879846309110746,3447.621898360449,0.04638715076915861,0.012652398995807989
2022-01-10,77645.83333333333,1841.4537376242097,0.02371606638206656,3455.1952054279877,0.046484183786915635,0.012699525530608246
2022-01-11,77899.16666666667,1410.7420909295947,0.018109848298714294,3483.794030785387,0.046849326903898335,0.012407850751864066
2022-01-12,78049.16666666667,1256.680138801545,0.016101134611322496,3510.723984647125,0.04719314109739755,0.009966091354897361
2022-01-13,78119.16666666667,1183.4287439249965,0.015149019048995613,3528.9417801074314,0.047419620052953436,0.009800753078119187
2022-01-14,78175.83333333333,1096.1233281745992,0.014021255437097133,3540.8261835931753,0.04756511161213266,0.009907853378777374
2022-01-17,78215.83333333333,1046.0616479243456,0.013374039543455767,3550.149633743565,0.047681816315137536,0.009785453714582863
2022-01-18,78202.5,1059.2846887017547,0.013545406971666568,3553.1142816723122,0.047718785819351045,0.0095070349747145
2022-01-19,78165.83333333333,1106.0274388079847,0.01414975561114278,3548.253337603203,0.047658480950995535,0.00964650250876875
2022-01-20,78109.16666666667,1147.0066615338692,0.014684661359002283,3550.5909374343296,0.047687031788912135,0.009451214063449906
2022-01-21,78065.83333333333,1216.7027824877512,0.015585599109568863,3540.6897308694215,0.047565408470583104,0.009202475546839721
2022-01-24,78009.16666666667,1313.4333025410187,0.016836909797451394,3528.2837035350844,0.04741431681931503,0.009268427689222102
2022-01-25,77909.16666666667,1494.623746523562,0.01918418345967285,3514.7628235263296,0.047256138650870014,0.009588475387844972
2022-01-26,77765.83333333333,1715.2018496525436,0.02205598237854084,3502.0114605266485,0.04711331815323189,0.009542338786183904
2022-01-27,77549.16666666667,2082.0505821019137,0.026848136112813337,3500.9892484624647,0.04714255206457779,0.010592645358975795
2022-01-28,77392.5,2219.2646926079547,0.02867544907591762,3487.3764683078684,0.04698736960929798,0.01194472584551875
2022-01-31,77265.83333333333,2341.607200536305,0.0303058557646606,3468.827024203182,0.04676824918218316,0.011812506133259328
2022-02-01,77105.83333333333,2444.378520313306,0.03170160303885317,3462.5428331513613,0.04670451265050882,0.011494371871550382
2022-02-02,76902.5,2500.037499717646,0.03250918370296994,3463.6661424081476,0.04672526666467812,0.010954578523082228
2022-02-03,76682.5,2517.500385233286,0.032830181400362354,3464.766026800588,0.04674570961466896,0.010837207118671532
2022-02-04,76465.83333333333,2456.592847733403,0.03212667332120101,3463.4066167944457,0.046721765633398554,0.010909918907322177
2022-02-07,76225.83333333333,2430.769738783027,0.03188905430726277,3460.8962796757974,0.046684052273020755,0.011086305637345622
2022-02-08,75999.16666666667,2353.578377313115,0.030968476110217635,3455.440489471171,0.04660137921485381,0.011208483779232154
2022-02-09,75862.5,2303.845641828961,0.03036870182012142,3442.50570160967,0.046403293964903884,0.011319469691171934
2022-02-10,75765.83333333333,2258.4370867278285,0.029808120459677234,3433.716070808481,0.04625848671867247,0.011462007649860294
2022-02-11,75650.0,2208.564832800874,0.02919451200001155,3422.039030109475,0.04607772482194086,0.011495459659096678
2022-02-14,75486.66666666667,2163.607035090714,0.028662108563420212,3386.710287271365,0.04557423860444491,0.01176685520414246
2022-02-15,75320.0,2099.162394531674,0.027869920267281918,3339.79253627981,0.04491131530122899,0.011756408267497683
2022-02-16,75233.33333333333,2063.698276083001,0.027430637254093945,3286.942266954074,0.044161030042935714,0.011824780575696444
2022-02-17,75170.0,2039.8022216488573,0.027135855017278932,3243.353245913065,0.04353900134347733,0.011800233490492099
2022-02-18,75036.66666666667,1957.211833429112,0.02608340589172998,3209.472668462844,0.043057212621407076,0.011340736166510202
2022-02-21,74910.0,1880.269606492355,0.025100381878151848,3176.2249914995355,0.04258578105048483,0.01133401756007963
2022-02-22,74726.66666666667,1740.775359019729,0.023295236314832664,3150.369370273992,0.0422215056232391,0.011173158638742495
2022-02-23,74530.0,1578.770800773486,0.02118302429590079,3121.5382948898628,0.04181829564869217,0.01117708058741859
2022-02-24,74316.66666666667,1539.6110868808123,0.020716901819432323,3103.6940984576727,0.041571198044638165,0.011518540818247073
2022-02-25,74136.66666666667,1493.7763608009666,0.020148955003834807,3084.530906714809,0.041305303491633576,0.011580504674350872
2022-02-28,73956.66666666667,1396.7161816023793,0.01888560213100977,3059.953481506826,0.04096460365483217,0.011583442476231151
2022-03-01,73786.66666666667,1321.8934521535994,0.017915072083758574,3050.5331112435874,0.040833630919848866,0.011558345997866053
2022-03-02,73633.33333333333,1286.6243814130958,0.017473395854410538,3027.9652798458615,0.04052190094475274,0.011486538405249871
2022-03-03,73513.33333333333,1172.8930730956058,0.01595483458459607,3003.898125467428,0.04018667478653539,0.011957327702681597
2022-03-04,73376.66666666667,1160.167447286513,0.015811122254393035,2977.6613296980204,0.03982561045505093,0.01225607505012507
2022-03-07,73210.0,1258.9952206078851,0.01719703893741135,2974.0603615812925,0.0397762660230584,0.012660744261262952
2022-03-08,73060.0,1419.4705180878068,0.019428832714040608,3006.0660815281194,0.04021627588251272,0.012500667334486163
2022-03-09,72961.66666666667,1502.0493663148861,0.020586829152041748,3006.8830864788,0.04022750506829964,0.012681951270587216
2022-03-10,72958.33333333333,1505.9699207803683,0.020641506624059874,2998.238155663151,0.040108271842636156,0.011889192161449682
2022-03-11,72848.33333333333,1597.869450739211,0.021934193654476807,3001.7231968377637,0.040156085946437076,0.011067458789246892
2022-03-14,72745.0,1666.4203841012647,0.022907696530363113,3008.2280138634314,0.04024549814339625,0.011093336290106899
2022-03-15,72618.33333333333,1764.3247869991317,0.024295858993355193,3025.8856304083242,0.04048774858657705,0.011198852773071335
2022-03-16,72521.66666666667,1804.6722566769781,0.024884594351255642,3022.588712505518,0.04044243177103685,0.011511172867819507
2022-03-17,72451.66666666667,1814.143824532271,0.025039366352726244,3002.2464669496367,0.04016248910671398,0.011739321991620014
2022-03-18,72341.66666666667,1817.068657410555,0.025117871085043958,3000.7104989899526,0.04014134507201001,0.011618446072243008
2022-03-21,72238.33333333333,1865.8308370911866,0.025828819007791617,3023.6247402595422,0.04045689535122951,0.011545492121439509
2022-03-22,72131.66666666667,1882.6102263518558,0.026099635754317646,3038.1988722987553,0.040657945676511986,0.011519605880650529
2022-03-23,71991.66666666667,1840.730895563469,0.025568666219193917,3041.2481755096337,0.040699962572571816,0.011061846154303624
2022-03-24,71805.0,1765.5882091062028,0.024588652727612324,3048.2174981007042,0.040795657046059634,0.01094538834259261
2022-03-25,71635.0,1701.6802041624549,0.023754871280274373,3069.8734581917774,0.041094043681847894,0.01092723903911272
2022-03-28,71501.66666666667,1690.9741802162373,0.0236494372655589,3114.742153015604,0.04172693925334887,0.010612128683721505
2022-03-29,71385.0,1654.4167635705694,0.02317597203292806,3148.911997763661,0.04221674726352568,0.010734866459221006
2022-03-30,71221.66666666667,1543.824367652651,0.02167633025042919,3187.351438362654,0.042763310083315215,0.010283287853474989
2022-03-31,71041.66666666667,1395.8116742176678,0.019647788962594736,3228.4507059379416,0.04334121121780046,0.010246774683921791
2022-04-01,70868.33333333333,1296.5792748957945,0.018295608403788167,3270.1827104036197,0.04392241909560775,0.010204099980889447
2022-04-04,70705.0,1164.2927407676812,0.01646690815031018,3307.4585749999014,0.04444297540619397,0.010248669348612164
2022-04-05,70565.0,1078.404792528858,0.015282431694591625,3336.9943495623115,0.044853916709633096,0.010120735812591826
2022-04-06,70415.0,1040.3207396648702,0.01477413533572208,3394.3930161645753,0.04566567458114551,0.01021281997303842
2022-04-07,70298.33333333333,1108.4692250965347,0.01576807262044906,3455.5006109869864,0.04654203703051527,0.009646034729604737
2022-04-08,70161.66666666667,1155.9205417537346,0.016475100958553833,3518.370384910513,0.0474442103228384,0.009550125586916756
2022-04-11,70021.66666666667,1167.3491435668454,0.016671256185944998,3571.919381514244,0.048227000309231334,0.009530780546466637
2022-04-12,69858.33333333333,1236.240360885729,0.01769639070813402,3630.551638060859,0.049095233952073276,0.009753110749614673
2022-04-13,69758.33333333333,1203.019429238075,0.01724552998549385,3653.388549450445,0.049468718722459566,0.010960459809895197
2022-04-14,69578.33333333333,1117.7010991872505,0.016063924581702884,3684.291664863478,0.049967601062038354,0.01079960216884691
2022-04-15,69415.0,1183.2997404969285,0.017046744082646812,3744.314135151308,0.05086058841313482,0.010530585754238622
2022-04-18,69301.66666666667,1274.719937687614,0.018393784724094378,3798.867046840784,0.05168038306519348,0.010021910672583829
2022-04-19,69228.33333333333,1325.1989657589897,0.0191424363689095,3836.0692992354348,0.05226311787239321,0.010114743857933223
2022-04-20,69130.0,1348.3450903818325,0.019504485612351113,3861.1578610680017,0.052686278990728114,0.009816750453873254
2022-04-21,69013.33333333333,1314.0443842109714,0.019040442197801943,3875.2317094748946,0.05295941597839848,0.009553202946147553
2022-04-22,68913.33333333333,1350.0276710652856,0.01959022450031855,3894.717614474992,0.05331476476646946,0.009259653035584393
2022-04-25,68783.33333333333,1408.3698900234915,0.020475452726292583,3934.7478987654185,0.053951363860079704,0.009365590130197549
2022-04-26,68670.0,1483.507028445325,0.02160342257820482,3960.865846668293,0.0544089511243274,0.009242801018435887
2022-04-27,68490.0,1590.1312025671987,0.02321698353872388,3981.9717106907706,0.05481935991038816,0.009219700775602663
2022-04-28,68276.66666666667,1642.471504677255,0.024056117336482767,3990.661314990143,0.05506617936841738,0.008834674004934361
2022-04-29,68166.66666666667,1584.0440026392928,0.023237809329671774,3932.982283340628,0.05437950070871057,0.011716423723415961
2022-05-02,68080.0,1556.8314417205675,0.02286767687603654,3877.4223329665037,0.0537177573423413,0.011569779251238891
2022-05-03,67986.66666666667,1502.121105667152,0.022094348485004196,3810.460266663059,0.05289428574728643,0.01152360101445089
2022-05-04,67900.0,1425.1436709179243,0.020988861132811846,3766.1245611848485,0.05236688522919779,0.011575606084053806
2022-05-05,67813.33333333333,1384.0802581203077,0.020410149303779608,3736.414519468649,0.0520430249441391,0.011585798132163838
2022-05-06,67703.33333333333,1351.495553038909,0.01996202382510328,3711.01882730027,0.05178446806524761,0.011703498024574793
2022-05-09,67583.33333333333,1327.7108465147708,0.019645536569885637,3682.2702128031983,0.05148308166693146,0.011731143428028766
2022-05-10,67433.33333333333,1275.0478918204599,0.01890827323510321,3652.4648783921266,0.05116970168120163,0.011632544313652899
2022-05-11,67293.33333333333,1224.4445139797785,0.01819562879898621,3643.976825340466,0.05114393317384806,0.011632488508510777
2022-05-12,67136.66666666667,1219.803074364482,0.018168954982838218,3654.4249595889028,0.05138673786421287,0.011774861928249229
2022-05-13,67050.0,1166.7077168472492,0.017400562518228923,3605.1340575673016,0.05078726572610131,0.012697868337373686
2022-05-16,66950.0,1093.4759508885668,0.016332725181307944,3559.999763287175,0.05024345160238762,0.012676759831349834
2022-05-17,66896.66666666667,1016.2416673390474,0.015191215317241227,3471.237308501554,0.049077683781725334,0.013238301777896342
2022-05-18,66883.33333333333,996.9205458369863,0.014905365748870966,3370.8340451286394,0.04773913846299717,0.013196602562834838
2022-05-19,66866.66666666667,981.6711062870388,0.014681023523734378,3295.518132675739,0.04674899036808809,0.013227885709698428
2022-05-20,66873.33333333333,988.8807094238113,0.014787369794992693,3224.7541012813585,0.04581231211815383,0.013289415200933111
2022-05-23,66873.33333333333,988.8807094238113,0.014787369794992693,3144.7283137481086,0.04474323153517556,0.01328978210984332
2022-05-24,66856.66666666667,990.8837342049401,0.01482101611714025,3087.007578992513,0.043995009082956775,0.013615499607254148
2022-05-25,66780.0,930.480039252637,0.013933513615642962,3042.079059827405,0.043422775887086984,0.012749204553949473
2022-05-26,66726.66666666667,933.6370605962868,0.013991963142116396,2994.662803366331,0.04281793810565804,0.012428838923026802
2022-05-27,66723.33333333333,934.2831784157306,0.014002345682405916,2954.752884208733,0.042308467902661864,0.01231886992705182
2022-05-30,66756.66666666667,951.1094550059006,0.0142474078245254,2909.3015086808646,0.04170676177814414,0.012745750252172844
2022-05-31,66760.0,953.2521466913855,0.014278791891722372,2884.1991187853664,0.04139041540483986,0.012673629096586024
2022-06-01,66748.33333333333,947.272248428615,0.014191698895282504,2871.3403674270808,0.041246988614639164,0.012706334831058716
2022-06-02,66715.0,930.0676653170483,0.013940907821585075,2881.9012052466874,0.04142911357892245,0.012707948236359607
2022-06-03,66708.33333333333,928.6701033838025,0.013921350706565435,2868.593986724592,0.04128067328715775,0.012573327783118156
2022-06-06,66692.5,939.853941330158,0.014092348334972568,2865.2534541341734,0.04128194198820573,0.012715758968713875
2022-06-07,66672.5,959.0842884820664,0.014385005639237563,2864.140198955748,0.0413174945452096,0.01273516411249892
2022-06-08,66682.5,942.4644418423885,0.014133609895285698,2863.3816563612163,0.04135958706471606,0.012363944557096536
2022-06-09,66695.83333333333,917.4102261190756,0.013755135519996136,2861.359092861385,0.04138417146146176,0.012353197519545918
2022-06-10,66575.83333333333,1048.243262215889,0.015745101634214952,2868.7482779551415,0.04155916394959581,0.010586004775268287
2022-06-13,66402.5,1319.2596866004558,0.019867620746213708,2928.6386850274234,0.0425013575720022,0.011539907495656759
2022-06-14,66215.83333333333,1536.8530785527391,0.023209752127050266,2979.0509851558913,0.04331397509122018,0.011490678845458546
2022-06-15,65975.83333333333,1803.7853317366153,0.02734009167604222,3031.4087326675203,0.04417514273988153,0.011756977998035285
2022-06-16,65765.83333333333,2011.1594199971905,0.03058061181713692,3052.4008811425074,0.04458572825766765,0.011755865522696626
2022-06-17,65542.5,2280.75862681542,0.03479816343312232,3108.9883310444225,0.04552385326331941,0.012002152406429238
2022-06-20,65295.833333333336,2596.666325454061,0.03976771859542943,3216.1203592864604,0.04720775877316961,0.01230619175656847
2022-06-21,65055.833333333336,2875.758395723602,0.044204466354135837,3317.6702342750164,0.04881938141333117,0.01230002570317262
2022-06-22,64785.833333333336,3177.5999627059255,0.049047759351287065,3413.1393251751983,0.05036584360053745,0.012456575381964879
2022-06-23,64535.833333333336,3451.5344122362267,0.05348244895837547,3497.225146236576,0.05175600507468099,0.012368222880301436
2022-06-24,64265.833333333336,3605.9486492350334,0.05610988704576097,3554.6347622164885,0.05274351826090635,0.011863784408110535
2022-06-27,64015.833333333336,3718.294029323969,0.058083974474918476,3593.8078009245814,0.05346049909435133,0.012036174264910712
2022-06-28,63742.5,3747.0169169437595,0.05878365167578554,3626.3064824615926,0.0540690564594907,0.011522401945855902
2022-06-29,63405.833333333336,3795.42421492844,0.05985922769874128,3694.667355735428,0.05522557030724134,0.011836737343554789
2022-06-30,63055.833333333336,3887.8662003668514,0.0616575183427415,3806.3439328908084,0.05703218595470381,0.012025040964129327
2022-07-01,62662.5,3966.5234386873726,0.06329979555056649,3925.12872829757,0.058966117176693304,0.011862470965770538
2022-07-04,62302.5,3964.8800368860893,0.06363918040024219,4005.144953120261,0.06031920510729694,0.012514255453328023
2022-07-05,61992.5,3988.870021914171,0.0643443968530737,4077.383582890086,0.06155857604101636,0.012253654032044897
2022-07-06,61659.166666666664,4025.513906651577,0.06528654414701643,4165.016911224453,0.06304343260471681,0.012344071888395232
2022-07-07,61402.5,3991.123502266812,0.06499936488362545,4182.198849779902,0.06346039755365733,0.014047009550181224
2022-07-08,61142.5,3900.636276567036,0.06379582576059264,4207.275157131333,0.06397897483567333,0.014030803436948298
2022-07-11,60845.833333333336,3718.9176408657045,0.061120333753870375,4244.75501609821,0.0646724001013757,0.01345332717529413
2022-07-12,60535.833333333336,3536.8971603639457,0.0584265048585099,4297.876121316386,0.06560836045074606,0.013518543741204035
2022-07-13,60234.166666666664,3342.751314497815,0.055495933611839604,4338.508730614395,0.0663676521988307,0.013531216012412358
2022-07-14,59927.5,3145.2917056761817,0.0524849477397886,4371.899480979024,0.06703453824753706,0.013549142754555215
2022-07-15,59700.833333333336,2865.5239887126113,0.04799805678947996,4376.088066945447,0.06721327138878697,0.01606341250800579
2022-07-18,59570.0,2658.382967144205,0.04462620391378554,4354.968901778188,0.06698377751554753,0.01711713930672366
2022-07-19,59416.666666666664,2427.1571753855333,0.040849770132715846,4349.807070570543,0.06700286017369296,0.017307475979279213
2022-07-20,59256.666666666664,2170.600319526605,0.03663048297564164,4334.814146652308,0.06688524496045394,0.017323918389643648
2022-07-21,59143.333333333336,1924.3777916667202,0.03253752677112191,4292.14806761505,0.06633381719426193,0.017861305275516447
2022-07-22,59060.0,1763.1476555226623,0.029853499077593333,4258.8744919522815,0.06592599928203632,0.017507570668840115
2022-07-25,59026.666666666664,1712.4157836502839,0.02901088406906964,4236.806732553813,0.06568381444976219,0.016830497797370447
2022-07-26,59020.0,1701.1963336193462,0.028824065293448768,4201.428412129238,0.06523197472544716,0.016926033011975705
2022-07-27,59056.666666666664,1749.8144400808023,0.029629414236283836,4159.553188110322,0.06467888802732025,0.016522929314331716
2022-07-28,59090.0,1795.0794814799203,0.030378735513283472,4125.632787313356,0.06423912334324416,0.0165163570665182
2022-07-29,59143.333333333336,1840.1055691861095,0.031112645592956817,4092.935291938378,0.06382275098207263,0.01622051677917336
2022-08-01,59230.0,1879.3157228654977,0.031729119075899,4060.1294485768203,0.06340347291633903,0.015809905118739833
2022-08-02,59336.666666666664,1926.6700473269661,0.0324701429244475,4013.740143643939,0.06277163102431538,0.015808512148699907
2022-08-03,59460.0,1930.0884382102333,0.03246028318550678,3972.4606069830606,0.06221903346634508,0.015552615124791813
2022-08-04,59596.666666666664,1924.341953506549,0.032289422565689625,3932.1949032542016,0.06167530771083998,0.015518259434810751
2022-08-05,59700.0,1941.02710102124,0.03251301676752496,3897.6041109722114,0.061213838292200735,0.015261925467222034
2022-08-08,59766.666666666664,1943.3943524662566,0.03251635837924579,3862.521680968911,0.060752965765701876,0.015415163952763739
2022-08-09,59786.666666666664,1942.5779766600435,0.03249182610381429,3833.6814794681823,0.06039645061325475,0.015533591702734216
2022-08-10,59823.333333333336,1917.9161344680554,0.032059666815646995,3823.2825511976007,0.0603318963960434,0.01514142980638134
2022-08-11,59920.0,1842.2999119360322,0.030745993189853674,3808.3956079616382,0.060182450314786806,0.014921186408535448
2022-08-12,60053.333333333336,1703.2895826315216,0.028362948201013347,3791.285026272346,0.05999211494406961,0.014629089439396226
2022-08-15,60176.666666666664,1613.6664897778737,0.026815484791079716,3766.097378758561,0.059668037846216354,0.01447759410582783
2022-08-16,60303.333333333336,1518.2756401728689,0.025177308719908278,3749.667494621984,0.059470546167066,0.014479050308401721
2022-08-17,60436.666666666664,1327.2952360647598,0.021961754498892944,3711.0357005372075,0.05894405284747893,0.014336323655481245
2022-08-18,60546.666666666664,1271.093293555409,0.020993613084487047,3682.3177311692452,0.05854991070314288,0.013587823152996911
2022-08-19,60620.0,1223.4490533769115,0.020182267459203422,3666.8105287576254,0.058362113437028657,0.01368795827955417
2022-08-22,60660.0,1180.7653859059685,0.019465304746224342,3655.3240568620195,0.05824830845540699,0.013999679401310298
2022-08-23,60693.333333333336,1118.4759745962622,0.018428316804639643,3642.9172232917103,0.0581350077967709,0.014108728180032228
2022-08-24,60726.666666666664,1048.129148838823,0.017259783985709022,3627.765304116009,0.05797956543952139,0.014108565799778648
2022-08-25,60800.0,877.692900499995,0.014435738495065707,3598.5406881498207,0.05759431326646551,0.01414139816865525
2022-08-26,60800.0,877.692900499995,0.014435738495065707,3575.3404563623744,0.05729431715373868,0.011832440320451387
2022-08-29,60690.0,939.6807968677085,0.015483288793338417,3573.168679213524,0.05733812619590843,0.011057297480852787
2022-08-30,60620.0,999.793082041735,0.016492792511411003,3569.1939595969907,0.05734898864343014,0.010749490462737392
2022-08-31,60593.333333333336,1013.6765903812855,0.01672917686843358,3566.806336741653,0.05736490429402361,0.011100560162175256
2022-09-01,60480.0,1062.9821421288204,0.017575762932024147,3577.715753886227,0.05760624338160959,0.010994264008041984
2022-09-02,60353.333333333336,1181.6800819570512,0.019579367313990684,3565.3008625254643,0.05750820211343703,0.011220035147214825
2022-09-05,60220.0,1312.9067514234048,0.021801839113640066,3556.924382706903,0.057478163461299546,0.011253411813229926
2022-09-06,60066.666666666664,1399.8357867575908,0.02330470233225734,3541.294219235573,0.05733264612029908,0.011032480344741793
2022-09-07,59873.333333333336,1545.1667320672295,0.025807260862942258,3531.894990701681,0.05730314063701817,0.01141971023085662
2022-09-08,59663.333333333336,1682.256967811243,0.028195826042984127,3538.193615469573,0.057525627489874415,0.011402304167297764
2022-09-09,59486.666666666664,1769.6158424605837,0.02974810897333717,3543.0983116571547,0.0577138005672479,0.011592401626662967
2022-09-12,59363.333333333336,1767.8124673003936,0.029779535077214783,3529.4220034627806,0.0575796073380524,0.012775489945913578
2022-09-13,59243.333333333336,1725.4051664777965,0.029124039269866592,3513.761524784953,0.057403200579161796,0.01283087133574472
2022-09-14,59093.333333333336,1736.0147252945087,0.029377505504758157,3511.270432914432,0.05745532441464115,0.013353024590340724
2022-09-15,58910.0,1763.2943306647323,0.029932003576043666,3528.702633444954,0.05783415272592355,0.013471031282859348
2022-09-16,58733.333333333336,1760.355241056583,0.029971996158738645,3515.7880157101645,0.05773077261142676,0.013515182013709715
2022-09-19,58586.666666666664,1765.5190373562016,0.03013516791117777,3499.765029120054,0.05757165687196846,0.013469429587616228
2022-09-20,58446.666666666664,1815.4002756754228,0.03106080088414662,3462.5994511964936,0.05708339488442778,0.013407212549574742
2022-09-21,58320.0,1898.8925992407235,0.03255988681825658,3416.078886592974,0.05644882236554242,0.013253197753503098
2022-09-22,58136.666666666664,2003.7005993803107,0.03446535059997095,3394.189619652667,0.056222341687945335,0.013157210978875034
2022-09-23,57946.666666666664,2070.4377903432005,0.035730058507993566,3351.2769032151195,0.05564979289916479,0.013101790126400586
2022-09-26,57716.666666666664,2125.069302454171,0.03681898878060937,3315.556824547678,0.055199225695986495,0.012930028300651795
2022-09-27,57490.0,2125.4370747269745,0.03697055270006913,3300.8076154908845,0.055078994061300644,0.012980667961205622
2022-09-28,57240.0,2210.726203045271,0.03862205106647923,3310.1511411722586,0.0553735036603585,0.013464913171113797
2022-09-29,56943.333333333336,2216.5028891194265,0.03892471268136908,3330.616507529126,0.05585393195683093,0.012779088683673803
2022-09-30,56683.333333333336,2193.7345473806595,0.03870157978325186,3319.5857070638576,0.055808291710509196,0.01302203947649525
2022-10-03,56505.833333333336,2130.6434528076707,0.0377066105766249,3240.25601630286,0.05460747731277115,0.0142496996713886
2022-10-04,56375.833333333336,2085.4016744219575,0.0369910571803277,3153.183695208897,0.053261738608860625,0.014244214714496717
2022-10-05,56275.833333333336,2026.319103497568,0.03600691422009272,3057.843366644581,0.05175864719452564,0.014565869320732474
2022-10-06,56162.5,1920.519303874751,0.03419575880480304,2961.599268084739,0.05022781278904526,0.014405904536562715
2022-10-07,56035.833333333336,1778.7743180956186,0.03174351503821576,2855.311376833995,0.04852212456620146,0.01434588246287698
2022-10-10,55935.833333333336,1712.7524144888146,0.030619949903707783,2776.827841629448,0.04727968515083128,0.013867286438319764
2022-10-11,55822.5,1627.0391714772024,0.02914665540735729,2703.3491879677586,0.04611671781247272,0.0138363894423014
2022-10-12,55692.5,1453.0459980392325,0.026090514845611753,2623.8803122969425,0.04484179578672303,0.013568548349220768
2022-10-13,55585.833333333336,1362.0421301750907,0.024503403987978185,2548.2198781584375,0.04363161916647424,0.0131536112831239
2022-10-14,55545.833333333336,1320.8879480366486,0.02378014458996292,2491.7518273625624,0.04272571494541691,0.013463437885665806
2022-10-17,55529.166666666664,1303.6434905981084,0.023476734279548737,2465.3017942951624,0.042316521923142426,0.013452881218997176
2022-10-18,55509.166666666664,1283.1548427913249,0.02311608910464623,2441.2776434606085,0.041947352296772024,0.013455426209153232
2022-10-19,55502.5,1281.0345697793005,0.023080664290424765,2439.504145831538,0.04195612880337445,0.013170922341420569
2022-10-20,55499.166666666664,1280.902216607446,0.023079665759680103,2437.368406128257,0.041962699062479854,0.013142082110593294
2022-10-21,55492.5,1278.1848322998383,0.023033469969812825,2441.1858476359043,0.04205980009997394,0.013104120000848199
2022-10-24,55489.166666666664,1272.6175058107915,0.022934521858214815,2440.822210198636,0.04206319779757246,0.013235642820466291
2022-10-25,55475.833333333336,1246.1403054727314,0.022462759558475577,2440.5388320794236,0.042064757934407664,0.013151829506427655
2022-10-26,55562.5,1419.7308814934474,0.0255519618716481,2444.4421053929523,0.04211751554001229,0.013495882779777642
2022-10-27,55679.166666666664,1590.463000976541,0.028564777387889685,2448.297470181692,0.04216699067879655,0.013167248312471682
2022-10-28,55715.833333333336,1615.3691172798542,0.028992999308033698,2449.336342252601,0.042193765077397076,0.01502257067811086
2022-10-31,55815.833333333336,1746.702352777765,0.031294029820291704,2452.2162674503775,0.04223852558490241,0.016348117778890503
2022-11-01,55955.833333333336,1906.4057548965711,0.03406983045967631,2456.7215404309,0.04231126861865328,0.016242945921400288
2022-11-02,56099.166666666664,2014.0078773155049,0.03590085195529651,2462.043461358708,0.042389947252111995,0.01619230035773765
2022-11-03,56259.166666666664,2064.3994214463787,0.036694454322046106,2462.1131831148828,0.04237331404784217,0.01589644197093234
2022-11-04,56422.5,2113.6701003484786,0.03746147548138559,2457.3909670969565,0.042266180689365586,0.015895643668343347
2022-11-07,56632.5,2166.7068409192702,0.0382590710443521,2464.3540030423346,0.042360846345347175,0.01578262959144808
2022-11-08,56885.833333333336,2311.9226523779303,0.040641448264118425,2491.452695208275,0.0427890642499334,0.016309768945026042
2022-11-09,57189.166666666664,2367.2485422791788,0.04139330366670574,2515.1427939649066,0.04314981513576439,0.01539078732734275
2022-11-10,57449.166666666664,2272.269897813415,0.03955270423673245,2524.943618732685,0.04329979958479693,0.016319210665279513
2022-11-11,57775.833333333336,2329.1859179191724,0.04031418992230037,2570.575981571024,0.04404709076206329,0.01757708794753326
2022-11-14,58016.666666666664,2370.666039590426,0.04086181050716046,2597.173404109234,0.04447658991239252,0.017424568439324425
2022-11-15,58256.666666666664,2439.146732284074,0.041868971773486426,2631.03193477841,0.045019582421312106,0.0174105394791956
2022-11-16,58480.0,2530.4217993768157,0.043269866610410664,2668.5382155529,0.04562058693407434,0.01730256572651519
2022-11-17,58650.0,2550.1521252803077,0.04348085465098564,2683.8343828155826,0.04584812099620897,0.01787645737190731
2022-11-18,58836.666666666664,2569.5140199759944,0.04367198492962429,2701.5040806472753,0.04613421134179695,0.01786575655928118
2022-11-21,59030.0,2535.5608778966,0.0429537672013654,2695.0595347332087,0.04602852322505444,0.017768511664651217
2022-11-22,59203.333333333336,2455.3226255229183,0.041472709174983136,2692.3068747342672,0.04598412880580412,0.01797968097724551
2022-11-23,59376.666666666664,2389.44277638356,0.04024211715685556,2696.8907659324764,0.04605805051048135,0.017975070572775625
2022-11-24,59583.333333333336,2281.421718462756,0.0382895952748994,2691.8063732718765,0.04597470783986429,0.017794578527460175
2022-11-25,59740.0,2208.385273733639,0.036966609871671226,2688.5461410742464,0.04592163909847029,0.017616170516697685
2022-11-28,59856.666666666664,2127.761221588109,0.03554760630820475,2679.926667736549,0.045783103275098,0.017894843831909465
2022-11-29,59993.333333333336,2034.3487195281405,0.03390957972321603,2667.8122685546614,0.04558566266284789,0.01791596231947574
2022-11-30,60206.666666666664,1911.2973267564566,0.031745609457808494,2673.659619029327,0.045682108735711026,0.018196977326476273
2022-12-01,60443.333333333336,1740.329602816283,0.02879274697208873,2684.5764590844196,0.045862538985056066,0.01812288743130966
2022-12-02,60593.333333333336,1514.5121744108278,0.02499469976472925,2674.637563391851,0.045701420724632576,0.0195080340560816
2022-12-05,60686.666666666664,1399.1951709602815,0.02305605576667497,2665.036384266499,0.04554601291905129,0.01890734711226663
2022-12-06,60736.666666666664,1312.9286382729147,0.02161673846012153,2644.394363779182,0.04521470127622362,0.019251010106634225
2022-12-07,60720.0,1333.4942431647387,0.02196136764105301,2627.7397716938067,0.044950431112694665,0.018522748675695463
2022-12-08,60710.0,1344.0417686455464,0.022138721275663752,2608.9458991602664,0.04464845923862045,0.018545550695406886
2022-12-09,60813.333333333336,1182.2635604798597,0.019440861003286444,2596.9657370336918,0.044452733534561445,0.017484723822150522
2022-12-12,60816.666666666664,1178.2755761429771,0.01937422158634657,2587.180912071356,0.04429619706489911,0.01649246171098396
2022-12-13,60806.666666666664,1186.6886217787744,0.01951576507694509,2585.2972026622956,0.04426647164381746,0.016397587947473882
2022-12-14,60836.666666666664,1166.3332857014138,0.01917155146076512,2593.735866649431,0.04439913611975803,0.01652933117240674
2022-12-15,60840.0,1161.6278708547538,0.019093160270459465,2590.6547363884947,0.04435145518657514,0.016904145642795933
2022-12-16,60843.333333333336,1157.489355975735,0.019024095041512108,2586.2733210185543,0.044282342658518443,0.016904107262342438
2022-12-19,60820.0,1177.7828381305414,0.01936505817380042,2576.353398135823,0.044123405628316265,0.01671596034374327
2022-12-20,60713.333333333336,1229.7275653815555,0.020254654091054498,2561.409339771521,0.04388751266344042,0.016143587501607368
2022-12-21,60580.0,1300.2387048757657,0.021463167792600952,2552.4419930658883,0.04375385658387988,0.016187797312520506
2022-12-22,60536.666666666664,1327.8147288024952,0.021934057521102834,2531.4696137065775,0.043414194361258984,0.015975397114358116
2022-12-23,60376.666666666664,1322.4020290511917,0.02190253457270234,2516.439100384451,0.04317946245470286,0.014206934521850446
2022-12-26,60243.333333333336,1364.4964546361525,0.022649750256783365,2510.026227661119,0.04308667512042317,0.013982278780650226
2022-12-27,60100.0,1355.9574807704048,0.02256168853195349,2508.4577438757324,0.04306796521326712,0.013890719021174221
2022-12-28,59896.666666666664,1408.9573874118312,0.02352313518969054,2513.084998138009,0.04316717478658494,0.014476506541452562
2022-12-29,59693.333333333336,1610.297323871155,0.026976166917653924,2526.6822216722308,0.04343721078101511,0.014577605884660047
2022-12-30,59478.333333333336,1744.3348368334673,0.029327231263487553,2536.336570553535,0.04364194633422422,0.014481030846753012
2023-01-02,59281.666666666664,1849.6263990585715,0.031200647739187015,2550.7116488798806,0.04391532129092034,0.014516636700643093
2023-01-03,59108.333333333336,1962.0574762815666,0.03319426154712928,2565.103143239443,0.04419184113620243,0.01440117277904129
2023-01-04,59001.666666666664,1942.5580066494688,0.03292378192677273,2559.138617786245,0.0441051249444933,0.016547927398922267
2023-01-05,58895.0,1893.5621421568135,0.03215149235345638,2558.8949321989867,0.04410261424626145,0.01655431823319827
2023-01-06,58828.333333333336,1851.6387584938532,0.03147528841250848,2560.345361014137,0.044114940387058744,0.016763497397011936
2023-01-09,58848.333333333336,1869.006897154695,0.03175972523415608,2573.6123886897117,0.04431299161226014,0.017389216956732647
2023-01-10,58841.666666666664,1862.89001162305,0.03165936855895284,2583.011955967362,0.04444677453830548,0.01734834996406853
2023-01-11,58785.0,1781.2795672084658,0.030301600190668805,2585.169713976934,0.04444566423097698,0.016636443187349567
2023-01-12,58715.0,1663.5623388304698,0.028332833838550113,2582.144963467523,0.04435214571605897,0.016580069054190807
2023-01-13,58728.333333333336,1679.0639496842039,0.028590355870548635,2586.3284709075238,0.04438419128535104,0.015260894822667164
2023-01-16,58755.0,1710.935920524378,0.029119835256988816,2602.3835618279895,0.04462992907949695,0.015280250607562197
2023-01-17,58815.0,1757.994056716608,0.02989023304797429,2617.6594797044377,0.04486711196305331,0.01486805815732201
2023-01-18,58865.0,1781.6666935482542,0.030266995558451613,2621.3268843912933,0.04489918870194482,0.01496137198016294
2023-01-19,58941.666666666664,1844.9410481820137,0.03130113470689123,2629.2583467222894,0.04498795157820806,0.01527225653901874
2023-01-20,58988.333333333336,1899.9856321302557,0.03220951542051121,2641.7989752900894,0.045154454261656346,0.014874080783023644
2023-01-23,59097.0,2019.7117411264119,0.03417621437850334,2669.7515402220306,0.04557717754085735,0.014798407148784233
2023-01-24,59209.666666666664,2144.9033148110675,0.036225559702712976,2694.8509191197722,0.045942224332973014,0.014808135474978456
2023-01-25,59306.333333333336,2266.9385148008446,0.03822422307006297,2716.6341769847404,0.04624263696421999,0.014663563469904934
2023-01-26,59459.666666666664,2417.0921306020623,0.04065095326134908,2730.3451745449293,0.04639266905536561,0.014121330108594917
2023-01-27,59629.666666666664,2592.9752360396515,0.043484650862372506,2756.856462745336,0.04675398406537198,0.014204089476610622
2023-01-30,59756.333333333336,2677.8484458334747,0.04481279717910193,2740.8192234451403,0.04639981831418536,0.01481131838921029
2023-01-31,59836.333333333336,2677.9617613783134,0.044754777109420364,2698.4713161012355,0.04562454496593808,0.01616026795912472
2023-02-01,59963.0,2677.9780715543993,0.044660508506152115,2629.225213175716,0.044379561603614136,0.016142455452458012
2023-02-02,60109.666666666664,2748.6403953574054,0.04572709428917266,2570.1198382851576,0.04329339884980515,0.01650762579252261
2023-02-03,60299.666666666664,2801.431263914697,0.04645848673427764,2524.117922961318,0.04243352104000206,0.016096124677440652
2023-02-06,60423.0,2773.4494270023715,0.045900558181526434,2481.055434168398,0.041655704809664004,0.017515541815772872
2023-02-07,60549.666666666664,2750.376128927915,0.045423472668628756,2449.0434551461713,0.04106691042485088,0.01752127308777498
2023-02-08,60766.333333333336,2683.7216610566516,0.04416461408548568,2444.9719329288337,0.04094447340273692,0.0169453457566218
2023-02-09,61023.0,2505.1714099248793,0.04105290480515345,2441.8430264440644,0.04084115978285888,0.016206922848341302
2023-02-10,61271.333333333336,2282.809420555328,0.0372573811661026,2431.939390897619,0.04062568702904002,0.01625390320594245
2023-02-13,61518.0,2022.667068245992,0.03287927221700952,2409.8262456726616,0.04020181358851423,0.016258733894178735
2023-02-14,61778.0,1681.7015192956192,0.027221689263097204,2384.7269150631078,0.039725659320760526,0.016219664229961645
2023-02-15,61924.666666666664,1505.4355157080447,0.02431075687192037,2352.3796462307423,0.03914044102811504,0.014952855897143602
2023-02-16,62108.0,1364.5016773852801,0.02196982155898242,2323.8592277422263,0.038605234153341314,0.01543837159792557
2023-02-17,62228.0,1233.7841984224149,0.019826833554387333,2299.9634394316427,0.03816388414013703,0.015739117929634772
2023-02-20,62294.666666666664,1201.9975710959181,0.019295352803277727,2280.53109711192,0.037798927574465666,0.014926727366758142
2023-02-21,62351.333333333336,1148.4764520530928,0.018419436933501974,2250.973902140018,0.03727059090045452,0.015015700314529137
2023-02-22,62371.333333333336,1119.9961001578201,0.01795690488404641,2198.106462952261,0.03635978335634492,0.015337481507361502
2023-02-23,62421.333333333336,1065.7415528504787,0.017073354507814827,2139.4975578977087,0.03534808049557564,0.015557438030183049
2023-02-24,62438.0,1043.182795500608,0.016707498566587785,2083.2726852596907,0.03438506556705322,0.01569229851702967
2023-02-27,62418.0,1074.9864473889206,0.01722237891936494,2057.1686085844713,0.03393553908280971,0.01585334579400424
2023-02-28,62404.666666666664,1095.4663101996805,0.017554237026071992,2033.495078604116,0.03352719371760816,0.015855355441553202
2023-03-01,62414.666666666664,1077.761835803037,0.017267765628853855,2029.1134728357322,0.03344698663463045,0.015752406688110582
2023-03-02,62391.333333333336,1105.4683305667138,0.017718299505808187,2025.339505455835,0.03337683138801,0.015390814709327696
2023-03-03,62348.0,1153.8672606384732,0.018506884914327216,1993.1507219099651,0.03282713756853738,0.015379708181484037
2023-03-06,62306.0,1161.2615019292639,0.01863803649615228,1989.854319349843,0.032760256163620445,0.015416103847385402
2023-03-07,62226.666666666664,1187.5600408298064,0.019084423197393504,1988.297250175813,0.03273042997825672,0.015538616317322238
2023-03-08,62123.333333333336,1216.4627446808352,0.019581414573388987,1985.1239800023932,0.032674009681842024,0.015520454433283372
2023-03-09,61996.666666666664,1222.9087239559326,0.019725394762448507,1979.4592163048592,0.03257540917214231,0.01541769815885199
2023-03-10,61826.666666666664,1202.8510193344055,0.01945521381282735,1978.712077499771,0.03256251830319298,0.015284976955650075
2023-03-13,61716.666666666664,1214.3064810361038,0.019675503338419182,1979.4676676297408,0.03257614391605395,0.01504238170538045
2023-03-14,61650.0,1306.4165254360096,0.02119086010439594,1985.0032280153816,0.03268397683153177,0.013812868504901609
2023-03-15,61583.333333333336,1348.8394330287235,0.021902670089776293,1982.7729010225162,0.03266039893407807,0.013828579036714141
2023-03-16,61463.333333333336,1332.481049444153,0.02167928384582927,1984.347642939735,0.03268932966483129,0.012777391938511153
2023-03-17,61380.0,1257.3645124794862,0.020484922001946664,1971.5716431493047,0.03248837775183824,0.013527010485370075
2023-03-20,61333.333333333336,1274.7774202839441,0.02078441446115126,1967.944893441129,0.03243871150124846,0.012371471460285331
2023-03-21,61280.0,1283.6907995958234,0.02094795691246448,1959.5928422420666,0.032313468355314234,0.012335055508933138
2023-03-22,61213.333333333336,1236.9967338443992,0.0202079623259268,1947.946865615558,0.03213084676683245,0.012042708177632781
2023-03-23,61190.0,1208.4044767013395,0.019748398050356913,1954.2676786460956,0.03222979062084124,0.012610841874406045
2023-03-24,61196.666666666664,1218.1057463114164,0.019904772803171464,1966.3585393104552,0.03242206374735791,0.012771902781789989
2023-03-27,61170.0,1187.9132674719929,0.01941986705038406,1970.7428366837007,0.03249018706442522,0.013038276859718352
2023-03-28,61160.0,1171.3829139252423,0.019152761836580157,1984.8632219848432,0.03270919857007756,0.013229818283769547
2023-03-29,61176.666666666664,1190.098035178125,0.019453463224183377,1995.9802581718507,0.03288216434938223,0.012905752196098418
2023-03-30,61160.0,1156.570435561666,0.018910569580798987,2012.0167365892196,0.03313543480162085,0.01221291350582676
2023-03-31,61206.666666666664,1241.7821823924,0.020288348476076683,2041.3280816858344,0.03359971165325657,0.011985710021275072
2023-04-03,61220.0,1260.3776117257116,0.02058767742119751,2054.9715271819696,0.03380573132458837,0.012288264679998438
2023-04-04,61270.0,1324.6079446002138,0.021619192828467665,2076.1156740739016,0.03413484937889712,0.012221009571292275
2023-04-05,61363.333333333336,1408.2229773812064,0.022948932218717036,2096.437049406168,0.03445826558353623,0.011805759372749402
2023-04-06,61373.333333333336,1413.9534532004539,0.02303856376059831,2093.843925539782,0.03441752917171152,0.012508282165862885
2023-04-07,61496.666666666664,1561.0525479536539,0.02538434410461793,2138.7300915484548,0.035125834321375234,0.014496807625406557
2023-04-10,61670.0,1726.4973511272794,0.027995741059304028,2197.010251442693,0.036047487485591896,0.014293236553214328
2023-04-11,61846.666666666664,1877.7707497207662,0.030361713103170738,2249.9999972257892,0.03687188063895255,0.014291809563975345
2023-04-12,62023.333333333336,2010.7784276390369,0.03241970915739835,2298.701172108308,0.037621334709878856,0.014292196405733046
2023-04-13,62200.0,2128.946639327628,0.034227437931312346,2349.0988231445863,0.03839798003320252,0.014292581408513865
2023-04-14,62353.333333333336,2167.5877794474823,0.03476298160131747,2383.6052829315863,0.03892878667895359,0.014604936273664984
2023-04-17,62480.0,2226.2385162051455,0.03563121824912205,2414.5151186992684,0.039392142591200954,0.014366697729428474
2023-04-18,62643.333333333336,2270.45238289404,0.036244118281711916,2450.5667743617705,0.03993760123652247,0.014086135907153439
2023-04-19,62816.666666666664,2283.8387728188072,0.03635721049857481,2487.2552270112888,0.04049885577659908,0.01400195399765882
2023-04-20,62990.0,2267.8183348761736,0.03600283116171096,2510.2211256930104,0.040828479704551994,0.013998081546483273
2023-04-21,63196.666666666664,2220.8236020145323,0.035141467408848555,2540.110609818531,0.04126838897529741,0.013797913122111554
2023-04-24,63370.0,2164.948036327972,0.034163611114533254,2559.3846038768947,0.04153878595148685,0.013904431988960008
2023-04-25,63523.333333333336,2001.4965665090183,0.031508053206312926,2547.457200771599,0.041307958335410205,0.01436458447195726
2023-04-26,63666.666666666664,1875.6761233060517,0.029460881517896102,2529.8061612470246,0.040976705111094115,0.014252626163468701
2023-04-27,63823.333333333336,1741.7160252589365,0.027289643681917844,2531.8030293204383,0.040968496794945505,0.014286586919018063
2023-04-28,63963.333333333336,1700.1994473942111,0.026580844974634598,2530.492713047548,0.04089288655722351,0.013921654039284019
2023-05-01,64145.0,1570.435366826429,0.024482584251717652,2525.3582433347406,0.04075320275632354,0.013382878807534904
2023-05-02,64325.0,1416.451978323449,0.022020240626870566,2521.6585014634065,0.04063811904289383,0.013386728721191236
2023-05-03,64468.333333333336,1290.848647163891,0.020022987727781976,2478.1334947854766,0.0398738548247041,0.013306970200113498
2023-05-04,64561.666666666664,1228.3773522578367,0.01902641947891427,2387.438841043989,0.038347366112099254,0.012955889385941867
2023-05-05,64638.333333333336,1198.9710627013096,0.018548916732093593,2292.4320179242145,0.03675608372657603,0.012830366510799473
2023-05-08,64765.0,1119.6635886389179,0.017288096790533742,2202.6654180379473,0.03525148306036095,0.012561336287749691
2023-05-09,64845.0,1066.2818091627214,0.01644354706087935,2089.179210905788,0.033376491123889615,0.012548502452418026
2023-05-10,64908.333333333336,988.0391006267854,0.015222068567879605,2036.1312149746805,0.032489784984056004,0.012716443911865657
2023-05-11,64941.666666666664,944.319069884052,0.014541035337621744,1985.7363059213517,0.03165198166104144,0.01271235072366774
2023-05-12,64945.0,941.0513196454535,0.014489973356616422,1950.3625867323547,0.031060081290781902,0.01251047856930961
2023-05-15,64991.666666666664,879.0750755795989,0.01352596603020283,1945.664821597611,0.030964447515253245,0.012262934615550251
2023-05-16,65051.666666666664,841.4358964386971,0.012934886061418316,1946.7264657840917,0.03095397538255222,0.012430244956239775
2023-05-17,65088.333333333336,813.0066943494104,0.012490820592775106,1942.4102078938615,0.030860809454788796,0.012474199958035653
2023-05-18,65218.333333333336,646.5403064121483,0.009913474837016406,1954.8120114220496,0.031026627979377868,0.011877241865034005
2023-05-19,65331.666666666664,867.2671438777925,0.013274835743939272,2021.5334194102888,0.032042678438483685,0.010821559116191426
2023-05-22,65425.0,1041.4471032965819,0.01591818270227867,2089.0963854894394,0.033070497308724564,0.010686865749091792
2023-05-23,65508.333333333336,1172.5365469878848,0.017899044095986028,2147.498062301887,0.033950808936772624,0.010694513656266325
2023-05-24,65591.66666666667,1291.4896059582102,0.019689842804597284,2195.768058286799,0.034664609428670244,0.010694469303210307
2023-05-25,65681.66666666667,1416.1922802754725,0.021561454697284464,2260.782428941589,0.035645347930735136,0.010709699862972459
2023-05-26,65855.0,1642.6613183780964,0.024943608205574314,2367.202790465106,0.03726776353831667,0.010852624916495336
2023-05-29,66071.66666666667,1964.14776347927,0.029727534699381022,2521.4131171558392,0.039632881841097214,0.011369404969079889
2023-05-30,66295.0,2266.3334356131736,0.03418558617713513,2681.4809131597694,0.042081148429259065,0.011387678064460541
2023-05-31,66491.66666666667,2443.9962798848046,0.0367564298265668,2800.6469401542618,0.043890025964684276,0.011718778414262644
2023-06-01,66678.33333333333,2560.902431637437,0.038406815281887226,2898.644103792166,0.0453704761504526,0.01181012708999196
2023-06-02,66895.0,2743.718531356481,0.04101530056590898,3027.45082361182,0.04732404827141124,0.012129641086802088
2023-06-05,67111.66666666667,2859.4574881321983,0.04260745754288422,3134.080763909285,0.04891947879392566,0.012109119504423812
2023-06-06,67370.0,2881.259303223539,0.042767690414480315,3209.2963436278405,0.05000375169684844,0.011016032191306445
2023-06-07,67600.0,2886.6219369524038,0.042701507943082896,3278.376550823332,0.05099885741493386,0.011102036076460662
2023-06-08,67810.0,2890.0065624549516,0.04261917950825765,3350.512659451992,0.05205443549011363,0.011104161601656929
2023-06-09,68026.66666666667,2953.803314878398,0.043421256098761234,3445.1170460049134,0.05344857598394136,0.011159673000689265
2023-06-12,68205.0,2966.8382683157597,0.04349883833026552,3499.596909194097,0.05420595849366986,0.01159044731613981
2023-06-13,68415.0,3006.1187601287365,0.04393946883181666,3574.4426767592163,0.05526918889948278,0.011767796003603413
2023-06-14,68631.66666666667,3015.5483098755412,0.0439381477433965,3650.473093687951,0.05635958733864816,0.011710801255690444
2023-06-15,68845.0,2983.296891833818,0.043333530275747226,3713.5467498296503,0.05724990278776076,0.011734553834010916
2023-06-16,69061.66666666667,2952.8385914445216,0.04275654981940567,3777.9196198677337,0.058152656243153814,0.011736142174284264
2023-06-19,69238.33333333333,2915.466583978695,0.04210769444641015,3827.9054553085266,0.05883855222328313,0.011863931139206963
2023-06-20,69441.66666666667,2843.1430923672524,0.040942898246018274,3880.4174003575927,0.05956229594299951,0.011655471078727669
2023-06-21,69638.33333333333,2696.986930955451,0.038728481884337425,3908.0770421385096,0.05990206137787453,0.011738004698982887
2023-06-22,69875.0,2508.2192474145318,0.035895803183034446,3956.215735562997,0.06056153218932011,0.011703589368748343
2023-06-23,70125.0,2275.7624716967644,0.03245294077285939,4000.0508735839912,0.061138966870329166,0.011664976263126124
2023-06-26,70388.33333333333,2048.1144959456697,0.02909735745903445,4056.0746508210127,0.061893305963698055,0.011735543830626775
2023-06-27,70628.33333333333,1856.2886282206478,0.02628249231735113,4106.900195218067,0.06255750487765525,0.0115831947378919
2023-06-28,70885.0,1559.904395831596,0.022006128177069845,4144.354341614978,0.06300432268802013,0.011448560185728578
2023-06-29,71091.66666666667,1308.2024606908615,0.01840162879883992,4182.618155140308,0.06347451883696614,0.01119436846807037
2023-06-30,71218.33333333333,1219.5592288365178,0.017124231525166993,4205.832256377793,0.06370971539940104,0.00972498504252492
2023-07-03,71368.33333333333,1148.3483892029801,0.016090447059194976,4227.980927298141,0.063910761594389,0.009868931824687042
2023-07-04,71521.66666666667,1040.3649337606485,0.014546150589713817,4246.941471244168,0.06406394790942042,0.009854241878865376
2023-07-05,71638.33333333333,872.5392327225865,0.012179781300364142,4246.79198893143,0.06394059137510517,0.01027657406254783
2023-07-06,71731.66666666667,688.8875756975285,0.009603674467773812,4238.847304033851,0.06370587425072584,0.01034625116732665
2023-07-07,71718.33333333333,720.6897239154458,0.010048891133119554,4204.070466748496,0.06308418787011315,0.010616339695815546
2023-07-10,71641.66666666667,826.3007857325252,0.011533801824811332,4178.62120274781,0.06261878654755451,0.00986361304818281
2023-07-11,71615.0,817.1808139910506,0.011410749340097056,4158.502713594745,0.062205438989383875,0.011156225143751764
2023-07-12,71631.66666666667,817.7432500393705,0.011415946160302061,4132.862272299462,0.061702930312025416,0.010964046125980653
2023-07-13,71665.0,807.2035593351444,0.01126356742252347,4099.183104271574,0.06108054294444398,0.010878321612310997
2023-07-14,71705.0,862.469389759585,0.012028023007594799,4070.955250820215,0.06052065157564864,0.011025787236694427
2023-07-17,71758.33333333333,910.293940146613,0.012685550205271578,4045.5676953335533,0.060011387885683644,0.010941630059768375
2023-07-18,71780.0,907.9723526076208,0.012649377996762618,3973.2314354877885,0.05881234650075671,0.01141931317373864
2023-07-19,71803.33333333333,896.1539789675355,0.012480673770496295,3909.6624757331083,0.05775834651696127,0.011408414796152367
2023-07-20,71806.66666666667,892.8579967134789,0.01243419362241406,3835.5360875176066,0.05656020577346058,0.011554689730962457
2023-07-21,71750.0,933.1999083593519,0.013006270499781907,3780.745126011976,0.05567014517539967,0.01131674469530391
2023-07-24,71730.0,955.9793678320331,0.013327469229499973,3698.9233173807843,0.054374607762359625,0.011043844800788552
2023-07-25,71663.33333333333,1004.9818434895009,0.014023654730306074,3611.5423923765775,0.053006117857486344,0.01074761992649563
2023-07-26,71593.33333333333,1059.5813530232706,0.014800000275024733,3536.8015273256988,0.051835613838475916,0.010753104034088919
2023-07-27,71600.0,1059.6030486394968,0.014798925260328168,3498.2679859283585,0.05119250085095643,0.01185026993293289
2023-07-28,71560.0,1074.3402145262012,0.015013138827923437,3459.5398148214763,0.05056328288251208,0.012155214887352864
2023-07-31,71513.33333333333,1119.9548430946734,0.015660783673366367,3396.118442340445,0.04957435079241587,0.012234072538912217
2023-08-01,71503.33333333333,1122.3384864457896,0.015696310005768353,3353.773658553429,0.0488912045078006,0.012711269984295339
2023-08-02,71483.33333333333,1145.9323363692752,0.01603076245795209,3296.9274085239554,0.04800651470937177,0.012882353082419949
2023-08-03,71400.0,1246.235711361385,0.01745428167172808,3244.8384057835983,0.047205278674617934,0.012994621322037467
2023-08-04,71290.0,1367.6937547905818,0.019184931333855827,3205.698928155188,0.04660349284970713,0.012999692574535319
2023-08-07,71160.0,1441.8857384533949,0.02026258766797913,3148.084846735386,0.045726031471899665,0.012808765372940603
2023-08-08,70993.33333333333,1554.289577894279,0.02189345822933063,3101.065219103161,0.04501401079308482,0.012942388697572851
2023-08-09,70866.66666666667,1565.2108667742127,0.022086700848177977,3055.091532124799,0.044310938872434716,0.013508941427938053
2023-08-10,70720.0,1621.706210902472,0.02293136610439016,2973.7541060322683,0.04309164042939093,0.013662268439260902
2023-08-11,70563.33333333333,1698.9821158217155,0.024077407281709796,2947.435669987015,0.04269308434976524,0.013696071106524838
2023-08-14,70373.33333333333,1735.418727833896,0.024660175177632096,2931.86143697833,0.04245656143653253,0.013465127642071653
2023-08-15,70178.33333333333,1758.608547399246,0.02505913811099218,2919.6803584901195,0.042271664148660494,0.013455801735920467
2023-08-16,70011.66666666667,1816.005626857714,0.02593861442413475,2909.7539805305983,0.04212117226229504,0.013294217249309443
2023-08-17,69848.33333333333,1887.1837864064855,0.02701830804466562,2903.5290529450635,0.04202700527755667,0.013286773229653461
2023-08-18,69728.33333333333,1995.152890750152,0.028613230739538954,2887.725811437976,0.041790196738958174,0.012666407363072613
2023-08-21,69631.66666666667,2075.243373069467,0.029803155265604255,2871.7086680502557,0.04154971667583384,0.012693720464758028
2023-08-22,69468.33333333333,2115.5615270443454,0.030453609947616596,2859.865909657503,0.04137171705002536,0.011387295672407025
2023-08-23,69308.33333333333,2106.806839145181,0.030397597775330257,2841.988817175653,0.0411025307202868,0.011438198130647817
2023-08-24,69185.0,2057.5826962049055,0.02974030058834871,2814.2217853566863,0.040681988914301144,0.011925961739133632
2023-08-25,68975.0,1930.1040708044081,0.027982661410719943,2798.61773666085,0.0404473236660607,0.011427891736038575
2023-08-28,68758.33333333333,1787.4120828787397,0.025995570227299574,2777.982195973581,0.04013877323063203,0.011426752038935747
2023-08-29,68585.0,1712.7891147838807,0.024973231971770513,2725.3599906524837,0.03935822067517487,0.011089663638984091
2023-08-30,68431.66666666667,1628.1194638305365,0.02379190136872115,2679.6890017434903,0.03868004429105046,0.01115694690410782
2023-08-31,68295.0,1576.3527305246869,0.023081524716665743,2645.318397795519,0.03816984068580354,0.011065828069473779
2023-09-01,68318.33333333333,1611.8357136551585,0.023593018667343934,2619.862012833827,0.03776922097360091,0.01565312890606608
2023-09-04,68345.0,1653.541132194842,0.024194032221740318,2596.650824738577,0.03740134662097047,0.01565853442051022
2023-09-05,68368.33333333333,1682.3876369367615,0.024607702936594842,2569.3669826696587,0.03697876810059636,0.015678508490349945
2023-09-06,68375.0,1688.641057385427,0.024696761351157982,2532.7406659380636,0.03642484179201434,0.015781376053768024
2023-09-07,68331.66666666667,1615.468509673049,0.02364157920446424,2489.7532831053895,0.03577631527780644,0.014997470026682837
2023-09-08,68321.66666666667,1601.8138066774516,0.023445180494388575,2448.3416895342793,0.0351531917837508,0.014734834286746759
2023-09-11,68355.0,1643.50078417515,0.024043607405093266,2418.3627007351593,0.034695632701996486,0.014634113292692756
2023-09-12,68335.0,1612.2991722034064,0.02359404656769454,2373.7113594485213,0.03402682568016802,0.014254361252624047
2023-09-13,68368.33333333333,1655.5280089759485,0.024214836434644917,2311.9231743382684,0.033107878767553604,0.01393378148835364
2023-09-14,68465.0,1762.7931402097338,0.025747362012849394,2240.783871672572,0.032050880208914445,0.013714526002075228
2023-09-15,68588.33333333333,1876.6111851494209,0.027360501326504815,2163.9147029043256,0.030912576508529913,0.013624061138586727
2023-09-18,68645.0,1899.3805705340212,0.02766961279822305,2083.000273001817,0.02972977648675244,0.014489021120655705
2023-09-19,68718.33333333333,1900.1126705849626,0.027650738579005546,2023.066423231396,0.02885423252683364,0.014301670944369634
2023-09-20,68741.66666666667,1906.7070066461106,0.027737282191481787,1949.1894662981977,0.027780302142084913,0.013905814742002453
2023-09-21,68771.66666666667,1901.709001512781,0.02765250711067224,1907.826053309144,0.027179160237091094,0.013814933526561778
2023-09-22,68815.0,1886.4832269371443,0.02741383749091251,1904.060973225398,0.02712380499695877,0.01374144951086811
2023-09-25,68885.0,1867.1917877957007,0.027105927092918643,1897.3899544369492,0.027024924969824244,0.013800607318204238
2023-09-26,68933.33333333333,1839.2902179223972,0.02668215983446418,1895.3636183961692,0.026995208997571647,0.013981457299066575
2023-09-27,68980.0,1806.0053079688523,0.02618157883399322,1896.4070107861987,0.027010497233815677,0.013986982517810045
2023-09-28,69032.38095238096,1759.793880408329,0.025492295878107515,1901.6339954177631,0.027087210924903588,0.013961790181439325
2023-09-29,69093.80952380953,1691.9841790376506,0.024488216682488722,1913.9663906109217,0.027272186686982048,0.013912792662667015
2023-10-02,69132.38095238096,1645.7307630075263,0.023805498094172706,1922.9433961362188,0.027417649791464514,0.013946218169872278
2023-10-03,69166.66666666667,1601.2676774955332,0.023150857987887227,1926.8971984961117,0.02749437144108602,0.01395322404059461
2023-10-04,69180.0,1585.0488995839823,0.022911952870540365,1940.7574694291955,0.027709272835939398,0.013896678043194225
2023-10-05,69130.0,1639.7436764376432,0.023719711795713052,1970.1195435352113,0.028147245597702802,0.013724943228330067
2023-10-06,69093.33333333333,1697.9672133909369,0.024574978966484036,2000.2590917295265,0.028606006206009248,0.013540653679665367
2023-10-09,69076.66666666667,1723.5157239938478,0.02495076568055563,2027.2088594640045,0.02901631689172054,0.013550472726799287
2023-10-10,69063.33333333333,1743.17078391319,0.025240177381821372,2053.430926249562,0.029414801143185117,0.013554226644818824
2023-10-11,69100.0,1711.7345549138784,0.02477184594665526,2056.3993579045523,0.029470456797542968,0.01440250676812679
2023-10-12,69166.66666666667,1661.300768662151,0.024018806293910615,2054.94787734774,0.02945903727451941,0.01449231596273003
2023-10-13,69066.66666666667,1637.2568213722323,0.023705455907899114,2049.119488644047,0.029394211709814908,0.009635583287344646
2023-10-16,68936.66666666667,1616.7302791998661,0.02345239996905178,2060.0684308208556,0.029568709685085678,0.009734397207596944
2023-10-17,68893.33333333333,1584.94737294083,0.02300581632873278,2045.2116464417238,0.02936764360093417,0.011351372639267996
2023-10-18,68910.0,1599.5475697413929,0.023212125522295644,2033.130533777916,0.0292006906795842,0.011588998104835277
2023-10-19,68880.0,1578.9457461372497,0.022923138010122673,2023.3251064723154,0.029069138790538265,0.011835995565956275
2023-10-20,68830.0,1556.0119271781932,0.022606594903068333,2011.4154349671996,0.028911878292548404,0.011967052279561931
2023-10-23,68750.0,1512.3174772525708,0.021997345123673757,2007.5797173928665,0.02886965424345224,0.011908753501751754
2023-10-24,68683.33333333333,1476.163329375211,0.021492307634679124,2000.64266630539,0.028783234350944365,0.01190316210742363
2023-10-25,68586.66666666667,1419.8796339803382,0.020701977556089688,2004.056259246873,0.02884387282125306,0.011890308880490811
2023-10-26,68420.0,1332.602074865083,0.019476791506359004,2015.728241024145,0.029033222378339465,0.01207829014026753
2023-10-27,68263.33333333333,1162.646906917428,0.01703179218102585,2014.6360326766694,0.02903747334602238,0.01219907307702738
2023-10-30,68166.66666666667,1115.6826744933774,0.016366982999902847,2000.427368094287,0.028856248548037124,0.011397650117089885
2023-10-31,68070.0,1094.721195935931,0.01608228582247585,1985.7172384055111,0.028670247047220397,0.011400957721561453
2023-11-01,68036.66666666667,1061.2401183452448,0.015598061609111431,1952.6797214267795,0.028211799775002232,0.01237902816484984
2023-11-02,68063.33333333333,1093.2502485830041,0.016062249599632757,1923.7231878469786,0.027805495235195182,0.012590892881167833
2023-11-03,68090.0,1121.2373154337333,0.016466989505562246,1897.2782376869445,0.0274347155617042,0.012590809307937293
2023-11-06,68140.0,1211.4827109374448,0.017779317741964264,1862.060070850339,0.026934547268385393,0.012936995265595344
2023-11-07,68216.66666666667,1310.3393489760695,0.019208492777562706,1825.861325543195,0.026419852456070095,0.012728154373346562
2023-11-08,68266.66666666667,1345.717179319783,0.019712653993942134,1801.7661725135113,0.026080005713677138,0.013014564954479576
2023-11-09,68334.28571428571,1395.991043043282,0.020428852492584717,1786.5328621397173,0.02586491608435273,0.013035913469786903
2023-11-10,68412.85714285714,1450.1296988748782,0.021196742241692552,1790.7730751915415,0.025923802569906746,0.013028700452892289
2023-11-13,68500.95238095238,1488.6856103121222,0.02173233449417079,1795.6604068471875,0.025990790632965347,0.012975044452890749
2023-11-14,68606.66666666667,1536.4386346870247,0.022394888271601757,1786.5901632929247,0.02586241741869206,0.012984724873085057
2023-11-15,68763.33333333333,1654.7701858004482,0.024064717424021255,1792.180767169356,0.02594209440137064,0.013375558615335929
2023-11-16,68966.66666666667,1763.6821461481002,0.025572964903065733,1810.4880442553363,0.02620330210630949,0.013144242693008519
2023-11-17,69183.33333333333,1785.7835782937311,0.025812337918001416,1788.7920702952222,0.025893042488853324,0.012968494441209042
2023-11-20,69396.66666666667,1811.5497905594268,0.026104276726443536,1773.9590268107954,0.0256808101099368,0.012965920868301705
2023-11-21,69610.0,1823.2880491964222,0.026192904025232326,1790.6942953824114,0.025919743731159507,0.012966495144449015
2023-11-22,69763.33333333333,1892.723513577244,0.02713063472087406,1812.3585428192284,0.026228686791566057,0.01217767620357843
2023-11-23,69880.0,1944.8251406190166,0.02783092645419314,1834.734035456751,0.02654653160099796,0.012158193954038216
2023-11-24,70003.33333333333,1938.8022134777011,0.027695855627984874,1850.7681145465544,0.026772500913614543,0.012029569019403155
2023-11-27,70136.66666666667,1883.2260166752524,0.026850805807831172,1860.1180723372609,0.026903862003576265,0.011895074387104847
2023-11-28,70246.66666666667,1934.3952691910483,0.027537182345891358,1895.5876994171865,0.027404986618617212,0.011105228004577233
2023-11-29,70320.0,1985.3602122565096,0.02823322258612784,1930.7484442944717,0.02790031710644452,0.010779312064866388
2023-11-30,70430.0,2029.294084837386,0.028812921834976375,1950.1257789940314,0.028175353390771412,0.010384267726360877
2023-12-01,70536.66666666667,2024.7576838126256,0.028705037812191657,1966.8188329603042,0.028410149015981864,0.010421494292248609
2023-12-04,70676.66666666667,2017.113563098044,0.02854002117291955,1997.8457291899128,0.028845361016305922,0.01039729667334867
2023-12-05,70766.66666666667,1976.4707894645123,0.027929403525169743,1998.907764699189,0.028860231942140033,0.011111650546106367
2023-12-06,70890.0,1912.2743274555341,0.026975233847588292,2014.3119114213175,0.029074241546652325,0.011036208034715247
2023-12-07,71050.0,1742.916699296569,0.024530847280739888,2027.1230247305327,0.029246490846618404,0.010338986928054529
2023-12-08,71226.66666666667,1613.5062128320772,0.02265311979827888,2053.513001548802,0.029606825977298967,0.010541007001056158
2023-12-11,71416.66666666667,1463.8360878018764,0.020497121416128954,2086.8650016640745,0.03006600929264617,0.010543322929160071
2023-12-12,71636.66666666667,1240.5458568652411,0.01731719124561781,2121.76328622819,0.030539953742039435,0.010438636090125351
2023-12-13,71776.66666666667,1116.8562199714518,0.01556015724661847,2149.5316197625148,0.03092035606572628,0.009824751187837835
2023-12-14,71890.0,1070.4011494232366,0.014889430371723975,2176.1146450506185,0.031277249659369295,0.009478089258711722
2023-12-15,72013.33333333333,1008.834538679993,0.014008996556378352,2199.7280031811383,0.031587385866295836,0.009462779310377383
2023-12-18,72080.0,998.7578492188096,0.01385624097140413,2211.977788071248,0.03173493395286456,0.008997872402669116
2023-12-19,72163.33333333333,1001.2004289089282,0.013874087887324055,2229.0117457935435,0.031947488155145226,0.009059909891718
2023-12-20,72326.66666666667,1018.7664391154944,0.014085626865823962,2271.292697219711,0.032513096887290684,0.009139907066256536
2023-12-21,72483.33333333333,1057.0235808965986,0.014582988009610467,2309.8130193499755,0.03302091521586813,0.00911719591708898
2023-12-22,72663.33333333333,1162.1868012140924,0.015994130022672037,2360.470388295841,0.03369372967068336,0.009290027588855129
2023-12-25,72864.16666666667,1272.8884362979397,0.01746933361800528,2425.1180508921702,0.03456266298971015,0.00929429050558157
2023-12-26,73057.5,1384.164599289993,0.018946235489716908,2488.1715797852194,0.035405232817886344,0.009278036835729486
2023-12-27,73250.83333333333,1641.4155388751835,0.0224081483333548,2594.790167373463,0.03685883291656756,0.009188891127230793
2023-12-28,73440.83333333333,1897.3720861575425,0.025835383396941428,2720.836336450914,0.03858658161958396,0.009154934570912912
2023-12-29,73648.16666666667,2118.029534541914,0.02875875436422152,2830.571887657997,0.04006946958225279,0.009068580938045575
2024-01-01,73870.83333333333,2353.0091091647873,0.03185301969651695,2946.9528574077935,0.04163457235960511,0.00912615410713747
2024-01-02,74097.5,2564.3325238938432,0.0346075444366388,3059.373644856095,0.04313617985501593,0.00912150890160123
2024-01-03,74237.5,2605.374005184829,0.03509512046047926,3098.0834448775395,0.04361433124991355,0.01125964610403215
2024-01-04,74377.5,2616.0528143717697,0.03517263707938247,3121.302795914517,0.04387463956866905,0.011252969134834753
2024-01-05,74540.83333333333,2596.0075724250432,0.034826650794419746,3173.8277882041752,0.04457397228423586,0.011045653334878213
2024-01-08,74714.16666666667,2545.2620227324314,0.034066658791604865,3222.555484843873,0.04522091541615678,0.010968741412372373
2024-01-09,74780.83333333333,2516.719294189021,0.0336546034860406,3242.233772096373,0.04546869589430258,0.011474936558263274
2024-01-10,74810.83333333333,2496.341489726413,0.03336871651467251,3248.1301537721056,0.04552584808031015,0.011829440808571418
2024-01-11,74824.16666666667,2486.2789268895394,0.03322828756604314,3252.364921980808,0.04556533372430411,0.01187577705788533
2024-01-12,74860.83333333333,2451.054693227294,0.032741482883492184,3255.327324207001,0.04558696699826587,0.011690101901487563
2024-01-15,74904.16666666667,2421.0136390004122,0.03232148152417527,3265.1948542037208,0.04570310491620585,0.011758871747517441
2024-01-16,74950.83333333333,2359.872177766928,0.031485602932147895,3265.879280281442,0.04569776007172388,0.011661234163489348
2024-01-17,74927.5,2396.302737623307,0.03198161873308608,3265.7012343481933,0.045694558344456515,0.012318516499368283
2024-01-18,74934.16666666667,2386.6973586119634,0.031850589187557475,3265.7012343481933,0.045694558344456515,0.012445783993608782
2024-01-19,75004.16666666667,2346.331723662999,0.03128268505522581,3282.9986038562633,0.045917313112176894,0.014278287772559456
2024-01-22,75074.16666666667,2315.6022838081913,0.03084419563509229,3301.806422346711,0.04614522794237393,0.014276624801431175
2024-01-23,75130.83333333333,2296.4733394591512,0.030566323273300815,3318.623619710683,0.04634140156691476,0.014233761362995971
2024-01-24,75170.83333333333,2264.705995735985,0.030127456292701985,3321.051802722712,0.04634367061838571,0.014445028659476982
2024-01-25,75204.16666666667,2240.4040904492713,0.029790956934335703,3317.702574033877,0.04625963641565658,0.014430301692772993
2024-01-26,75207.5,2237.54589627277,0.029751632433903132,3307.64340982443,0.046086534875424086,0.01453591462881205
2024-01-29,75257.5,2200.660069473561,0.029241737627127676,3309.374466347832,0.04607498879949645,0.014700338647974263
2024-01-30,75287.5,2180.507197403186,0.028962406739540907,3301.478870037105,0.045924567262621,0.01465801327516246
2024-01-31,75217.5,2229.8464265960047,0.029645314276544748,3281.470972450356,0.045615934868968123,0.01476916216953875
2024-02-01,75170.83333333333,2249.1216995832647,0.029920137902554378,3262.608846235967,0.045316434424209386,0.014954137728962206
2024-02-02,75147.5,2244.9232956705587,0.029873559275698576,3253.7519832522044,0.04514424820083013,0.015328990630875478
2024-02-05,75076.66666666667,2236.7345862197194,0.029792673083777286,3229.2049784812625,0.04475852434627359,0.015411783070243075
2024-02-06,75003.33333333333,2221.078230441971,0.02961306026988095,3201.5057245756184,0.0443283703080843,0.015405938669494024
2024-02-07,74903.33333333333,2147.833444600222,0.028674737812294362,3174.6987161301263,0.04390653657906983,0.015081910972223073
2024-02-08,74756.66666666667,2041.3523802190637,0.02730662656912289,3123.2915954379446,0.043146504923604646,0.01513358788882891
2024-02-09,74610.0,1899.9437378229725,0.025465001177093854,3054.4618358620055,0.04214184278339699,0.01513540322054009
2024-02-12,74463.33333333333,1675.6107138485418,0.02250249403082334,2993.548089711286,0.041246543411630684,0.015147175996578886
2024-02-13,74316.66666666667,1376.3327918854588,0.01851984021375365,2932.6210963917665,0.04035269770174698,0.015148928398232434
2024-02-14,74216.66666666667,1280.281039548012,0.017250586654588076,2896.6915698012385,0.03982299636556974,0.014222729857379964
2024-02-15,74096.66666666667,1216.303992550845,0.016415097294761503,2867.730610526822,0.03940017249459617,0.014383520576502063
2024-02-16,73970.0,1142.2271046586966,0.015441761587923436,2822.015943547919,0.038743702341085845,0.014381688257866006
2024-02-19,73880.0,1037.5833992220303,0.014044171619139555,2761.2115034730705,0.03787136172884883,0.014652096354441082
2024-02-20,73833.33333333333,1030.8929284272842,0.013962432439195724,2735.9909803971595,0.0375031604155981,0.014064147124345826
2024-02-21,73813.33333333333,1041.3430761738318,0.01410779095249953,2723.462459519151,0.03731721882774125,0.013824821853423933
2024-02-22,73810.0,1043.5318014732393,0.01413808158072401,2698.0747430291617,0.036949101956066835,0.013792791982551579
2024-02-23,73803.33333333333,1048.8493969429521,0.014211409560674118,2660.3473726079246,0.036409725257235674,0.013799602157425117
2024-02-26,73766.66666666667,1064.464681174346,0.014430158353018698,2613.638951234709,0.03574655217727181,0.013644005463037444
2024-02-27,73776.66666666667,1054.4890357102427,0.014292988330234166,2567.064992316524,0.035086103170317684,0.013251458988725049
2024-02-28,73850.0,923.034724939749,0.012498777588893013,2507.339031094401,0.034242740019726194,0.012570083694775348
2024-02-29,73906.66666666667,834.4204403420853,0.011290191778036513,2409.04285324783,0.032866893313319066,0.012465304769711541
2024-03-01,73875.83333333333,821.0780165073961,0.011114297862504376,2323.088168623048,0.0316631232093643,0.009939649236541519
2024-03-04,73869.16666666667,811.5524536675308,0.010986349112744796,2236.5223053811133,0.030448207098127338,0.010289862427619046
2024-03-05,73819.16666666667,771.974721905256,0.010457646120432896,2124.712112391843,0.028896290213259474,0.010693776659068819
2024-03-06,73782.5,789.0246598107317,0.010693926877114922,2059.9930456945417,0.027997912096605015,0.010476179032567387
2024-03-07,73719.16666666667,837.4304740376508,0.011359738747783604,2023.6663585141741,0.027493806573618093,0.010600938083812168
2024-03-08,73715.83333333333,838.9423589291139,0.011380762056036544,1978.4799301364628,0.026864892459721738,0.010859584492172492
2024-03-11,73649.16666666667,861.8525389223724,0.011702135651080537,1961.3352639141967,0.026626066995335724,0.010771627766440174
2024-03-12,73615.83333333333,855.1245960145316,0.011616041784686695,1939.5520706343054,0.026320821223927544,0.011039524575929209
2024-03-13,73662.5,841.5141832946231,0.01142391560556081,1897.434910200377,0.025732970965015207,0.010458737059943062
2024-03-14,73685.83333333333,849.3893174746395,0.011527172579188304,1862.5850406633836,0.02524512118004044,0.010233812432567877
2024-03-15,73589.16666666667,836.0395999233866,0.011360905929406093,1836.4500745731248,0.02488414735193936,0.01061989540382248
2024-03-18,73539.16666666667,836.9156049933866,0.011380542409283758,1803.6568658929466,0.024430967119734692,0.010522391478666886
2024-03-19,73485.83333333333,831.1272811475176,0.011310034103818437,1778.0867728489463,0.024077366628009925,0.010516330345618472
2024-03-20,73549.16666666667,1004.7457075190695,0.013660871401476147,1798.0224433003639,0.024330113800278563,0.014550167547595543
2024-03-21,73722.5,1452.0287531575761,0.019695869689139354,1881.8854100673213,0.02544005150595694,0.015319326078905769
2024-03-22,73875.16666666667,1730.9905890953125,0.023431291829171,1945.4327736134126,0.0262738519845749,0.015376514459973503
2024-03-25,73982.5,1894.014505824109,0.02560084487309984,1988.630809595853,0.02683511100736588,0.015445339442650845
2024-03-26,74139.16666666667,2172.1561206874426,0.02929836169394192,2075.201553015479,0.027973540390527084,0.015875108982511797
2024-03-27,74332.5,2404.9800164048215,0.032354353969055547,2152.4702442320727,0.02898472709032356,0.015518698900010086
2024-03-28,74592.5,2663.669607113125,0.0357096170139508,2250.6904614036753,0.030269297896941237,0.0153131873655401
2024-03-29,74912.5,2996.7277412485187,0.040003040096759805,2387.2980171558684,0.03205526452683667,0.015546764739097104
2024-04-01,75185.83333333333,3254.623258914498,0.043287719436256804,2491.58775694465,0.033402284702984855,0.015523437656357062
2024-04-02,75575.83333333333,3692.411155826775,0.0488570352845611,2713.97931234926,0.03631713250835354,0.016475929300533102
2024-04-03,75945.83333333333,3971.026985061637,0.05228762146347687,2879.1732778767346,0.03846248311720267,0.01664217328410935
2024-04-04,76352.5,4282.051303063126,0.05608266007089652,3073.7655277111244,0.040985969167654554,0.01671723616408843
2024-04-05,76739.16666666667,4478.7606204616295,0.05836342528862874,3216.0064428874325,0.04280335692460463,0.01686976314763437
2024-04-08,77129.16666666667,4630.744723626831,0.060038827382120866,3352.371037493908,0.04453991635288628,0.016853955145259034
2024-04-09,77485.83333333333,4705.241406707803,0.060723892410971515,3437.0994307516175,0.04558218625009513,0.017085546529457186
2024-04-10,77840.83333333333,4772.02011791048,0.06130484366059562,3527.387743731305,0.046695971484480875,0.017087808695506527
2024-04-11,78197.5,4828.196413097068,0.06174361601198335,3614.237331116619,0.047757186348927234,0.017086966420888684
2024-04-12,78528.33333333333,4854.67572931258,0.06182068972106773,3696.428059558929,0.04876375467921926,0.01717051416418832
2024-04-15,78771.66666666667,4849.4877677122095,0.06156385884576361,3744.9398068990745,0.049337195269074166,0.017509293439342752
2024-04-16,78981.66666666667,4757.833528514039,0.06023972054925032,3760.681649237305,0.049497488052904375,0.018032382067200006
2024-04-17,79181.66666666667,4617.404916282994,0.058314065751116556,3757.744213358266,0.04941474407729984,0.018116629895533462
2024-04-18,79428.33333333333,4425.234911615795,0.055713556182081896,3762.966579461754,0.049436467459044585,0.01799831889183145
2024-04-19,79571.66666666667,4287.384930260471,0.053880798403038825,3754.08257168778,0.049288814700817696,0.018590113195407664
2024-04-22,79695.0,4124.074608843177,0.05174822270962014,3737.93087362163,0.04905385330027437,0.018824107994076043
2024-04-23,79768.33333333333,4024.804200277244,0.050456165148374386,3726.790330469989,0.048892681609337844,0.018790816990962286
2024-04-24,79918.33333333333,3887.789978835638,0.04864703525059713,3731.9994774743545,0.04893391603561971,0.02004683287195335
2024-04-25,79985.0,3804.3792823708427,0.047563659215738484,3729.5590036948247,0.048892656543102465,0.02086201289792922
2024-04-26,80131.66666666667,3575.8404686822605,0.04462456126810783,3729.595155638541,0.04888743367838404,0.02018144634938045
2024-04-29,80261.66666666667,3364.7688687671175,0.041922489383895804,3729.8201036526766,0.0488884242049045,0.020162696445575508
2024-04-30,80418.33333333333,3104.737296158135,0.03860733202824566,3731.859738352348,0.048908747922444845,0.020220741595550474
2024-05-01,80446.66666666667,3075.2609458470138,0.038227325920034146,3730.674876523786,0.04889499945567601,0.01760911692222345
2024-05-02,80403.33333333333,3101.0268970272364,0.03856838726040259,3727.7326339051365,0.04885999541998802,0.016664130604883757
2024-05-03,80360.0,3131.6900802306604,0.038970757593711554,3721.407487229955,0.048785048093025925,0.016664925594738207
2024-05-06,80432.5,3105.02339099323,0.03860408903109104,3732.177656866787,0.04891914759923552,0.017804582549844735
2024-05-07,80479.16666666667,3107.2640375167616,0.038609545379447205,3753.3457733568457,0.04918442929246527,0.01749536138399878
2024-05-08,80529.16666666667,3108.0268946962624,0.03859504603544797,3789.401278227782,0.0496258361463692,0.017492334814095633
2024-05-09,80492.5,3111.2085327854747,0.03865215433469547,3805.666515599951,0.04981637367794044,0.017732448538361416
2024-05-10,80385.83333333333,3098.384474297717,0.03854391185384304,3817.0998396703076,0.04994714862065958,0.017348191262693397
2024-05-13,80265.83333333333,3103.4219387443163,0.03866429600071824,3822.781634583834,0.050007681322181856,0.017412176783159213
2024-05-14,80042.5,2989.9915667038385,0.03735504971363761,3823.1637126895357,0.04998652354410997,0.015915010070502993
2024-05-15,79847.5,2905.823151819429,0.03639216195647239,3815.1645556594394,0.0498482636986948,0.015848276648977914
2024-05-16,79610.83333333333,2730.2557930342373,0.03429502843667722,3802.43038614012,0.04964584441951645,0.015542011034177279
2024-05-17,79374.16666666667,2596.2712265100486,0.03270927224235486,3785.0466265341006,0.049388067616972675,0.015555249859024716
2024-05-20,79187.5,2409.6318040375677,0.030429446617680413,3781.0865393720705,0.04930065752169306,0.016066092431906653
2024-05-21,79014.16666666667,2263.90038898784,0.028651828963006717,3759.8850073383746,0.048983056708662584,0.016006972456659944
2024-05-22,78809.16666666667,2082.0505821021216,0.026418888438554586,3710.5854500355913,0.048293953796558674,0.016023740619220992
2024-05-23,78615.83333333333,1827.5488027496983,0.023246574198365875,3673.02274256627,0.04775948434335476,0.01610264612406644
2024-05-24,78355.83333333333,1622.6532568448497,0.020708774162887467,3667.095642253077,0.047674150315302616,0.016935175343681157
2024-05-27,78189.16666666667,1463.134379556067,0.018712750652448446,3662.0626440548576,0.047594281211993994,0.01708628895167436
2024-05-28,78109.16666666667,1425.8464414893754,0.018254534036628762,3657.9612268409746,0.047524506000272505,0.01646039263738163
2024-05-29,77985.83333333333,1512.472332793755,0.01939419338290615,3649.1903827330616,0.04740234314007008,0.01722738674439837
2024-05-30,77782.5,1687.851495958453,0.0216996303276245,3655.060444633694,0.04748270616161209,0.017534730504083197
2024-05-31,77645.83333333333,1860.3170305134634,0.023959006564165882,3653.975986764752,0.047467932853468196,0.01700169819521584
2024-06-03,77632.5,1873.1674953171398,0.024128650955684023,3646.2326340986247,0.04735845425495739,0.017586036275683725
2024-06-04,77625.83333333333,1881.3568486466013,0.024236220957111806,3639.453826784539,0.04726358807131128,0.01755277261895343
2024-06-05,77585.83333333333,1872.6673229098412,0.024136717264661822,3610.617570228833,0.046857329678528466,0.016676097502765063
2024-06-06,77620.83333333333,1857.5577604286718,0.023931175184007798,3591.881225287451,0.04658898364631534,0.01574006399368719
2024-06-07,77640.83333333333,1850.518139617365,0.023834341546446116,3586.2346411475187,0.046501670213774486,0.015715158227100113
2024-06-10,77607.5,1876.8686091086724,0.024184113766178173,3576.886928583057,0.04637110786452161,0.016184042039428578
2024-06-11,77530.83333333333,1927.6983252907628,0.024863634794209995,3571.0002375556332,0.04628945800188779,0.016089737941287652
2024-06-12,77489.16666666667,1936.2878113806428,0.024987851782042343,3564.3708176669643,0.0461935436551003,0.016413197268008113
2024-06-13,77509.16666666667,1944.8260640827796,0.02509156203996662,3552.4825945052567,0.046009660817733805,0.01716278035697357
2024-06-14,77575.83333333333,1981.971364198083,0.025548824666591825,3547.786839801295,0.04591395800632363,0.01727669236631916
2024-06-17,77500.0,1913.5181535939032,0.024690556820566492,3540.391332396736,0.0457977017320579,0.016376533346036434
2024-06-18,77450.0,1828.5098511787069,0.023608907052016875,3542.864150938198,0.04579940873513373,0.016739594735900865
2024-06-19,77446.66666666667,1821.326408157797,0.02351716977048029,3547.5167590933147,0.045812176104803,0.017059923878114645
2024-06-20,77510.0,1932.0526872221642,0.024926495771154227,3542.5043512527454,0.04569106409750096,0.016661759510200956
2024-06-21,77536.66666666667,1961.479619788606,0.02529744576486745,3515.6456085528193,0.045297901198954015,0.017037976067533503
2024-06-24,77610.0,2034.6312044020385,0.02621609592065505,3505.864357597924,0.04512794070007411,0.0169675998398252
2024-06-25,77693.33333333333,2113.5332948645914,0.02720353477172548,3489.5079048800026,0.044869268066206176,0.016964668944045445
2024-06-26,77795.0,2212.283498075567,0.028437348133884786,3471.645265422661,0.04458671221993671,0.016986850576672263
2024-06-27,77908.33333333333,2318.296168834376,0.029756716254158214,3456.205224924685,0.04433463797712729,0.016988389696164206
2024-06-28,78045.0,2406.469369757598,0.03083438234041384,3433.625128503222,0.043991068944131816,0.016853212066358716
2024-07-01,78141.66666666667,2498.485173242946,0.031973789142492645,3409.9005810326653,0.04363121411664331,0.016533500152588424
2024-07-02,78255.0,2586.1817814863307,0.033048134706872796,3384.8157302994214,0.04325550974802779,0.016473888986389414
2024-07-03,78391.66666666667,2663.0318258973816,0.03397085352478854,3361.915845511615,0.04291046638483182,0.016359938387136536
2024-07-04,78601.66666666667,2893.943834896486,0.036817843152984274,3383.94922531987,0.04312319807981484,0.01734430290239209
2024-07-05,78975.0,3235.651349445339,0.04097057739088748,3466.6397583394305,0.04409376757324092,0.016785710501935204
2024-07-08,79315.0,3562.1368538437932,0.044911263365615496,3564.945516056542,0.045264199885739306,0.016622189787891192
2024-07-09,79655.0,3866.5753804120504,0.04854152759289499,3648.9718700589506,0.04623910569426502,0.016621265249965853
2024-07-10,80075.0,4046.129482987181,0.05052924736793232,3710.480998679964,0.04692010493920732,0.015237434689741843
2024-07-11,80545.0,4074.867249793885,0.050591188153130365,3744.5357713524713,0.04724850346072441,0.014370516725895453
2024-07-12,80908.33333333333,3907.5542075640938,0.04829606601170989,3729.0623246120194,0.04698014834104962,0.016361138720036677
2024-07-15,81275.0,3918.0561242914455,0.048207396177070996,3733.1653022802343,0.046937881651871634,0.016230855669184432
2024-07-16,81688.33333333333,3920.056371280534,0.047987958761314765,3771.3624672712435,0.04732294250651441,0.016169582178270577
2024-07-17,81998.33333333333,3936.9269333015236,0.04801227992400078,3795.155934531193,0.04753799147647134,0.015868601617723126
2024-07-18,82316.66666666667,3934.207481277652,0.04779357134574997,3821.024867665397,0.04777823923557061,0.015849340800214853
2024-07-19,82553.33333333333,3834.3037252498807,0.04644638284644126,3760.3623889853775,0.04694080120512554,0.016949109788087297
2024-07-22,82796.66666666667,3609.420942509153,0.04359379535217786,3690.6765080074306,0.046005822142136055,0.01676211599190763
2024-07-23,83086.66666666667,3315.5571990577346,0.03990480461033942,3624.7450403245057,0.04511459964517108,0.016716207348859532
2024-07-24,83270.0,3082.6712554145543,0.037020190409686016,3610.1142014390593,0.04490083201822999,0.017193889886986627
2024-07-25,83330.0,3005.18517416616,0.03606366463657938,3608.203142247067,0.044870242294542624,0.016990631292416254
2024-07-26,83373.33333333333,2958.5566533798137,0.03548564673012731,3604.9302248045124,0.04481715644624719,0.016875520124154244
2024-07-29,83476.66666666667,2818.8629810156945,0.03376827434032298,3597.881895705711,0.04471100180723792,0.016472276416356665
2024-07-30,83516.66666666667,2773.033112617249,0.033203349981447805,3597.793151178634,0.044703109200625,0.016032523961700983
2024-07-31,83606.66666666667,2738.8562089541783,0.0327588255596146,3614.977524133616,0.0448912175857144,0.016979585800203426
2024-08-01,83656.66666666667,2714.5436313366354,0.03244862291911346,3625.0413166517005,0.04500190950735065,0.017073003025946106
2024-08-02,83643.33333333333,2734.0362146434736,0.03268683953266019,3621.0251896163886,0.0449694206293626,0.018497760682045707
2024-08-05,83336.66666666667,3496.745613431307,0.04195926899041606,3742.751890450985,0.0465492280514192,0.027036002063702397
2024-08-06,83060.0,3996.9471108447583,0.048121202875568966,3801.7546481999534,0.04736487250097708,0.027242877718704008
2024-08-07,82840.0,4269.506956917414,0.05153919552049027,3824.2757447523995,0.04770753478634495,0.027873665235241093
2024-08-08,82566.66666666667,4601.224224900365,0.05572738261889824,3850.225371177043,0.04811061091428189,0.027972293486674654
2024-08-09,82340.0,4817.96923881845,0.058513107102483,3860.9113118432456,0.04830986900965095,0.028234603961733943
2024-08-12,82130.0,4976.991890274293,0.060598951543580824,3857.4976141680822,0.04832762513791529,0.028319287015146147
2024-08-13,81940.0,5097.369165931302,0.06220855706530756,3855.925618466686,0.04835841793437427,0.028381841979979998
2024-08-14,81786.66666666667,5170.388722351928,0.06321799057326288,3839.894899221896,0.0482020385905777,0.028544300693682228
2024-08-15,81590.0,5171.896870720982,0.06338885734429443,3811.864332712138,0.04788623890847823,0.0280415466425568
2024-08-16,81360.0,5070.849755353985,0.06232607860562911,3787.3665681070815,0.04760174299803963,0.02770472668173085
2024-08-19,81056.66666666667,4968.222004404776,0.06129319411610942,3779.165412376009,0.04752454993853291,0.027944609697444892
2024-08-20,80760.0,4815.033927620071,0.05962151965849519,3779.3752600689486,0.04753449488433462,0.027981352774719734
2024-08-21,80443.33333333333,4645.478582919347,0.057748459573024664,3780.9887408314107,0.04755877593680431,0.02798254662337489
2024-08-22,80133.33333333333,4457.951697060877,0.05563167675200763,3783.090385126851,0.047593858482897836,0.02798996153275513
2024-08-23,79910.0,4404.33563818515,0.0551162012036685,3782.5445996783806,0.04758632694235042,0.027282592288910383
2024-08-26,79556.66666666667,4263.775511115729,0.05359419505319976,3782.5445996783806,0.04758632694235042,0.026882305770661825
2024-08-27,79160.0,4027.029366324052,0.050872023323952145,3779.121310670751,0.047541266588675586,0.026716400843784478
2024-08-28,78816.66666666667,3794.377267822709,0.04814181350589185,3792.0448735099903,0.04771851868749049,0.02678491384709223
2024-08-29,78386.66666666667,3571.1230082741513,0.045557786293682824,3821.26508757635,0.04810169032821143,0.027222813487304473
2024-08-30,78050.0,3458.996266608136,0.04431769720189796,3848.8851706430296,0.04846563789359973,0.026893710009858407
2024-09-02,77763.33333333333,3390.298871305732,0.043597653623889565,3874.6620911011796,0.04880592974819628,0.026806826365838494
2024-09-03,77383.33333333333,3316.8413862596167,0.04286247753081564,3937.3912703206643,0.04963080862165886,0.026961275387962513
2024-09-04,76983.33333333333,3461.3215866822197,0.044961960424536304,4055.392529386972,0.05117375979541275,0.027331628020961188
2024-09-05,76603.33333333333,3691.4143942235346,0.04818869145237633,4195.058037523944,0.053003039104506704,0.027251953900484304
2024-09-06,76203.33333333333,3856.2518279950677,0.05060476568822538,4329.209729501971,0.05476488415051882,0.02717829710650737
2024-09-09,75746.66666666667,4050.434913500233,0.053473441033711926,4494.527953310368,0.05695925141838335,0.027259881677723825
2024-09-10,75253.33333333333,4283.145261759092,0.05691635269878312,4682.145143634451,0.059463362250882036,0.027356672543771204
2024-09-11,74620.0,4364.464654930104,0.058489207383142644,4895.657965620857,0.06231920128226601,0.0262733545829106
2024-09-12,74060.0,4316.416137938793,0.05828269157357269,5061.484758945361,0.06455243570812301,0.026832538928208746
2024-09-13,73553.33333333333,4530.489303963743,0.06159461575224884,5271.555238419015,0.06737290137144439,0.026311780916037062
2024-09-16,73298.33333333333,4859.233715190822,0.0662939182135677,5488.422185827211,0.07029079193784983,0.018031859759827077
2024-09-17,72999.44444444445,5175.506866793,0.07089789389742235,5698.522138566505,0.07313524390264912,0.017669629168404265
2024-09-18,72620.0,5456.205648307731,0.07513364979768289,5902.493733342943,0.0759146907891742,0.01644441727009476
2024-09-19,72276.66666666667,5722.975139247191,0.079181503563813,6100.880725801395,0.07863592316877438,0.01628914225940979
2024-09-20,71886.66666666667,5946.432975666732,0.08271955358898356,6291.601644131055,0.08126176215664056,0.015739116515576097
2024-09-23,71456.66666666667,6139.417272383566,0.08591804738139991,6480.40696788454,0.08389660696211923,0.015433953012852906
2024-09-24,71026.66666666667,6253.677232412978,0.08804689176477817,6645.8641029891005,0.08622718016175229,0.015488067533108324
2024-09-25,70526.66666666667,6342.103123621445,0.08992489541007814,6827.8012913675575,0.08878612892699625,0.015084974740480227
2024-09-26,70060.0,6234.108686180312,0.08898242486697562,6945.979108827513,0.09050070137667858,0.01666972804109229
2024-09-27,69526.66666666667,6017.348164033802,0.08654734150973921,7070.449419503083,0.092278754287764,0.015964092690786903
2024-09-30,68966.66666666667,5954.117349360844,0.08633326267802093,7247.454695480336,0.09480475318026936,0.01698703148888706
2024-10-01,68383.33333333333,5802.701181016209,0.08485548887666892,7417.650042116423,0.09726010588516497,0.0167750092404082
2024-10-02,67816.66666666667,5628.342344588792,0.08299349733972168,7582.962476011817,0.09962943669623776,0.016819712978917024
2024-10-03,67238.33333333333,5400.784230693925,0.08032299378867103,7745.185367666787,0.10194759533309117,0.016756303831559443
2024-10-04,66668.33333333333,5155.377637222558,0.07732873134005488,7909.0810494131665,0.104301687197372,0.016762636390532385
2024-10-07,66165.0,4935.211179571989,0.07458945332988724,8062.080365836898,0.1065488822046316,0.016802863002040366
2024-10-08,65648.33333333333,4697.356699430563,0.0715533275700916,8223.16002513606,0.10891762973145232,0.016806708545098758
2024-10-09,65088.333333333336,4360.740362989932,0.06699726571054615,8389.30037601443,0.11141004763708647,0.016561896399563843
2024-10-10,64585.0,4163.647986968493,0.06446772450210564,8562.308546935725,0.11401800200102317,0.01596848556396827
2024-10-11,64085.0,3845.25221011405,0.060002375128564406,8719.040484982934,0.11641512964602287,0.016044546404011047
2024-10-14,63631.666666666664,3358.055876847621,0.0527733446687596,8844.166295681178,0.11834739123685922,0.01704387215114707
2024-10-15,63248.333333333336,2941.320597663216,0.046504317863393756,8961.580310437417,0.12017227435381805,0.016743380589166
2024-10-16,62898.333333333336,2727.1283298010662,0.04335772007421076,9098.614761285226,0.12231969714404557,0.016222886643399898
2024-10-17,62588.333333333336,2531.155105595662,0.040441324617404656,9217.544556601246,0.12426939849963856,0.01620798319934685
2024-10-18,62265.0,2306.684231878002,0.037046241578382745,9332.719432057234,0.12620784326436288,0.016207814150241313
2024-10-21,61981.666666666664,2158.780298103486,0.03482933606340831,9453.60609646984,0.12821056616898135,0.015943610911537575
2024-10-22,61698.333333333336,2143.793277547813,0.034746372579720894,9580.469186068834,0.1303652416819037,0.016043361679301496
2024-10-23,61505.0,2106.303939018758,0.0342460603043453,9663.48179808493,0.13193567333302644,0.016591504391921908
2024-10-24,61181.666666666664,2089.2965231596436,0.03414906191658139,9779.20653539534,0.13402395148213106,0.017472936802982994
2024-10-25,60898.333333333336,2210.6297970528935,0.036300333294062126,9913.47367788123,0.13636452478802213,0.016947594838831664
2024-10-28,60710.0,2199.9547191442043,0.036237106228697157,9995.335694359797,0.13796501913124018,0.01865969964244243
2024-10-29,60578.88888888889,2142.3432820600533,0.03536451924678652,10045.981379892184,0.13911639586565883,0.01937509028407105
2024-10-30,60438.333333333336,2094.3142789113585,0.034652085247961144,10092.786589246649,0.1402436012370326,0.019408102541402884
2024-10-31,60308.333333333336,2043.8335908600568,0.03388973758507763,10128.673852976623,0.14123070497058604,0.019420315132067153
2024-11-01,60151.666666666664,2010.253172138646,0.03341974185484436,10172.032430040725,0.142346928514801,0.019568431298457697
2024-11-04,60021.666666666664,1972.2070314026942,0.03285825171026064,10199.580861501601,0.14324695159133055,0.019628810676873294
2024-11-05,59835.0,1925.4712813163603,0.03217968214784592,10235.99419163248,0.14430329919830254,0.01973204950074016
2024-11-06,59671.666666666664,1925.7637684710285,0.032272666007949535,10269.496378482414,0.14533334497934872,0.019587703460601194
2024-11-07,59431.666666666664,1714.5665649804707,0.028849377127465225,10253.50567314719,0.14572803742362705,0.017952467504536128
2024-11-08,59191.666666666664,1516.5798257322247,0.02562150909304054,10192.081284573787,0.14554686991545074,0.01796051870346668
2024-11-11,58975.0,1635.10782097355,0.02772543994868249,10143.607252963353,0.14560317909500103,0.017459563163692
2024-11-12,58695.0,1902.8268444611767,0.03241889163406043,10107.801911797578,0.14589900356234928,0.01848030783368208
2024-11-13,58338.333333333336,2348.3553795173257,0.040254070442830484,10102.539652395035,0.14669827422221107,0.01995145386878437
2024-11-14,57970.0,2755.8276809152826,0.04753885942582858,10098.62546424837,0.14753886478346712,0.01999815523321524
2024-11-15,57733.333333333336,2826.150462516823,0.04895179784959855,10075.411364792386,0.1479417920058921,0.024377389844268828
2024-11-18,57590.0,2763.1004574451385,0.047978823709761045,9948.729067068698,0.14680016986009703,0.026848499540459446
2024-11-19,57456.666666666664,2724.0541962982975,0.04741058530425766,9791.309763198266,0.14522497362170814,0.026808649480705705
2024-11-20,57313.333333333336,2720.5138121872224,0.04746738069420534,9655.139533597327,0.14395019639094506,0.02690812829732579
2024-11-21,57230.0,2708.498757105864,0.04732655525259242,9485.166634271689,0.1421341808816863,0.027145802728165
2024-11-22,57120.0,2688.4683500030624,0.047067022934227286,9362.457585882123,0.14096194704095943,0.027119287051428697
2024-11-25,57023.333333333336,2602.3442128783727,0.04563648002943308,9235.957877508285,0.13964371722635605,0.02744720653960214
2024-11-26,56933.333333333336,2504.9376526534347,0.043997733945903415,9075.648039029555,0.1378125888547499,0.02747728755642745
2024-11-27,56826.666666666664,2459.5953316358928,0.04328241432958516,8965.599483296308,0.13673441279333493,0.02782961506569698
2024-11-28,56686.666666666664,2409.4259343951962,0.04250427968473238,8886.64888481588,0.13610462270515358,0.0279026505853617
2024-11-29,56520.0,2402.498699271842,0.0425070541272442,8805.06644317158,0.13547066574674418,0.028154176268061135
2024-12-02,56340.0,2412.5533762191476,0.04282132368156102,8714.53628337214,0.13471341975824538,0.028193884589642577
2024-12-03,56203.333333333336,2448.7130093789806,0.04356882170770975,8616.380710125639,0.13382590215307352,0.02796646866628927
2024-12-04,56003.333333333336,2448.994633037559,0.043729444075428114,8442.478886577972,0.13182561999219575,0.02753915804572012
2024-12-05,55906.666666666664,2481.6475802673526,0.04438911722395694,8263.705919144591,0.12969570450924034,0.02661453596690584
2024-12-06,55846.666666666664,2503.478040417716,0.04482770754000924,8149.345481251069,0.1284721522018228,0.026586475947233006
2024-12-09,55690.0,2504.6646137935154,0.044975123250018234,8172.462000130308,0.12924407700150725,0.025580466951212293
2024-12-10,55503.333333333336,2410.1056398850205,0.04342271887367162,8169.409250559345,0.12961715529450962,0.02516443273986169
2024-12-11,55333.333333333336,2326.0642107747217,0.04203730501400099,8128.372439446948,0.1294384074932942,0.02515215027201898
2024-12-12,55223.333333333336,2212.1425615558937,0.040058113627498525,8081.063332370104,0.12908474063332465,0.026064278866492013
2024-12-13,55150.0,2141.985865564776,0.038839272267720326,8005.69906632633,0.128304455578494,0.02595716738386487
2024-12-16,55046.666666666664,2037.0251015565016,0.03700542148885494,7913.999452131882,0.12728587779866316,0.025946931102837734
2024-12-17,54933.333333333336,1983.9586573380232,0.03611575225736693,7817.122859483149,0.12622174212680345,0.026123907164435106
2024-12-18,54853.333333333336,1932.9686536763827,0.03523885489200989,7679.943498966666,0.12450485268204374,0.026255419985040544
2024-12-19,54706.666666666664,1891.7121114607444,0.03457918799891685,7514.936209291305,0.12239420531061944,0.02687135304470685
2024-12-20,54573.333333333336,1865.2786300764112,0.03417930546194255,7294.047925779995,0.11938428066746072,0.026846998615493903
2024-12-23,54523.333333333336,1873.5331426973132,0.034362043333691625,7102.798524448409,0.11678072821278178,0.02617279564161889
2024-12-24,54570.0,1851.588320968911,0.03393051715171176,6867.7472014465275,0.11342378554352961,0.025444002002229765
2024-12-25,54683.333333333336,1697.8857711747337,0.031049419771558676,6635.808287087324,0.11008409828997524,0.02389866803106347
2024-12-26,54806.666666666664,1455.532449877784,0.026557580279974166,6388.294661070348,0.10646270579235645,0.02377690391778612
2024-12-27,54813.333333333336,1449.7879353459964,0.026449548808306914,6137.339642723324,0.10273704169946696,0.02009961365785093
2024-12-30,54696.666666666664,1433.4629719520537,0.026207501467829613,5922.321478768589,0.09956177360614415,0.01691127320768122
2024-12-31,54595.555555555555,1423.4148495697018,0.02607199130195237,5696.808738498274,0.09617542366181146,0.016895488357866292
2025-01-01,54530.0,1435.0924783649311,0.02631748539088449,5428.374526504825,0.09204188196675445,0.016626925299191818
2025-01-02,54430.0,1404.4906086320066,0.025803612137277356,5218.0452821720655,0.0888203117621277,0.01616181862739093
2025-01-03,54376.666666666664,1372.8386007679546,0.025246832601629767,4967.2469371713605,0.08487071056116764,0.016546770857325536
2025-01-06,54310.0,1237.7569008483142,0.022790589225710076,4677.341622833005,0.08019903905637708,0.01613891639798484
2025-01-07,54213.333333333336,1007.1620916868334,0.018577756241149164,4436.01412147208,0.07630977014487939,0.016125815491635425
2025-01-08,54246.666666666664,1091.6120456651838,0.02012311746955605,4252.433429803874,0.0733297584247145,0.01612048398316367
2025-01-09,54266.666666666664,1120.4815604046487,0.020647694602051268,4091.5386106273595,0.0707300792233301,0.016385273344230226
2025-01-10,54303.333333333336,1136.1138980206983,0.02092162355940148,3926.5597821571264,0.06805588291029463,0.015996485583888616
2025-01-13,54320.0,1129.0860237581073,0.02078582517964115,3802.7359311166,0.0660802691124186,0.016388296038712783
2025-01-14,54330.0,1123.8054535024073,0.02068480496047133,3708.117297920694,0.06458946899289958,0.016404650300412507
2025-01-15,54350.0,1106.3643819274032,0.020356290375849184,3641.281079871396,0.06356306981300987,0.016323324449906394
2025-01-16,54370.0,1099.61156499623,0.0202246011586579,3525.3675400080774,0.061683223057249464,0.01632047550460706
2025-01-17,54356.666666666664,1105.4081613000992,0.020336202145706125,3457.9960803033923,0.060630550496742736,0.016394957767194032
2025-01-20,54356.666666666664,1105.4081613000992,0.020336202145706125,3403.810378625828,0.05980106859201681,0.016250894559406544
2025-01-21,54340.0,1114.7014788619056,0.020513461149464587,3348.5981108245446,0.058946504754376516,0.016118557319773918
2025-01-22,54350.0,1112.8903379121837,0.02047636316305766,3285.9592818544793,0.05794604554914682,0.016354470178884684
2025-01-23,54276.666666666664,1079.206108099169,0.01988342642201994,3229.384099241316,0.05705345613813975,0.015121960914728925
2025-01-24,54196.666666666664,1027.0797049451967,0.018950975550990776,3170.6425365987966,0.0561181188200261,0.015096011339997705
2025-01-27,54114.7619047619,1009.1274355864795,0.01864791417473981,3122.5365015364555,0.05536965434652981,0.015123675385291179
2025-01-28,54073.333333333336,1030.7870074475857,0.019062760586504482,3057.690505688035,0.05432943004035796,0.014437846678236086
2025-01-29,54002.380952380954,1045.0818282987707,0.019352513905272418,3013.8059366200982,0.05364954797710311,0.014213369653690026
2025-01-30,53985.2380952381,1064.4331750791416,0.01971711550482228,2897.083555883375,0.051695610519091724,0.012876942196324369
2025-01-31,53965.2380952381,1088.9382246553173,0.020178512373716467,2788.6815230166967,0.0498779746815825,0.012887381582758494
2025-02-03,53881.90476190476,1214.2212546093335,0.02253486137831943,2771.7818455574065,0.04967937452652475,0.013632675637445786
2025-02-04,53825.2380952381,1228.7898063338628,0.02282924980581876,2725.372503754286,0.04893234700283708,0.014656118896918566
2025-02-05,53788.571428571435,1239.7580093759293,0.023048725341632593,2674.68921565195,0.04810296861020373,0.014631820974624813
2025-02-06,53801.90476190476,1239.8109874903291,0.023043998032727563,2618.32542696429,0.04715478235603112,0.01507358755446924
2025-02-07,53801.90476190476,1239.8109874903291,0.023043998032727563,2568.6382617679824,0.04632390118608742,0.01510718387728068
2025-02-10,53881.90476190476,1276.5209238152609,0.023691087563737695,2499.672296289926,0.04512897249100608,0.016268375649219895
2025-02-11,53963.01587301587,1312.8705901742223,0.024329081111100787,2444.5598609910726,0.04417473761514651,0.01626842729835211
2025-02-12,54045.2380952381,1348.8237810439691,0.02495731036779008,2402.5833040000184,0.043449345846609935,0.016268455174832247
2025-02-13,54125.2380952381,1380.0462176148546,0.025497277539667212,2372.3685234436066,0.04292967004844111,0.016270736535118832
2025-02-14,54178.571428571435,1421.33016962794,0.026234175840199284,2334.4520527125696,0.04227159253642867,0.01595506295143754
2025-02-17,54181.90476190476,1425.6173068569935,0.02631168677294903,2259.2756875899163,0.040949867460963095,0.015166214072525839
2025-02-18,54231.90476190476,1494.4546021297924,0.02755674189742959,2180.3942793076703,0.03955278354032832,0.01533555309678419
2025-02-19,54278.571428571435,1610.8872636586652,0.029678144086355194,2163.9316164737343,0.039260478182993636,0.015151452874512713
2025-02-20,54355.2380952381,1749.3448389921982,0.0321835558134636,2137.171316415589,0.03878512707380774,0.014623248217415785
2025-02-21,54451.90476190476,1878.6945148145599,0.03450190627911548,2118.145821424354,0.03844760738212572,0.014352159162288096
2025-02-24,54558.571428571435,1947.6048553978583,0.035697504615707906,2090.2987221323383,0.03795515305679844,0.014034598893234104
2025-02-25,54668.571428571435,2001.5701085323626,0.03661281164347898,2083.892527568744,0.037842648313991215,0.014012109991900628
2025-02-26,54765.2380952381,2023.0921746152007,0.03694117372587687,2045.8485819581754,0.037170535650676725,0.014162488874838569
2025-02-27,54831.90476190476,2040.113846961877,0.037206692997819674,2043.5205788283172,0.037130487432853417,0.014105626457871273
2025-02-28,54858.571428571435,2030.0118039067454,0.03700445985090809,2042.1993301120394,0.037116971351890626,0.015243769357872203
2025-03-03,54895.2380952381,2012.6179495941642,0.03666288770079584,2016.2988193594272,0.03667289077817988,0.015200780623127439
2025-03-04,54928.571428571435,1996.9329050944514,0.03635508539833851,1955.7736446398828,0.035608746177923485,0.015199562634318129
2025-03-05,54918.571428571435,2000.9362692393138,0.036434601578116156,1906.6853851513538,0.034750850324168935,0.015057164520608514
2025-03-06,54938.571428571435,1991.3117054437103,0.03624615008478553,1850.7142648946074,0.03376423637379721,0.014946998286711059
2025-03-07,54938.571428571435,1991.3117054437103,0.03624615008478553,1816.5312277954508,0.03317153596129653,0.015093438420405912
2025-03-10,54957.14285714286,1976.5301308611372,0.035964936095731634,1770.610920971243,0.032365823786283526,0.014964496744738038
2025-03-11,54978.571428571435,1957.4925076911788,0.0356046448066474,1747.2043673351704,0.031963932625211834,0.014952961191173961
2025-03-12,55049.52380952381,1912.7989717094729,0.034746875891750226,1724.6551095124735,0.03156680889924371,0.015535072603573485
2025-03-13,55120.0,1857.027658421208,0.033690632409673585,1697.4338540028798,0.031086272816436222,0.015536424506106502
2025-03-14,55196.666666666664,1787.0189650959462,0.03237548701786242,1678.1595941505504,0.030747680468900047,0.015511733855397981
2025-03-17,55416.666666666664,1653.8530421596624,0.0298439646705503,1707.6190446377855,0.03127089226168386,0.017101019377324486
2025-03-18,55580.0,1617.874297151216,0.029108929419777187,1727.6938048947172,0.03160892751180991,0.016226752652280914
2025-03-19,55766.666666666664,1621.0540064899672,0.029068511772085484,1719.8511777450437,0.03141499276544219,0.016387473541685783
2025-03-20,55973.333333333336,1775.8792544651913,0.03172723775247483,1736.3649779510524,0.03165047179025534,0.016742126240166282
2025-03-21,56240.0,2008.190127007361,0.035707505814497886,1873.8598425660314,0.03410009650072791,0.017074170810847777
2025-03-24,56403.333333333336,2148.6938026331572,0.03809515636132304,1954.759385943213,0.03554497789495599,0.01664656001961337
2025-03-25,56540.0,2231.220479376483,0.03946268976612103,2014.92356332608,0.03661310111694977,0.01685431270985063
2025-03-26,56726.666666666664,2395.388289500055,0.042226847270538055,2123.671583168073,0.038541689877565614,0.01741502556615295
2025-03-27,56926.666666666664,2560.1634286919743,0.04497300788192952,2234.2015924252123,0.04050355104939927,0.017414391337795033
2025-03-28,57066.666666666664,2621.8358050244747,0.04594338443384009,2294.9679146729027,0.0415700070224185,0.018235219295135142
2025-03-31,57126.666666666664,2617.1758052153973,0.0458135570991142,2293.6734363941655,0.04154739562012324,0.0198609875485408
2025-04-01,57190.0,2634.4337872326346,0.04606458799147813,2301.842200360376,0.041691168379946665,0.019893452825139102
2025-04-02,57193.333333333336,2636.472739428508,0.04609755343446511,2330.0342965693394,0.04218056449225979,0.01906669625292284
2025-04-03,57166.666666666664,2627.8788264376512,0.04596872582689769,2343.1500075797153,0.042400088028792284,0.019418516128188266
2025-04-04,57096.666666666664,2627.373584784921,0.046016234189706136,2342.025331160285,0.042363553216753315,0.019983700942095537
2025-04-07,56960.0,2721.384029218478,0.04777710725453789,2345.63365060879,0.04243223329294804,0.021984882278708606
2025-04-08,56836.666666666664,2793.0311470709457,0.04914136086571367,2346.461707505015,0.04244806594405691,0.022034419339322757
2025-04-09,56716.666666666664,2879.5453823821135,0.0507707090634519,2347.528267206403,0.04246821389243939,0.02202039095416335
2025-04-10,56720.0,2879.104266835971,0.05075994828695295,2344.394915689394,0.0423885246324811,0.024943833550105446
2025-04-11,56743.333333333336,2863.285228344063,0.050460293044893315,2340.8948193226306,0.04231588882403977,0.02452654690505524
2025-04-14,56800.0,2834.0296642649573,0.04989488845536897,2333.692490459142,0.042161982311591024,0.024733972602989884
2025-04-15,56870.0,2801.003514752856,0.04925274335770804,2332.877675780615,0.04212527510717638,0.024757731393100786
2025-04-16,56893.333333333336,2779.100987523347,0.04884756833003305,2329.3909762142052,0.04205640840875077,0.025527865186257707
2025-04-17,56920.0,2757.109931144649,0.0484383332948814,2328.9388959488306,0.04205499548410828,0.02554190389503065
2025-04-18,56973.333333333336,2707.707177839246,0.04752586902362355,2327.6802048801474,0.042039014330113776,0.025452688814383922
2025-04-21,57030.0,2654.0989769247403,0.04653864592187867,2327.5531642882506,0.042038407102398354,0.025452430750625067
2025-04-22,57076.666666666664,2603.5364984676444,0.04561472578054625,2324.5708521411575,0.04197780367612375,0.02549253761673294
2025-04-23,57103.333333333336,2584.500663215913,0.04526006648559768,2324.259028179415,0.04196543644649672,0.02522113103379492
2025-04-24,57136.666666666664,2558.7555344463904,0.04478307335242501,2311.6619316297665,0.041716231565210565,0.025209312934945462
2025-04-25,57170.0,2532.2948567222293,0.0442941202855034,2297.458464603795,0.0414374825063024,0.025209312934945462
2025-04-28,57110.0,2543.056808456519,0.044529098379557326,2288.365882167696,0.04125447137469019,0.023298434868078033
2025-04-29,57050.0,2552.314703329154,0.04473820689446369,2285.770821489328,0.04119613502667031,0.023298434868078033
2025-04-30,56950.0,2552.314703329162,0.044816763886376856,2280.2827441721583,0.041084883038956584,0.023097691310914947
2025-05-01,56773.333333333336,2502.541237158917,0.04407951920782498,2272.203896110682,0.04092867101688424,0.02242108445403394
2025-05-02,56526.666666666664,2360.8784649870504,0.04176574711027923,2267.6910248144104,0.0408424771617889,0.021839936113771104
2025-05-05,56326.0,2265.423154505232,0.040219847930000927,2256.9475539349705,0.04063857119850806,0.021683950530881988
2025-05-06,56150.666666666664,2189.559762606627,0.038994368056300195,2246.5220795021564,0.04044054794229756,0.021643659139703057
2025-05-07,55924.0,1968.1841797759532,0.0351939092299541,2236.4162277839487,0.04024843137529267,0.020936977281613214
2025-05-08,55684.0,1638.2951609786214,0.02942129087311654,2226.9188105389444,0.0400678932420513,0.0208591084712208
2025-05-09,55504.0,1405.0588403447296,0.025314551029560563,2224.938357643475,0.040029058898117025,0.020477326239059172
2025-05-12,55497.333333333336,1394.2219022261024,0.025122322433980656,2234.8532137166208,0.04019377881568287,0.021401288168034955
2025-05-13,55434.0,1277.272417141124,0.023041317912131976,2238.919598419382,0.04025484626895664,0.02125554956821059
2025-05-14,55387.333333333336,1171.2237435582526,0.02114605764660246,2239.788031888391,0.040269655863045276,0.021330974961342616
2025-05-15,55377.333333333336,1152.8164412124702,0.020817478412571994,2246.241549031918,0.040376006050132,0.021002165034670173
2025-05-16,55400.666666666664,1174.8218744920212,0.021205915834202137,2249.305159881331,0.04041896540908182,0.02048378031008053
2025-05-19,55487.333333333336,1100.4260407985928,0.019832022457953034,2243.2746225979163,0.040296921700991674,0.018190087021900853
2025-05-20,55567.333333333336,1036.3394908200441,0.01865015700147648,2235.4499025744403,0.04014033931710022,0.018174239097882256
2025-05-21,55657.333333333336,915.9390633766611,0.016456754366779958,2225.3547999909656,0.03994313050636733,0.018085389395859876
2025-05-22,55600.666666666664,920.9812358484062,0.01656421210504202,2222.898991549352,0.03989586829358328,0.014382254068439876
2025-05-23,55567.333333333336,953.505088621058,0.017159453790975356,2218.4203608785056,0.03981151770784493,0.013946346342838112
2025-05-26,55517.333333333336,958.5007449992956,0.017264891655446268,2207.329027458154,0.03960220828972295,0.01363217164486024
2025-05-27,55427.333333333336,979.859009329528,0.017678263600321046,2203.1719496372457,0.03952447354566463,0.013772503900998432
2025-05-28,55467.333333333336,973.6172629508737,0.017552984873094202,2197.8546436313595,0.0394165110145954,0.014051927181109439
2025-05-29,55500.666666666664,977.7170217992199,0.01761631130795822,2187.1162767673472,0.03920517866225117,0.014008404231467991
2025-05-30,55530.666666666664,985.1270995674264,0.017740235417680796,2176.1681589447644,0.03898951396371298,0.013998727017134206
2025-06-02,55577.333333333336,1011.5298530846336,0.018200402797626733,2159.8095788779474,0.038668271962778424,0.014118224581244076
2025-06-03,55654.0,1052.591547334705,0.018913133778968357,2142.7893077684503,0.03833043424629258,0.014104930774547355
2025-06-04,55724.0,1123.2145985901163,0.02015674751615312,2125.7059773930587,0.0379868794348019,0.014013972318077213
2025-06-05,55837.333333333336,1281.1388611748316,0.022944126889563102,2120.455855168035,0.037844108448273614,0.014525479590999518
2025-06-06,55956.5,1426.0006468549318,0.02548409294460754,2111.9862796847233,0.03764163284547386,0.014521647017074108
2025-06-09,56089.833333333336,1588.5964762553313,0.028322360432318356,2076.262043443001,0.03694054929576289,0.014573515499967427
2025-06-10,56203.166666666664,1685.5299398598377,0.029989946115607444,2065.9789910944874,0.03671042305046775,0.014743877573150608
2025-06-11,56349.833333333336,1809.1350969050093,0.032105420546733515,2069.151165321687,0.03671604662050176,0.014780912057096123
2025-06-12,56503.166666666664,1875.7281268216827,0.03319686731696482,2079.9924140679004,0.03686843950926806,0.01466962831770248
2025-06-13,56636.5,1855.7799503553008,0.032766501290780695,2068.975912492724,0.03663997468058845,0.015065943995113618
2025-06-16,56727.166666666664,1812.7335442092974,0.03195529850558311,2068.3101241523455,0.036616656029465004,0.015562619685261098
2025-06-17,56845.833333333336,1780.861900653192,0.031327923195541015,2073.533873542279,0.03669181338901556,0.015769922617050958
2025-06-18,57019.166666666664,1807.595127145673,0.03170153534008751,2100.786881440281,0.03714485079937119,0.01650493226204016
2025-06-19,57172.5,1790.3278210705164,0.031314492475762234,2117.531930405709,0.03741593419381266,0.01667067289174332
2025-06-20,57329.166666666664,1781.1765209695122,0.031069290285099423,2138.528208724091,0.0377609824583246,0.016675404563126276
2025-06-23,57342.5,1784.7673228054684,0.031124686276417464,2142.2617536977928,0.03781207038500751,0.014921394268313038
2025-06-24,57462.5,1872.8407106822058,0.032592398706673145,2180.1525626976677,0.03845371436353269,0.01657199632083173
2025-06-25,57592.5,1999.43041458336,0.03471685401021592,2223.8015113046577,0.03920362219610009,0.01665236596449463
2025-06-26,57689.166666666664,2054.1556211967677,0.03560730272055876,2247.013727098869,0.03959887085045084,0.017048980882997725
2025-06-27,57822.5,2123.111229565167,0.03671773495724272,2282.373488762342,0.0402015451300173,0.016996737834410535
2025-06-30,57955.833333333336,2117.310461872853,0.03653317259187921,2303.967083690543,0.04056204697529073,0.016950150058679864
2025-07-01,58099.166666666664,2118.885557492258,0.036470154032483396,2331.3428434736106,0.041019933337039675,0.01696838898307524
2025-07-02,58269.166666666664,2124.3425284456825,0.03645740363163507,2368.340633531694,0.04163672088009237,0.016981315705616284
2025-07-03,58572.5,2243.4804972143747,0.038302624904424,2477.116598956688,0.04348535369682266,0.018402159326861598
2025-07-04,58875.833333333336,2247.09087156245,0.038166608340645426,2551.3155947574646,0.044711158790397575,0.01836842866709935
2025-07-07,59109.166666666664,2160.2849761461202,0.03654737662482334,2582.761788292487,0.04519887744822102,0.019186258689598445
2025-07-08,59359.166666666664,1961.4878603851723,0.03304439685617508,2605.757890787404,0.04554021357980741,0.018936884715022244
2025-07-09,59509.166666666664,1857.1214671312478,0.031207317647946358,2604.2565087138673,0.045457480086043424,0.018296137765532072
2025-07-10,59672.5,1759.8779101466612,0.029492277182063115,2613.5719485446884,0.04556087843290736,0.018344169999976023
2025-07-11,59885.833333333336,1711.6699263535045,0.028582217714598686,2641.588852102638,0.045970034329023156,0.01882035529377243
2025-07-14,60075.833333333336,1673.2489989971614,0.0278522811279715,2663.5009585950497,0.046272621877553106,0.01879528570519858
2025-07-15,60289.166666666664,1714.6137010065552,0.028439830832071356,2707.149000054593,0.04693939904864729,0.018992390693436764
2025-07-16,60519.166666666664,1828.223220419022,0.03020899528390216,2790.165317684081,0.04828765480152321,0.01909825490181515
2025-07-17,60772.5,2126.9448503787676,0.034998475467995685,2924.701084314647,0.05049945324333981,0.019427817333142982
2025-07-18,61033.333333333336,2399.329408229792,0.03931178713647939,3060.4438211889433,0.052717847093906055,0.01942988286229635
2025-07-21,61300.0,2685.0801053999485,0.043802285569330315,3227.757581414121,0.055491587351520086,0.019444936143828837
2025-07-22,61526.666666666664,2786.7832566493107,0.045293909253158154,3330.9853195612877,0.05717453649029224,0.020102124397340285
2025-07-23,61743.333333333336,2906.079635965836,0.047067099864479336,3439.698278602628,0.05895171478163701,0.020049438594212782
2025-07-24,61960.0,2974.5587908126013,0.04800772741789221,3527.9912840037737,0.06039822669370434,0.020038328683152324
2025-07-25,62213.333333333336,2975.7332719428236,0.04783111774447316,3599.0324893722645,0.06156524658729529,0.019554959014279547
2025-07-28,62653.333333333336,3177.912276445314,0.050722158062012884,3807.3792964121712,0.06500691715580535,0.022091713481715382
2025-07-29,63070.0,3373.7475326101617,0.05349211245616239,4011.3510326008545,0.06834947646373707,0.022041488314481206
2025-07-30,63496.666666666664,3735.891467571179,0.058836025002433394,4262.285294676408,0.07247148017801662,0.022010442445593685
2025-07-31,63903.333333333336,3911.9166599024948,0.061216159718885214,4453.695378556437,0.0755889269847466,0.022213001626885866
2025-08-01,64216.666666666664,3923.4997865059477,0.0610978425098253,4574.566709253384,0.07751320557259389,0.023493982176198084
2025-08-04,64606.666666666664,3865.312882311124,0.059828390501152476,4709.008820658514,0.07961287746997288,0.02280348902534596
2025-08-05,64920.0,3901.759108137035,0.06010103370512993,4843.217083043978,0.08171149049234427,0.021764898059147192
2025-08-06,65170.0,3902.0905095636567,0.05987556405652381,4945.882929840351,0.08328746938403564,0.022024920390930444
2025-08-07,65513.333333333336,3902.848944688546,0.05957335318034821,5078.760455900646,0.08531915997066823,0.021931175101789352
2025-08-08,65880.0,3961.051758621898,0.06012525438102456,5227.202535314565,0.08755628332987055,0.022045037346329267
2025-08-11,66253.33333333333,3895.508760835463,0.058797173890654,5314.477261915894,0.08872421992497172,0.02188010624505157
2025-08-12,66616.66666666667,3819.0162421060522,0.05732823981144937,5399.506626846888,0.08985042907800042,0.02189334511206339
2025-08-13,66986.66666666667,3773.476704152288,0.05633175812329252,5487.308023198002,0.09099351016239285,0.021903325654867117
2025-08-14,67246.66666666667,3814.828900518106,0.05672889214610051,5598.573612538382,0.09257929813415372,0.020430299640993733
2025-08-15,67510.0,3805.6536889210215,0.05637170328723184,5682.645594433966,0.09369409225250398,0.02038965830330115
2025-08-18,67786.66666666667,3667.916192526809,0.05410969992909336,5747.010841395348,0.09451638189962187,0.020017205558199365
2025-08-19,68073.33333333333,3482.9568624582575,0.05116477615989998,5810.095009817013,0.09532046875312168,0.01996065721877457
2025-08-20,68410.0,3191.621574663869,0.046654313326470825,5857.53505171132,0.09582278496581788,0.019574134985206836
2025-08-21,68730.0,2890.0721861879147,0.04204964624163996,5905.94874807262,0.09634334506230831,0.01956461449667061
2025-08-22,69023.33333333333,2685.8098802114123,0.03891162235299289,5965.666208521025,0.09703434611772985,0.01920165902508858
2025-08-25,69323.33333333333,2421.6955207869833,0.0349333392429723,6022.422617634623,0.09767331446375009,0.019177230750608436
2025-08-26,69543.33333333333,2181.060060728061,0.031362604525639576,6048.233842400871,0.09782222170994985,0.019359855588794377
2025-08-27,69740.0,1986.6103517429985,0.028485952849770554,6082.415981574459,0.09811236291845432,0.019221878007323594
2025-08-28,69836.66666666667,1902.354862528476,0.027240058171855413,6097.249336077336,0.09810722115047484,0.018740613137439723
2025-08-29,69923.33333333333,1831.2767984771924,0.026189781167142955,6109.450122729998,0.09805810203235188,0.018720836153132484
2025-09-01,69916.66666666667,1839.6182762453875,0.02631158440398647,6094.893978763099,0.09761904651621431,0.019510996072657844
2025-09-02,70020.0,1693.2726932748503,0.02418270056090903,6093.437673004009,0.0973652689563614,0.01923305588753906
2025-09-03,70133.33333333333,1550.3800053266493,0.022106178783174658,6093.102199217999,0.09711335331451203,0.01927978097684785
2025-09-04,70270.0,1339.879047550949,0.01906758285969758,6083.940570226681,0.096707017812697,0.019229576263094846
2025-09-05,70390.0,1068.7891956904389,0.015183821504339237,6053.109911741488,0.09595934119873176,0.01931757193475113
2025-09-08,70380.0,1070.095065063331,0.015204533462110415,6027.636373638626,0.09529332564425091,0.015115912405210381
2025-09-09,70410.0,1088.9254431257805,0.015465494150344844,6017.26662041419,0.09484681897925523,0.01554135944401311
2025-09-10,70410.0,1088.9254431257805,0.015465494150344844,6019.217617532867,0.09457941095415899,0.014928073940642833
2025-09-11,70476.66666666667,1206.500591859746,0.017119149484837715,6028.111171648603,0.0944092795183869,0.014715044747662854
2025-09-12,70693.33333333333,1468.7393922325925,0.020776207924829204,6071.524638740105,0.09474954678618379,0.01375444772432531
2025-09-15,70920.0,1797.9682019349632,0.02535206150500512,6170.92777798243,0.09598622555331873,0.01382764622162193
2025-09-16,71236.66666666667,2360.6666699120174,0.03313836511972323,6322.101963475484,0.09795675819160354,0.015164233381884466
2025-09-17,71550.0,2634.0934447848786,0.03681472319755246,6437.302685969304,0.09938582467884419,0.015135692674497509
2025-09-18,71883.33333333333,3089.9261606319014,0.0429852932153754,6597.302778271635,0.1014523094611256,0.01536709083644815
2025-09-19,72146.66666666667,3403.318191506646,0.0471722166629086,6716.895337461173,0.1028888013941861,0.015354936842559942
2025-09-22,72563.33333333333,3975.2235533170738,0.05478281345009519,6909.355376117482,0.10534025907254543,0.016986742447861063
2025-09-23,73016.66666666667,4538.196765792946,0.06215288882619876,7119.225483770279,0.10801297941062213,0.01704456073545965
2025-09-24,73466.66666666667,5062.664783751697,0.06891104515088516,7325.947085684351,0.11059563590963808,0.017021054214978085
2025-09-25,73950.0,5547.273328339438,0.07501383811141904,7515.397017969338,0.11286121592291777,0.016921973353241596
2025-09-26,74353.33333333333,5775.616601405637,0.0776779781413831,7601.851699851892,0.11360789963537596,0.018268428746666114
2025-09-29,74826.66666666667,5984.6316588366135,0.07997993129236386,7704.628378776953,0.11458258318398225,0.017800555736857446
2025-09-30,75290.0,6134.264984213432,0.08147516249453357,7769.651100939847,0.11497960661899662,0.017854970373852783
2025-10-01,75806.66666666667,6365.311885704736,0.08396770581793249,7908.084294354427,0.11645186324625799,0.018178041714598026
2025-10-02,76420.0,6722.756002998843,0.08797115942160223,8113.825461740818,0.11884180881115333,0.018832283968831832
2025-10-03,77029.16666666667,7071.141214450983,0.09179823072798377,8318.788730492533,0.12118368536606072,0.018820362732357956
2025-10-06,77702.5,7476.608205504359,0.0962209479167898,8570.014283475479,0.12414213397812557,0.018970083687182664
2025-10-07,78438.33333333333,7802.148613587149,0.09946856698791598,8824.169885768632,0.12710617820853085,0.018365375336094912
2025-10-08,79186.66666666667,8095.536055319767,0.10223357537447086,9081.010788697546,0.13007197103193413,0.0183461641222595
2025-10-09,79990.83333333333,8305.901213670786,0.10383566300727108,9351.3803583609,0.13321054641539745,0.017809890478298344
2025-10-10,80814.16666666667,8473.159151446422,0.10484744817570874,9619.430166060849,0.13627131765005038,0.017746317406045178
2025-10-13,81670.83333333333,8389.862220245659,0.1027277655659894,9842.75688320064,0.13870363760014995,0.01654774745626014
2025-10-14,82420.83333333333,8231.54436041401,0.0998721321722543,9998.98523643387,0.1401939813724122,0.017230395115356324
2025-10-15,83260.83333333333,8184.875358026464,0.09830402880137477,10230.300506585882,0.14265714494106163,0.017924898219509044
2025-10-16,84180.83333333333,8205.682123333017,0.09747684595661742,10506.63061628161,0.1456484010682375,0.01817368763975118
2025-10-17,85127.5,8091.005409371198,0.09504573033827139,10747.090818648974,0.14807857923635187,0.017878144988809186
2025-10-20,86060.83333333333,7910.6941021728135,0.09191979435677647,10952.340933595517,0.14996758380507566,0.017953757263371124
2025-10-21,86927.5,7681.3627730836,0.08836516376386759,11134.723405140447,0.1515564135313968,0.018149281598019696
2025-10-22,87794.16666666667,7473.016641883992,0.08511974001937096,11348.607481796982,0.15356650641994704,0.01812640498612368
2025-10-23,88564.16666666667,7120.504278360529,0.08039938212437907,11485.985533945724,0.15455868218950414,0.019027734466621083
2025-10-24,89344.16666666667,6907.194785065779,0.0773099693328135,11662.131023770831,0.15601223197478675,0.01893003626576027
2025-10-27,90194.16666666667,6840.783767775457,0.0758450797938757,11872.372976389515,0.15779278502206728,0.01936476505114965
2025-10-28,90864.16666666667,6730.55527290266,0.07407271226724133,12038.886759066212,0.159089629559102,0.019623622510654953
2025-10-29,91607.5,6511.535354461501,0.07108081057185821,12220.755880785126,0.1605687779279998,0.01914989930356416
2025-10-30,92394.16666666667,6548.8176194357075,0.0708791242531802,12452.536195229433,0.16257223164118806,0.019412137775081002
2025-10-31,93320.83333333333,6656.61805549703,0.0713304609241991,12756.169167341472,0.16541569501301903,0.019546645300632482
2025-11-03,94240.83333333333,7142.0666239476195,0.07578526601824354,13114.83905777063,0.16881892740337426,0.018810780308037598
2025-11-04,94914.16666666667,7163.733745620898,0.07547591679100484,13290.431978040104,0.1699924149015458,0.022398393856293462
2025-11-05,95420.83333333333,7003.352286377781,0.07339437355271243,13367.476616838987,0.17001620150793803,0.024114419291302924
2025-11-06,95857.5,6807.817989330231,0.07102019131867857,13446.943194979396,0.1701755769670287,0.024367307017860166
2025-11-07,96344.16666666667,6388.083880234006,0.06630483298833874,13487.061553723302,0.16985688805419605,0.02356168225574699
2025-11-10,96890.83333333333,6003.122331742941,0.06195758799070715,13536.59869152676,0.1695577853186143,0.0238803475524039
2025-11-11,97544.16666666667,5593.101829459042,0.057339172813604525,13619.56161436203,0.16960320804908977,0.024154075684786815
2025-11-12,98114.16666666667,5235.993974622586,0.05336633997424007,13662.129456603801,0.16913402147812284,0.023994217913559726
2025-11-13,98574.16666666667,5008.938059957491,0.050813902154460584,13692.719381501121,0.16854363974781614,0.023439105593106333
2025-11-14,98825.0,4728.490318234776,0.04784710668590717,13649.107602428938,0.1672155375944577,0.02592370155841341
2025-11-17,99121.66666666667,4541.550193590757,0.04581793614168537,13640.08748715674,0.166242852198256,0.026328807953258287
2025-11-18,99302.5,4368.353818796219,0.043990371025867614,13598.20854638663,0.16497063353898472,0.026924826783412466
2025-11-19,99417.5,4241.6507745320105,0.04266503155412287,13545.430508331614,0.16362893507999252,0.027046499653501317
2025-11-20,99646.66666666667,4107.078274638485,0.04121641407612047,13564.546499549388,0.1631176487825319,0.028021001373007892
2025-11-21,99660.0,4090.0720843472736,0.04104025771971978,13510.243434835831,0.16186555498560287,0.030178421852587133
2025-11-24,99773.33333333333,3952.5577343870063,0.03961537218749506,13477.121285457491,0.16084989582587772,0.030300603663034473
2025-11-25,100030.0,3641.2530999527203,0.03640161051637229,13440.370820994947,0.15970602200116124,0.03040929018449894
2025-11-26,100290.0,3546.9608165959353,0.035367043739115915,13447.697351611305,0.15902881360287463,0.0303418810749005
2025-11-27,100483.33333333333,3558.969565450111,0.035418506207829936,13447.079393323522,0.15824178731098773,0.029974485899070303
2025-11-28,100570.0,3525.390660668524,0.03505409824667917,13389.996187200433,0.15686040342305385,0.030515445104179733
2025-12-01,100660.0,3494.4882709555704,0.0347157587021217,13391.74631270987,0.156262577671392,0.030517166926083646
2025-12-02,100856.66666666667,3476.4908321080065,0.0344696185885052,13422.46455377091,0.15595779788975117,0.030809787480424573
2025-12-03,101053.33333333333,3511.1382704198354,0.034745397846877905,13483.956889535772,0.1560297027804685,0.030803406354317726
2025-12-04,101340.0,3477.474311363145,0.03431492314350844,13530.033467570045,0.1558874356575534,0.030487764035535044
2025-12-05,101660.0,3671.94395569658,0.0361198500461989,13583.623365506613,0.15571746041333923,0.030689140092271652
2025-12-08,101910.0,3941.323950494562,0.03867455549499128,13654.102510651974,0.15573590841889404,0.03023905462946677
2025-12-09,102206.66666666667,4085.9670136657887,0.03997749997063912,13694.007059802254,0.15543267285039872,0.029900360780931584
2025-12-10,102456.66666666667,4205.635245248352,0.04104794135974576,13696.570978529397,0.1546969932035058,0.02989207914545314
2025-12-11,102563.33333333333,4288.51580573922,0.04181334270602769,13701.324890714204,0.15403929810396066,0.029277695881988124
2025-12-12,102610.0,4351.24635335318,0.04240567540544957,13737.692883392298,0.15373568706876514,0.028809403235666133
2025-12-15,102400.0,4070.32998746782,0.03974931628386543,13692.087794795198,0.15258405504268047,0.028976303332919014
2025-12-16,102330.0,4043.8245809335713,0.03951748833121833,13614.848154781514,0.1511300914771022,0.02724282444488826
2025-12-17,102573.33333333333,4154.261072375498,0.04050040041962334,13603.34725609444,0.15033491670664578,0.02752153545892272
2025-12-18,102853.33333333333,4201.866033193178,0.04085298839635576,13570.988568530856,0.1493172495949213,0.02736743312047581
2025-12-19,103133.33333333333,4139.8261943616835,0.04014052547862008,13503.050647709597,0.14793495476755586,0.027347321186229158
2025-12-22,103463.33333333333,4321.516602664995,0.04176858084343885,13460.7936869358,0.14674852376761002,0.027781186625822896
2025-12-23,103730.0,4563.887483878178,0.043997758448647235,13418.89977519142,0.14556006951578176,0.027395218175722207
2025-12-24,103996.66666666667,4755.503768470438,0.04572746339758106,13363.931968867439,0.14425790353828857,0.02739303919501874
2025-12-25,104371.66666666667,5089.70704619375,0.04876521769503617,13343.621349813304,0.14329191072437245,0.02770902325854489
2025-12-26,105031.66666666667,5401.8592478252685,0.05143076768427238,13375.251001062567,0.14285431389332331,0.02559236147326183
2025-12-29,105661.66666666667,5942.275242485241,0.05623870444171087,13439.801920825053,0.14273071780876975,0.025200443130505824
2025-12-30,106398.33333333333,6293.5446310461575,0.059150782102283785,13467.245547523982,0.14218995964737446,0.024378913254723203
2025-12-31,107273.88888888889,6684.000000189652,0.0623077998702251,13540.187722624954,0.14209052558768698,0.024259005425719068
2026-01-01,108108.33333333333,7351.376379584307,0.068000089844301,13633.451819145766,0.142140565455407,0.023601463748786484
2026-01-02,109231.66666666667,7808.243445794468,0.07148333156558204,13771.256129937976,0.14260592517058027,0.02008495324254541
2026-01-05,110611.66666666667,9073.069863242228,0.08202633715469038,14105.97049607201,0.1448966487168813,0.02300421714097903
2026-01-06,111931.66666666667,10183.321904915694,0.09097802443379764,14449.840674595585,0.1472557710590363,0.022859984147990408
2026-01-07,113205.0,11326.25975164193,0.10005087895094678,14825.687391561562,0.14987763399658424,0.0224426354583193
2026-01-08,114381.66666666667,12091.064391631651,0.1057080626991358,15091.4297517054,0.15139582033450683,0.022943000641815044
2026-01-09,115665.0,12599.36320077769,0.10892978170386626,15306.292934161544,0.1523709114521038,0.021787843567493404
2026-01-12,116931.66666666667,12958.423309735868,0.11082047899544635,15487.486141458483,0.15301194103251398,0.021857459646503943
2026-01-13,118071.66666666667,13228.479342267126,0.11203771163502782,15629.038057485892,0.1532980870806486,0.021948979170460518
2026-01-14,119265.0,13572.251914499178,0.11379911889069869,15828.384119542965,0.15411628012050435,0.022023026320779907
2026-01-15,120558.33333333333,14017.266821925836,0.11626958032979197,16103.944907649438,0.15561246438120002,0.022187718479793974
2026-01-16,121908.33333333333,14737.682531471544,0.1208915102725125,16521.81370508279,0.158400323142247,0.022298282385294632
2026-01-19,123235.0,15360.399867828646,0.12464316036701137,16922.501947861416,0.1609933405362509,0.022344876829113302
2026-01-20,124461.66666666667,15602.33990580808,0.1253585969372745,17217.942105624912,0.16267256522363768,0.02312582144504744
2026-01-21,125845.0,15928.807820497666,0.12657481680239713,17568.442913576087,0.1647509175491843,0.023245773002115243
2026-01-22,127345.0,16238.025443584107,0.12751207698444467,17993.332317298533,0.16748240225221833,0.023050551538272165
2026-01-23,128785.0,16459.893407800046,0.12780908807547497,18354.27011219462,0.16957229886618974,0.023162667671420188
2026-01-26,130361.66666666667,16348.201741829005,0.12540651067028144,18735.829312191385,0.1718870281926718,0.021320339589669793
2026-01-27,132251.66666666666,16329.454354077017,0.12347257895232841,19296.402972600554,0.17569026088180678,0.021383920703821824
2026-01-28,134068.33333333334,16556.893871565942,0.12349593270769339,19898.578996576216,0.17977259398374898,0.020426959510803887
2026-01-29,135838.33333333334,16467.813230824897,0.12123097233837941,20410.045607212065,0.18302283467542996,0.020688568751746052
2026-01-30,137645.0,16084.090060214812,0.11685197471913118,20828.81962526583,0.18535238340899077,0.020316947241277954
2026-02-02,138975.0,15397.058204116864,0.1107901291895439,20990.96174064184,0.18558052595515817,0.024342658809959054
2026-02-03,140841.66666666666,15345.7612990268,0.10895753836360075,21526.743646579554,0.18876715032600166,0.03014144773401687
2026-02-04,142775.0,15121.47666444566,0.10591123561159628,22085.514451328945,0.19211152488814948,0.029978734461365265
2026-02-05,144283.33333333334,14396.851374584643,0.09978180460610818,22397.94681691978,0.19351439021038266,0.032747835228058755
2026-02-06,145670.0,13663.078727229708,0.09379473280174166,22673.263725201046,0.1946054411936232,0.032750132050943466
2026-02-09,147233.33333333334,13242.116139299878,0.0899396613491049,23117.794116360878,0.1970173259289313,0.033421811126002995
2026-02-10,148763.33333333334,12611.76046060467,0.08477734518320824,23519.02529102306,0.1990527746050565,0.033501036219707576
2026-02-11,150264.44444444444,12079.630216019572,0.08038914502149999,23938.635854927863,0.20118989762445005,0.03341469796813166
2026-02-12,152030.0,12225.331248595787,0.08041393967372089,24595.14411261003,0.20508201380777433,0.034674661546773046
2026-02-13,153786.66666666666,12510.622612839086,0.08135050251109169,25275.290303724174,0.20907196251363014,0.03461884719492505
2026-02-16,155370.0,13428.948401582846,0.08643205510447864,26005.140187417666,0.21329966934765895,0.032781459530706235
2026-02-17,156975.55555555556,14246.41094368897,0.09075560136270383,26692.512470343136,0.21704922297809312,0.03277470411501089
2026-02-18,158560.0,15030.093439903172,0.09479120484298166,27402.32022785872,0.22095378555207204,0.03276255860736353
2026-02-19,160266.66666666666,15604.86465068643,0.09736812386035626,28123.967862874757,0.22491277352918115,0.03241322310759458
2026-02-20,161970.0,15987.66610337197,0.09870757611515694,28795.340738601033,0.22841057684536983,0.032422425210840856
2026-02-23,163776.66666666666,16337.654014492911,0.0997556877118815,29488.87244901977,0.23197158655995553,0.03235425010315146
2026-02-24,165856.66666666666,16854.109518535613,0.1016185231336432,30300.123241941666,0.23623678086678274,0.032436552958377655
2026-02-25,167963.33333333334,17487.439060770776,0.10411462260079049,31151.929305231664,0.2406907045547562,0.032423350801067986
2026-02-26,170433.33333333334,19127.613386664,0.11222929818109134,32319.735204791104,0.24713581352777195,0.033957949665639336
2026-02-27,172686.66666666666,20440.182047759485,0.1183657223936966,33375.33178633042,0.25268071155945354,0.03393858199947057
2026-03-02,174391.66666666666,20555.12854221369,0.117867607639205,33985.98675748721,0.25519049633941393,0.03764903685119573
2026-03-03,176055.0,20125.954512000448,0.11431629043196982,34412.83033093491,0.2563509050699936,0.037621948094692825
2026-03-04,176811.66666666666,19510.460476565302,0.11034600173385223,34452.85184131998,0.25513491415725625,0.04473167060837477
2026-03-05,178121.66666666666,19123.441087892603,0.10736167837279352,34802.812175609906,0.2558842156871547,0.04841922645929648
2026-03-06,179325.0,18556.97592184507,0.10348236956277748,35098.35225244055,0.2563670061290457,0.048619492756670185
2026-03-09,180038.33333333334,17873.06196122211,0.09927364706343339,35199.01994365328,0.25580683098585233,0.051226401132309765
2026-03-10,180985.0,17495.853011651547,0.09667018267619717,35419.2664831189,0.2556937501789285,0.05248421452334168
2026-03-11,181905.0,17208.17498744186,0.09459979103071306,35596.953800151634,0.25514684479736605,0.05244237736085814
2026-03-12,182811.66666666666,16763.20269397644,0.09169656947847844,35695.97423770597,0.2540618643896479,0.05244861064595216
2026-03-13,183578.33333333334,16224.899948919317,0.08838134465170717,35688.51891046214,0.2523008712750746,0.05270346233459089
2026-03-16,184855.0,14983.562609319062,0.0810557605113146,35763.560692528656,0.2510937421855071,0.051189552675403725
2026-03-17,185735.0,14701.737295362977,0.07915437206430116,35926.968004028495,0.2504746320734487,0.0477548157363034
2026-03-18,187048.33333333334,14922.637249842,0.07977957880677186,36313.162785835,0.2511167958081808,0.049328860794864905
2026-03-19,188421.66666666666,14157.079345465994,0.07513509245468583,36509.14676834763,0.25059091152210416,0.04850590798628805
2026-03-20,189781.66666666666,13114.834943445509,0.06910485703806396,36573.25418045615,0.24908947566998776,0.04851573892865608
2026-03-23,190445.0,12373.758810000785,0.06497287306046777,36471.64566588634,0.24679689853759873,0.049790609043962784
2026-03-24,191241.66666666666,11468.586739468617,0.05996907964339336,36342.86622012043,0.2442378685800463,0.04983731456859373
2026-03-25,191948.33333333334,10594.172067732106,0.05519283175715048,36154.63423655346,0.24130616268111857,0.04983818745238339
2026-03-26,191998.33333333334,10532.360596359662,0.05485652095778433,35908.694449653674,0.23826000254118082,0.04945804308926637
2026-03-27,191948.33333333334,10588.800153807177,0.055164845507769504,35536.605856569644,0.23432445798895654,0.04938690794107654
2026-03-30,191638.33333333334,10912.258169253484,0.05694193838699712,35141.84986216956,0.2303779327531766,0.04928327235405883
2026-03-31,190976.1111111111,11768.484835051975,0.061622811180844485,34712.253230588554,0.22644169106316603,0.05012087179960645
2026-04-01,191011.66666666666,11762.45988914,0.06157979821026639,34498.72124862308,0.22364170711402026,0.055403249646819606
2026-04-02,190625.0,11985.413188968254,0.0628742986962269,34162.26848461496,0.22027225312829346,0.056486862439649475
2026-04-03,190495.0,12012.42424354243,0.06305900020232777,33816.15205527017,0.21671000825798498,0.05707863277996786
2026-04-06,190498.33333333334,12013.157178787273,0.06306174426086285,33520.25588069176,0.21341117338904786,0.05741267325667658
2026-04-07,190381.66666666666,11934.43643363419,0.06268689965053108,33281.102449807615,0.21050221869541616,0.05711911639944402
2026-04-08,190615.0,12263.6493274855,0.06433727318146788,33238.40971150313,0.2086776610210656,0.05843450066440648
2026-04-09,190148.33333333334,11423.210516562172,0.06007525975280091,33061.3973352267,0.20614414101026748,0.057283556997527546
2026-04-10,189798.33333333334,10727.651053533871,0.05652131325459762,32937.70177929549,0.20399352868444334,0.05731725165911061
2026-04-13,189816.66666666666,10746.934874435217,0.05661744599755142,32727.189900775622,0.201421504795074,0.055716546671482826
2026-04-14,190196.66666666666,11134.738537514027,0.05854328959943582,32538.84529579149,0.19892782456975788,0.055682394267931215
2026-04-15,191490.0,11225.29010453554,0.05862076403224993,32373.275437415155,0.19654048658747497,0.05035127530187835
2026-04-16,192353.33333333334,12188.681389836112,0.0633661043383848,32261.10042294444,0.19441424866183224,0.046936159320806095
2026-04-17,193280.0,12898.152768033668,0.06673299238428015,32108.364349082978,0.19211610332724813,0.04680021301283058
2026-04-20,194646.66666666666,12902.171250934998,0.06628508708566805,31796.308232692572,0.18887150632564198,0.04397673013741119
2026-04-21,195683.33333333334,13573.353290185052,0.06936386997794933,31462.17908630702,0.18546438980374333,0.04188510579078045
2026-04-22,196600.0,14094.875566720213,0.07169316158046904,31165.307527094206,0.18240496822818708,0.04192484645731178
2026-04-23,197820.0,14878.088494202675,0.07521023402185156,30934.454164117516,0.17968780857039626,0.04210263928704993
2026-04-24,199020.0,15132.891785546137,0.07603704042581719,30525.29079758423,0.176025076200405,0.04207474029034208
2026-04-27,200213.33333333334,15692.228107838975,0.07837753783217388,30249.28587388595,0.17316861383280868,0.041988682340045026
2026-04-28,201150.0,16134.793203635536,0.08021274274738024,29896.50168053126,0.16995446830100264,0.0418990026472628
2026-04-29,201733.33333333334,16715.57880279917,0.08285977595571299,29549.14220824982,0.16676947573745562,0.0399796954922865
2026-04-30,202400.0,17059.9753405635,0.08428841571424653,29120.950158601456,0.1632630053462486,0.03954234494382812
2026-05-01,203203.33333333334,17476.180505402663,0.08600341450469642,28760.814613652263,0.1601812734328221,0.03955096332816446
2026-05-04,204743.33333333334,17964.057665684446,0.08773940217353977,28575.714968395463,0.1580452075817763,0.03764759602999077
2026-05-05,206728.33333333334,19471.330309532834,0.0941880099141361,28730.378094763888,0.1576474837537343,0.039289649502993615
2026-05-06,209295.0,21968.67028606587,0.10496509847853924,29358.901853557283,0.1597016562768424,0.040503122090911156
2026-05-07,212341.66666666666,24022.044772612775,0.11312920892875214,30125.981089073248,0.16244215767783984,0.038927116221188204
2026-05-08,215301.66666666666,25298.311526501024,0.11750169851526629,30759.762698180264,0.16447995929180054,0.03908583493738914
2026-05-11,218941.66666666666,27272.14090496324,0.12456350278215615,32024.312315424155,0.16975516732268303,0.0395389544193022
2026-05-12,222668.33333333334,27594.653665510614,0.12392715772566348,32969.93975715505,0.17333745622562327,0.03808581940820741
2026-05-13,225815.0,29038.319362167767,0.12859340328219016,34001.51827042512,0.17728001137427937,0.03209395260475976
2026-05-14,229735.0,30325.96233228628,0.13200410182291022,35262.84133158373,0.18219715019648516,0.02922702460929799
2026-05-15,232545.0,30057.337018116305,0.12925385202053927,35699.14227332508,0.18306939508722114,0.034717426222763935
2026-05-18,235475.0,30362.34836562871,0.1289408572698958,36325.01468183289,0.18478176184060816,0.034759100850999695
2026-05-19,238108.33333333334,30291.236024384856,0.12721619441172374,36715.36566826927,0.18532298266691907,0.035237351731648915
2026-05-20,240291.66666666666,30591.727762112372,0.1273108143385984,37098.76759144316,0.18584384386315808,0.03354618840622937
2026-05-21,243475.0,31636.019274193975,0.12993539079656627,38085.296804791105,0.1891476358416263,0.03516453955052482
2026-05-22,246358.33333333334,32041.977002516796,0.1300624848730513,38863.222427227156,0.19149370765607157,0.03578764424261161
2026-05-25,249570.83333333334,32168.5633671932,0.12889552411850957,39692.065666288654,0.19400495074726815,0.035132481151754
2026-05-26,252654.16666666666,32330.521025785813,0.1279635378760261,40410.56929275848,0.19588070001754512,0.03505784973498738
2026-05-27,255854.16666666666,32812.852351692156,0.12824826259109384,41323.09911752982,0.19861914402133463,0.03511292229698021
2026-05-28,258587.5,32922.897617007,0.1273182099560381,41999.195032153344,0.2002942237002842,0.035584522294128014
2026-05-29,261954.16666666666,33575.38615289504,0.1281727509057693,43042.63644936726,0.20349230793782316,0.03639077626609134
2026-06-01,266437.5,35918.471349037754,0.13481012000577153,44950.266039888105,0.2103354633781599,0.039221806557621676
2026-06-02,271154.1666666667,38660.320076526266,0.1425768984182784,47165.44346771433,0.21841836367699946,0.03932591855246462
2026-06-03,275770.8333333333,40268.335983775345,0.14602101134858478,49072.410420697866,0.22500789997403278,0.039456562779907334
2026-06-04,280004.1666666667,41353.48152968928,0.1476888077130612,50660.847229645755,0.23005494709859658,0.03969665235056841
2026-06-05,283654.1666666667,40655.56122800768,0.14332791830900074,51535.33353389667,0.23205316393062694,0.04185699700462928
2026-06-08,286020.8333333333,39131.2733669121,0.13681266819227772,51537.222831237144,0.23038915865931095,0.0472614953785851
2026-06-09,289354.1666666667,37723.55895383664,0.13037157677184524,52213.03981090517,0.23163272279070224,0.04910706773027227
2026-06-10,291904.1666666667,35831.467389935366,0.1227507911212939,52489.21175122756,0.23133673060677676,0.050954215712493846
2026-06-11,294520.8333333333,33207.45403658435,0.11275078119516509,52533.4102485039,0.22995835038030138,0.050706651810415844
2026-06-12,297820.8333333333,30733.27417511671,0.10319383580771452,52924.29270670421,0.22983719948337528,0.05209905448684814
2026-06-15,301304.1666666667,28944.46382903785,0.09606393482456935,53661.05607914016,0.23113410156953662,0.052186658290800374
2026-06-16,304429.1666666667,28181.44113209106,0.09257142290491567,54443.84673811615,0.23253378985265755,0.05107360807777674
2026-06-17,307112.5,28228.59942382792,0.09191615262754828,55250.11820689337,0.23399306791997915,0.05003020744331885
2026-06-18,310145.8333333333,29144.262228322677,0.09396954302139374,56485.78630403452,0.23717385426877402,0.050429643720029955
2026-06-19,312995.8333333333,29111.788170574604,0.09301014604744347,57456.31822370152,0.23931961379543498,0.050660696616304984
2026-06-22,315262.5,29541.21809963573,0.09370355846202999,58385.726584004304,0.2413156845348859,0.04971914175484568
2026-06-23,316295.8333333333,28760.914032861467,0.09093042336271097,58525.20845321154,0.2405342336967007,0.05556959875484972
2026-06-24,318179.1666666667,28421.050724445584,0.08932404664388434,59116.20391226746,0.24128871322354908,0.057928335180764005
2026-06-25,320262.5,29023.518072297888,0.09062415384972604,60016.07467839994,0.24310390790881972,0.05817039312032029
2026-06-26,322562.5,27645.3203856283,0.08570531411936694,60492.35586980956,0.2433965385167414,0.05647160750627859
2026-06-29,323962.5,26508.032899284553,0.08182438677095205,60703.11567178989,0.2428332384197799,0.05711091385021173
2026-06-30,325912.5,24924.479683634243,0.07647598568215162,61105.49871011827,0.2429956106062146,0.05715366290503618
2026-07-01,327195.8333333333,23197.23534669122,0.07089709887307415,61246.491352152945,0.2423675875708876,0.058431437937679874
2026-07-02,326745.8333333333,23874.09691678095,0.0730662627683014,61233.03428883595,0.24159199362569436,0.05926465204960747
2026-07-03,327312.5,23226.182414870957,0.07096026706853835,61386.88612271539,0.24121558067917545,0.060883597139380165
2026-07-06,328000.0,22606.45315253647,0.06892211326992825,61474.65555806761,0.2403270403468949,0.06100166246218557
2026-07-07,327900.0,22745.36709173598,0.0693667797857151,61275.04141025321,0.23850136293172086,0.062469693763851586
2026-07-08,326916.6666666667,24266.865210124117,0.07422951377045357,60641.295010103495,0.23496459745625406,0.0633280001715582
2026-07-09,326200.0,25395.69607847441,0.07785314555019746,60259.616677136575,0.2326204495728377,0.06320447780726157
2026-07-10,325133.3333333333,26445.758845596327,0.08133819616238362,59843.32189024483,0.2300582298349617,0.06243631561981989
2026-07-13,321983.3333333333,29008.76304383265,0.0900939894730555,59130.793662262964,0.22653523608985035,0.06260636676568641
2026-07-14,318733.3333333333,29989.86418813676,0.09409076821210027,58614.955840150986,0.2238434270456659,0.06261666185039469
2026-07-15,316183.3333333333,29964.19798558674,0.09476842966291732,58139.44062023203,0.2211874963491573,0.06395388735995622
2026-07-16,312966.6666666667,31196.52205784563,0.09968001509589614,57595.179874465735,0.21849714531347486,0.0657541124740405
2026-07-17,310408.3333333333,32934.92037162015,0.10610192071181558,56973.47476277752,0.21551405344126567,0.06491570877146119
2026-07-20,308691.6666666667,35015.248115279945,0.11343114147972878,56444.062059492215,0.2130163331947865,0.06239762916851502
2026-07-21,306591.6666666667,36063.07234251559,0.1176257421951529,55937.85480850428,0.21053122774929342,0.06123336228262727
2026-07-22,305191.6666666667,37029.676084452105,0.12133252683106933,55607.99599477428,0.20883562461851712,0.06037307943747256
2026-07-23,304225.0,37571.44630681804,0.12349887848407606,55165.10896068927,0.20657328540733988,0.060812819301665495
2026-07-24,301791.6666666667,38694.20807440891,0.12821496531627968,54725.83075557799,0.20450206068440435,0.06043234139519894
2026-07-27,299025.0,39055.57214428111,0.13060972207768953,54056.899180555614,0.2014361408962135,0.05983480792417182
2026-07-28,294925.0,40701.45458300379,0.1380061187861449,53654.37116997987,0.19968565687747794,0.06439553341550676
2026-07-29,290325.0,42432.96691293681,0.14615677917140038,53367.540534716594,0.19845812782322492,0.06459693565322797
2026-07-30,285141.6666666667,42808.29778437016,0.1501299276419446,52938.160565163154,0.19664282600263872,0.06356099500887398
2026-07-31,282091.6666666667,40952.478943393704,0.14517436628776828,52077.599954843376,0.19278737462292925,0.07889372929207973
2026-08-03,278291.6666666667,39355.91810934913,0.14141967878789924,51217.16089959258,0.1891104869650955,0.08026619707149577
2026-08-04,275958.3333333333,39486.03437823873,0.14308694323988064,50125.317736950405,0.1845279191712724,0.07711794169324346
2026-08-05,272808.3333333333,37897.07495612024,0.13891465298391512,49435.934658238286,0.1815711925155896,0.07495564928958738
2026-08-06,268541.6666666667,35012.44134376359,0.13037992121804903,48622.761575973134,0.17820562615462637,0.07463335285562425
2026-08-07,264925.0,32974.46438873647,0.12446716764645267,47950.420914426635,0.175421416521028,0.07430916975379846
2026-08-10,261825.0,31672.29494749775,0.12096742078677647,47411.31005284354,0.17318936412965477,0.07399183829218675
2026-08-11,258675.0,28817.1367538409,0.11140286751267382,46837.23595322794,0.17079423787813497,0.07414853348021981
2026-08-12,256708.33333333334,26819.96838221294,0.10447642284906843,46387.26805957085,0.16884555654193742,0.07479943043545903
2026-08-13,256108.33333333334,26339.10847119516,0.1028436214018618,45777.31870362662,0.16619521814153543,0.07353385071775247
2026-08-14,254941.66666666666,24611.08554308625,0.09653614438500148,45175.25350003063,0.16355746564297774,0.07211317771592568
2026-08-17,253341.66666666666,21766.044749170724,0.08591577151740032,44464.53441707065,0.16053868879239627,0.0719040887538693
2026-08-18,252425.0,20446.64524375703,0.08100087251166496,43836.30743619913,0.15787780483737274,0.07080877626934284
2026-08-19,251425.0,19904.421402774424,0.07916643692065,43379.12718674344,0.15600339435911473,0.07137818518648723
2026-08-20,251191.66666666666,19621.162411226567,0.07811231428017079,42903.81123140801,0.15396488193293179,0.073435381782366
2026-08-21,251075.0,19422.60836028868,0.07735779492298588,42381.32824544563,0.15169371659593084,0.07363308569909968
2026-08-24,251158.33333333334,19443.162450894357,0.07741396509862049,41884.06881413842,0.1496609389931447,0.07256736996548871
2026-08-25,250958.33333333334,19347.77935815551,0.07709558435924492,41452.98017026967,0.14789743325220223,0.07230700160590015
2026-08-26,250358.33333333334,18700.415279054898,0.07469459885785666,40960.7635032546,0.14588681814619137,0.07146004701918475
2026-08-27,250725.0,18901.32612570502,0.07538668312176697,40551.73194665272,0.1441931926572568,0.06949397955943006
2026-08-28,250883.33333333334,18934.407347712517,0.07547096531340935,40100.457134240336,0.1423776136372304,0.06977007040526054
2026-08-31,251416.66666666666,18959.15907005351,0.07540931681824399,39704.64676973123,0.14077512630659467,0.06949922328617905
2026-09-01,251483.33333333334,18990.234937683625,0.07551289656445208,39252.222502220306,0.13895753431505398,0.06864753854284847
2026-09-02,251150.0,18914.120796832074,0.07531005692547113,38939.85970199431,0.13771901318621224,0.06904911963539861
2026-09-03,250483.33333333334,18576.256319573356,0.07416164609584146,38532.0150634113,0.13611878834068217,0.0686922855023715
2026-09-04,250683.33333333334,18597.59130368137,0.0741875858135019,38121.549213469414,0.13449983306642285,0.06727639405529971
2026-09-07,251216.66666666666,18922.566045519317,0.07532368889611617,37761.850279512895,0.13303517720835775,0.06794500261072088
2026-09-08,252866.66666666666,18252.9796024575,0.07218420617897772,37613.418812102085,0.13240729635175497,0.062140705049414394
2026-09-09,254900.0,16448.66622828635,0.06452987927927167,37596.327824279266,0.13232901693617585,0.06110410544375583
2026-09-10,256966.66666666666,13924.013822151011,0.05418607013419774,37606.67331379964,0.13237837297136387,0.061064194444862385
2026-09-11,256866.66666666666,13893.643630568822,0.05408893186050671,37660.507750467,0.13261455565555774,0.0436644690487679
2026-09-14,257183.33333333334,13589.095104054522,0.052838163841829516,37840.10773651583,0.1334375447297756,0.04091306911406903
